Identifier,Title,Start date,End date,Number of deaths,Year,Month,State,Region,BanditScore,TravelRiskScore,RouteAlert,RainfallLevel,FloodRisk,WeatherRiskScore,CombinedRiskScore,CombinedAlert
IBD031681,"Food Poisoning, Imo",2025-04-18,2025-04-18,1,2024,1,Imo,South East,0,0,Safe,59,Moderate,3,3,Low Risk
IBD032064,"Gunmen Kill Man, Benue",2025-03-31,2025-03-31,1,2024,1,Benue,North Central,1,5,Caution,38,Low,1,7,Moderate Risk
IBD032058,"Auto Crash, Lagos",2025-03-31,2025-03-31,1,2024,1,Lagos,South West,0,0,Safe,85,High,5,5,Moderate Risk
IBD032066,"Stray Bullets, Sokoto",2025-03-31,2025-03-31,1,2024,1,Sokoto,North West,0,0,Safe,43,Low,1,1,Low Risk
IBD032062,"Lightening Kills Herder, Kaduna",2025-03-30,2025-03-30,1,2024,1,Kaduna,North West,0,0,Safe,40,Low,1,1,Low Risk
IBD032049,"Auto Crash, Katsina",2025-03-30,2025-03-30,9,2024,1,Katsina,North West,0,3,Safe,45,Low,1,4,Moderate Risk
IBD032065,"Sallah Day Celebration Clash, Plateau",2025-03-30,2025-03-30,4,2024,1,Plateau,North Central,0,3,Safe,24,Low,1,4,Moderate Risk
IBD032054,"Auto Crash, Abia",2025-03-30,2025-03-30,1,2024,1,Abia,South East,0,0,Safe,69,Moderate,3,3,Low Risk
IBD032048,"Gas Explosion, Delta",2025-03-30,2025-03-30,2,2024,1,Delta,South South,0,0,Safe,90,High,5,5,Moderate Risk
IBD032061,"Auto Crash, Ogun",2025-03-30,2025-03-30,1,2024,1,Ogun,South West,0,0,Safe,71,Moderate,3,3,Low Risk
IBD032052,"Stampede, Gombe",2025-03-30,2025-03-30,2,2024,1,Gombe,North East,0,0,Safe,14,Low,1,1,Low Risk
IBD032063,"Fishing Activities, Kogi",2025-03-30,2025-03-30,2,2024,1,Kogi,North Central,0,0,Safe,30,Low,1,1,Low Risk
IBD032057,"Herdsmen Kill Graduate, FCT (Abuja)",2025-03-29,2025-03-29,1,2024,1,FCT,North Central,1,5,Caution,16,Low,1,7,Moderate Risk
IBD032060,"Labourer Kills Employer, Ondo",2025-03-29,2025-03-29,1,2024,1,Ondo,South West,0,0,Safe,75,Moderate,3,3,Low Risk
IBD032050,"Auto Crash, Lagos",2025-03-29,2025-03-29,1,2024,1,Lagos,South West,0,0,Safe,80,High,5,5,Moderate Risk
IBD032059,"Extrajudicial Killing, Delta",2025-03-29,2025-03-29,1,2024,1,Delta,South South,0,0,Safe,97,High,5,5,Moderate Risk
IBD032046,"Security Forces vs Shiites Members, FCT (Abuja)",2025-03-28,2025-03-28,6,2024,1,FCT,North Central,0,3,Safe,26,Low,1,4,Moderate Risk
IBD032056,"Pirates vs Fashion Designer, Rivers (Offshore)",2025-03-28,2025-03-28,1,2024,1,Rivers,South South,0,0,Safe,92,High,5,5,Moderate Risk
IBD032042,"Gas Explosion, Abia",2025-03-27,2025-03-27,2,2024,1,Abia,South East,0,0,Safe,52,Moderate,3,3,Low Risk
IBD032051,"Gunmen Attack, Plateau",2025-03-27,2025-03-27,52,2024,1,Plateau,North Central,2,10,Avoid Route,37,Low,1,13,Extreme Danger
IBD032028,"Auto Crash, Kano",2025-03-26,2025-03-26,2,2024,1,Kano,North West,0,0,Safe,18,Low,1,1,Low Risk
IBD032027,"Lakurawa vs Customs Officers, Kebbi",2025-03-26,2025-03-26,2,2024,1,Kebbi,North West,0,0,Safe,41,Low,1,1,Low Risk
IBD032045,"Domestic Violence, Sokoto",2025-03-26,2025-03-26,1,2024,1,Sokoto,North West,0,0,Safe,40,Low,1,1,Low Risk
IBD032037,"Domestic Violence, Edo",2025-03-26,2025-03-26,1,2024,1,Edo,South South,0,0,Safe,67,Moderate,3,3,Low Risk
IBD032033,"Taskforce Raid, FCT (Abuja)",2025-03-26,2025-03-26,2,2024,1,FCT,North Central,0,0,Safe,13,Low,1,1,Low Risk
IBD032032,"Chieftaincy Tussle, Ondo",2025-03-26,2025-03-26,1,2024,1,Ondo,South West,0,0,Safe,56,Moderate,3,3,Low Risk
IBD032039,"Domestic Violence, Lagos",2025-03-26,2025-03-26,1,2024,1,Lagos,South West,0,0,Safe,88,High,5,5,Moderate Risk
IBD032044,"Domestic Violence, Ekiti",2025-03-25,2025-03-25,2,2024,1,Ekiti,South West,0,0,Safe,34,Low,1,1,Low Risk
IBD032030,"Rainstorm, Cross River",2025-03-25,2025-03-25,3,2024,1,Cross River,South South,0,3,Safe,100,High,5,8,High Risk
IBD032025,"Auto Crash, Abia",2025-03-25,2025-03-25,2,2024,1,Abia,South East,0,0,Safe,66,Moderate,3,3,Low Risk
IBD032034,"Gunmen vs Land Agent, Delta",2025-03-25,2025-03-25,1,2024,1,Delta,South South,1,5,Caution,80,High,5,11,High Risk
IBD032041,"Pipeline Vandal, Rivers",2025-03-25,2025-03-25,1,2024,1,Rivers,South South,0,0,Safe,83,High,5,5,Moderate Risk
IBD032020,"Troops vs Armed Robber, Plateau",2025-03-24,2025-03-24,1,2024,1,Plateau,North Central,0,0,Safe,10,Low,1,1,Low Risk
IBD032019,"Troops Kill Bandit, Plateau",2025-03-24,2025-03-24,1,2024,1,Plateau,North Central,1,5,Caution,46,Low,1,7,Moderate Risk
IBD032014,"Kidnapper, Anambra",2025-03-24,2025-03-24,1,2024,1,Anambra,South East,1,5,Caution,75,Moderate,3,9,High Risk
IBD032026,"Ritual Killing, Rivers",2025-03-24,2025-03-24,2,2024,1,Rivers,South South,0,0,Safe,85,High,5,5,Moderate Risk
IBD032017,"Army vs Boko Haram, Borno",2025-03-24,2025-03-24,8,2024,1,Borno,North East,0,3,Safe,11,Low,1,4,Moderate Risk
IBD032009,"Jailbreak, Kogi",2025-03-24,2025-03-24,1,2024,1,Kogi,North Central,0,0,Safe,25,Low,1,1,Low Risk
IBD032055,"Auto Crash, Lagos",2025-03-24,2025-03-24,1,2024,1,Lagos,South West,0,0,Safe,97,High,5,5,Moderate Risk
IBD032012,"Gunmen vs Police, Enugu",2025-03-24,2025-03-24,1,2024,1,Enugu,South East,1,5,Caution,66,Moderate,3,9,High Risk
IBD032016,"Army vs Boko Haram, Borno",2025-03-24,2025-03-24,3,2024,1,Borno,North East,0,3,Safe,21,Low,1,4,Moderate Risk
IBD031984,"Extrajudicial Killing, Cross River",2025-03-23,2025-03-23,2,2024,1,Cross River,South South,0,0,Safe,89,High,5,5,Moderate Risk
IBD032006,"Assailants vs Motorcycle Rider, Bauchi",2025-03-23,2025-03-23,1,2024,1,Bauchi,North East,0,0,Safe,12,Low,1,1,Low Risk
IBD032018,"Hunter Killed, Ogun",2025-03-23,2025-03-23,1,2024,1,Ogun,South West,0,0,Safe,69,Moderate,3,3,Low Risk
IBD032007,"Gunmen Attack, Plateau",2025-03-23,2025-03-23,3,2024,1,Plateau,North Central,2,8,Avoid Route,20,Low,1,11,High Risk
IBD032008,"Auto Crash, Osun",2025-03-23,2025-03-23,8,2024,1,Osun,South West,0,3,Safe,41,Low,1,4,Moderate Risk
IBD032010,"Bandits Kill 2, Kogi",2025-03-23,2025-03-23,2,2024,1,Kogi,North Central,1,5,Caution,25,Low,1,7,Moderate Risk
IBD031983,"Bandits Attack, Sokoto",2025-03-22,2025-03-22,1,2024,1,Sokoto,North West,2,5,Caution,18,Low,1,8,High Risk
IBD031989,"Bandits vs Security Operatives, Zamfara",2025-03-22,2025-03-22,10,2024,1,Zamfara,North West,1,10,Avoid Route,16,Low,1,12,Extreme Danger
IBD031985,"Kidnappers Kill 1, Benue",2025-03-22,2025-03-22,1,2024,1,Benue,North Central,1,5,Caution,31,Low,1,7,Moderate Risk
IBD032035,"Kidnap Victims, Kaduna",2025-03-22,2025-03-22,3,2024,1,Kaduna,North West,1,8,Avoid Route,19,Low,1,10,High Risk
IBD031987,"Herdsmen Attack, Edo",2025-03-22,2025-03-22,1,2024,1,Edo,South South,2,5,Caution,53,Moderate,3,10,High Risk
IBD031995,"Herders Kill Farmer, FCT (Abuja)",2025-03-22,2025-03-22,1,2024,1,FCT,North Central,0,0,Safe,44,Low,1,1,Low Risk
IBD031990,"Assailants vs Security Man, Bauchi",2025-03-22,2025-03-22,1,2024,1,Bauchi,North East,0,0,Safe,11,Low,1,1,Low Risk
IBD032011,"POS Operator, Adamawa",2025-03-22,2025-03-22,1,2024,1,Adamawa,North East,0,0,Safe,48,Low,1,1,Low Risk
IBD032021,"Generator Fume Kill 2, Rivers",2025-03-22,2025-03-22,2,2024,1,Rivers,South South,0,0,Safe,83,High,5,5,Moderate Risk
IBD031992,"Communal Clash, Osun",2025-03-21,2025-03-21,2,2024,1,Osun,South West,0,0,Safe,22,Low,1,1,Low Risk
IBD031996,"Hoodlums vs Worshippers, Kaduna",2025-03-21,2025-03-21,1,2024,1,Kaduna,North West,0,0,Safe,18,Low,1,1,Low Risk
IBD032040,"Man Dies in Hotel, Delta",2025-03-21,2025-03-21,1,2024,1,Delta,South South,0,0,Safe,87,High,5,5,Moderate Risk
IBD032038,"Domestic Violence, Edo",2025-03-21,2025-03-21,1,2024,1,Edo,South South,0,0,Safe,70,Moderate,3,3,Low Risk
IBD032031,Police vs Kidnappers. Delta,2025-03-21,2025-03-21,5,2024,1,Delta,South South,1,8,Avoid Route,92,High,5,14,Extreme Danger
IBD031986,"Gunmen Attack, Anambra",2025-03-20,2025-03-20,3,2024,1,Anambra,South East,2,8,Avoid Route,72,Moderate,3,13,Extreme Danger
IBD032004,"Security Force vs Lakurawa, Kebbi",2025-03-20,2025-03-20,2,2024,1,Kebbi,North West,0,0,Safe,36,Low,1,1,Low Risk
IBD032047,"Northern Hunters, Edo",2025-03-20,2025-03-20,16,2024,1,Edo,South South,0,5,Caution,60,Moderate,3,8,High Risk
IBD031981,"Miyetti Allah Chairman, Plateau",2025-03-20,2025-03-20,1,2024,1,Plateau,North Central,0,0,Safe,45,Low,1,1,Low Risk
IBD032013,"Kidnap Victim, Bauchi",2025-03-20,2025-03-20,1,2024,1,Bauchi,North East,1,5,Caution,12,Low,1,7,Moderate Risk
IBD031980,"Herdsmen Attack, Benue",2025-03-19,2025-03-19,5,2024,1,Benue,North Central,2,8,Avoid Route,26,Low,1,11,High Risk
IBD031982,"Rape Victim, Delta",2025-03-19,2025-03-19,1,2024,1,Delta,South South,0,0,Safe,93,High,5,5,Moderate Risk
IBD032002,"Inferno, Yobe",2025-03-19,2025-03-19,1,2024,1,Yobe,North East,0,0,Safe,48,Low,1,1,Low Risk
IBD031994,"Banditary, Katsina",2025-03-19,2025-03-19,10,2024,1,Katsina,North West,1,10,Avoid Route,31,Low,1,12,Extreme Danger
IBD031971,"Domestic Violence, Lagos",2025-03-19,2025-03-19,1,2024,1,Lagos,South West,0,0,Safe,94,High,5,5,Moderate Risk
IBD031979,"Assailants vs Security Guard, Ebonyi",2025-03-19,2025-03-19,1,2024,1,Ebonyi,South East,0,0,Safe,28,Low,1,1,Low Risk
IBD031972,"Explosion/Auto Crash, FCT (Abuja)",2025-03-19,2025-03-19,10,2024,1,FCT,North Central,0,5,Caution,49,Low,1,6,Moderate Risk
IBD031975,"Herders vs Farmers, Ondo",2025-03-19,2025-03-19,10,2024,1,Ondo,South West,0,5,Caution,53,Moderate,3,8,High Risk
IBD031970,"Auto Crash, Rivers",2025-03-18,2025-03-18,1,2024,1,Rivers,South South,0,0,Safe,100,High,5,5,Moderate Risk
IBD031993,"NAF vs Boko Haram, Borno",2025-03-18,2025-03-18,25,2024,1,Borno,North East,0,5,Caution,49,Low,1,6,Moderate Risk
IBD031978,"Rainstorm Kill 1, Ogun",2025-03-18,2025-03-18,1,2024,1,Ogun,South West,0,0,Safe,76,Moderate,3,3,Low Risk
IBD031974,"Army vs Terrorist, Zamfara",2025-03-18,2025-03-18,7,2024,1,Zamfara,North West,1,8,Avoid Route,43,Low,1,10,High Risk
IBD031977,Police vs Gunmen Benue,2025-03-18,2025-03-19,12,2024,1,Benue,North Central,1,10,Avoid Route,28,Low,1,12,Extreme Danger
IBD031969,"Communal Clash, Ebonyi",2025-03-17,2025-03-17,2,2024,1,Ebonyi,South East,0,0,Safe,19,Low,1,1,Low Risk
IBD031973,"Army vs Terrorist, Katsina",2025-03-17,2025-03-17,3,2024,1,Katsina,North West,1,8,Avoid Route,30,Low,1,10,High Risk
IBD031991,"NAF vs Boko Haram, Borno",2025-03-17,2025-03-17,10,2024,1,Borno,North East,0,5,Caution,14,Low,1,6,Moderate Risk
IBD031988,"Lawyer vs Student, Imo",2025-03-17,2025-03-17,1,2024,1,Imo,South East,0,0,Safe,74,Moderate,3,3,Low Risk
IBD032003,"Electrocution, Lagos",2025-03-17,2025-03-17,1,2024,1,Lagos,South West,0,0,Safe,94,High,5,5,Moderate Risk
IBD031976,"Herdsmen Attack, Benue",2025-03-17,2025-03-17,2,2024,1,Benue,North Central,2,5,Caution,18,Low,1,8,High Risk
IBD032036,"NAF vs Terrorists, Borno",2025-03-16,2025-03-16,40,2024,1,Borno,North East,1,10,Avoid Route,44,Low,1,12,Extreme Danger
IBD032005,"Explosion, Rivers",2025-03-16,2025-03-16,1,2024,1,Rivers,South South,0,0,Safe,87,High,5,5,Moderate Risk
IBD031955,"Auto Crash, Imo",2025-03-16,2025-03-16,7,2024,1,Imo,South East,0,3,Safe,60,Moderate,3,6,Moderate Risk
IBD031997,"Boy Suffocates, Lagos",2025-03-16,2025-03-16,1,2024,1,Lagos,South West,0,0,Safe,80,High,5,5,Moderate Risk
IBD032015,"Domestic Violence, Edo",2025-03-16,2025-03-16,2,2024,1,Edo,South South,0,0,Safe,52,Moderate,3,3,Low Risk
IBD031952,"Armed Robbers vs Watchman, Katsina",2025-03-16,2025-03-16,1,2024,1,Katsina,North West,0,0,Safe,49,Low,1,1,Low Risk
IBD032023,"Auto Crash, Kaduna",2025-03-16,2025-03-16,2,2024,1,Kaduna,North West,0,0,Safe,11,Low,1,1,Low Risk
IBD031959,"Gunmen vs Fulani Leader, Kwara",2025-03-16,2025-03-16,1,2024,1,Kwara,North Central,1,5,Caution,12,Low,1,7,Moderate Risk
IBD015011,"Mob Attack, Lagos",2025-03-15,2025-03-15,1,2024,1,Lagos,South West,1,5,Caution,85,High,5,11,High Risk
IBD031949,"Auto Crash, Anambra",2025-03-15,2025-03-15,6,2024,1,Anambra,South East,0,3,Safe,50,Moderate,3,6,Moderate Risk
IBD031958,"Assailants vs Bride, Jigawa",2025-03-15,2025-03-15,1,2024,1,Jigawa,North West,0,0,Safe,41,Low,1,1,Low Risk
IBD031950,"Army vs Bandits, Katsina",2025-03-15,2025-03-15,12,2024,1,Katsina,North West,1,10,Avoid Route,35,Low,1,12,Extreme Danger
IBD031953,"Army vs Bandits, Katsina",2025-03-15,2025-03-15,12,2024,1,Katsina,North West,1,10,Avoid Route,10,Low,1,12,Extreme Danger
IBD032022,"Mob vs Armed Robber, Lagos",2025-03-15,2025-03-15,1,2024,1,Lagos,South West,0,0,Safe,93,High,5,5,Moderate Risk
IBD031942,"Communal Clash, Cross River",2025-03-15,2025-03-15,2,2024,1,Cross River,South South,0,0,Safe,94,High,5,5,Moderate Risk
IBD031965,"Cult Clash, Ogun",2025-03-15,2025-03-15,4,2024,1,Ogun,South West,0,3,Safe,69,Moderate,3,6,Moderate Risk
IBD031945,"Police vs Kidnappers, Abia",2025-03-14,2025-03-14,6,2024,1,Abia,South East,1,8,Avoid Route,77,Moderate,3,12,Extreme Danger
IBD031967,"Gunmen vs Herders, Enugu",2025-03-14,2025-03-14,5,2024,1,Enugu,South East,1,8,Avoid Route,70,Moderate,3,12,Extreme Danger
IBD031946,"Police vs Kidnapper, Nasarawa",2025-03-14,2025-03-14,1,2024,1,Nasarawa,North Central,1,5,Caution,36,Low,1,7,Moderate Risk
IBD031948,"Drowns, Rivers",2025-03-14,2025-03-14,1,2024,1,Rivers,South South,0,0,Safe,98,High,5,5,Moderate Risk
IBD031968,"Domestic Violence, Abia",2025-03-14,2025-03-14,1,2024,1,Abia,South East,0,0,Safe,51,Moderate,3,3,Low Risk
IBD031943,"NAF vs Bandit, Katsina",2025-03-13,2025-03-13,22,2024,1,Katsina,North West,1,10,Avoid Route,13,Low,1,12,Extreme Danger
IBD031944,"Catholic Seminarian, Edo",2025-03-13,2025-03-13,1,2024,1,Edo,South South,0,0,Safe,76,Moderate,3,3,Low Risk
IBD031956,"Farmer, Benue",2025-03-12,2025-03-12,1,2024,1,Benue,North Central,0,0,Safe,40,Low,1,1,Low Risk
IBD031947,"Soldiers vs Kidnappers, Plateau",2025-03-12,2025-03-12,2,2024,1,Plateau,North Central,1,5,Caution,22,Low,1,7,Moderate Risk
IBD031938,"Auto Crash, Edo",2025-03-12,2025-03-12,1,2024,1,Edo,South South,0,0,Safe,51,Moderate,3,3,Low Risk
IBD031954,"Vigilantes, FCT (Abuja)",2025-03-11,2025-03-11,2,2024,1,FCT,North Central,0,0,Safe,43,Low,1,1,Low Risk
IBD032024,"Kidnappers vs Village Head, Kaduna",2025-03-11,2025-03-11,1,2024,1,Kaduna,North West,1,5,Caution,28,Low,1,7,Moderate Risk
IBD031929,"Auto Crash/Explosion, Lagos",2025-03-11,2025-03-11,3,2024,1,Lagos,South West,0,3,Safe,86,High,5,8,High Risk
IBD031928,"Herders Attack, Benue",2025-03-11,2025-03-11,4,2024,1,Benue,North Central,1,8,Avoid Route,12,Low,1,10,High Risk
IBD031937,"Army vs Terrorist, Kaduna",2025-03-11,2025-03-11,3,2024,1,Kaduna,North West,1,8,Avoid Route,11,Low,1,10,High Risk
IBD031957,"Bandits vs Worshippers, Nasarawa",2025-03-10,2025-03-10,3,2024,1,Nasarawa,North Central,1,8,Avoid Route,17,Low,1,10,High Risk
IBD031909,"Domestic Violence, Akwa Ibom",2025-03-10,2025-03-10,1,2024,1,Akwa Ibom,South South,0,0,Safe,96,High,5,5,Moderate Risk
IBD031924,"Extrajudicial Killing, Niger",2025-03-10,2025-03-10,1,2024,1,Niger,North Central,0,0,Safe,44,Low,1,1,Low Risk
IBD031927,"Extrajudicial Killing, Niger",2025-03-10,2025-03-10,1,2024,1,Niger,North Central,0,0,Safe,28,Low,1,1,Low Risk
IBD031904,"Auxiliary Nurse , Delta",2025-03-10,2025-03-10,1,2024,1,Delta,South South,0,0,Safe,81,High,5,5,Moderate Risk
IBD031926,"Extrajudicial Killings, Niger",2025-03-10,2025-03-10,1,2024,1,Niger,North Central,0,0,Safe,22,Low,1,1,Low Risk
IBD031916,"Police vs Kidnappers, Akwa Ibom",2025-03-10,2025-03-10,1,2024,1,Akwa Ibom,South South,1,5,Caution,89,High,5,11,High Risk
IBD031925,"Farmers vs Herders, Nasarawa",2025-03-10,2025-03-10,11,2024,1,Nasarawa,North Central,0,5,Caution,12,Low,1,6,Moderate Risk
IBD031930,"Assailant vs Man, Lagos",2025-03-10,2025-03-10,1,2024,1,Lagos,South West,0,0,Safe,96,High,5,5,Moderate Risk
IBD031961,"Police vs Kidnappers, Delta",2025-03-09,2025-03-09,4,2024,1,Delta,South South,1,8,Avoid Route,80,High,5,14,Extreme Danger
IBD031911,"Lakurawa Bandits Kills 11, Kebbi",2025-03-09,2025-03-09,13,2024,1,Kebbi,North West,1,10,Avoid Route,28,Low,1,12,Extreme Danger
IBD031910,"Suspected Herders Kill 20, Ondo",2025-03-09,2025-03-09,17,2024,1,Ondo,South West,0,5,Caution,57,Moderate,3,8,High Risk
IBD031915,"Customs Operavtives vs Smugglers, Ogun",2025-03-09,2025-03-09,1,2024,1,Ogun,South West,0,0,Safe,60,Moderate,3,3,Low Risk
IBD031912,"Auto Crash, Edo",2025-03-09,2025-03-09,8,2024,1,Edo,South South,0,3,Safe,68,Moderate,3,6,Moderate Risk
IBD031917,"Auto Crash, Ogun",2025-03-09,2025-03-09,4,2024,1,Ogun,South West,0,3,Safe,56,Moderate,3,6,Moderate Risk
IBD031923,"Auto Crash, FCT (Abuja)",2025-03-09,2025-03-09,1,2024,1,FCT,North Central,0,0,Safe,34,Low,1,1,Low Risk
IBD031921,"Kidnappers vs Woman, Kaduna",2025-03-09,2025-03-09,1,2024,1,Kaduna,North West,1,5,Caution,27,Low,1,7,Moderate Risk
IBD031934,"Murder, Niger",2025-03-08,2025-03-08,1,2024,1,Niger,North Central,0,0,Safe,38,Low,1,1,Low Risk
IBD031935,"Drown, Niger",2025-03-08,2025-03-08,1,2024,1,Niger,North Central,0,0,Safe,46,Low,1,1,Low Risk
IBD031919,"Palm Tree Kills Man, Ogun",2025-03-08,2025-03-08,1,2024,1,Ogun,South West,0,0,Safe,75,Moderate,3,3,Low Risk
IBD031906,"Fight, Lagos",2025-03-08,2025-03-08,1,2024,1,Lagos,South West,0,0,Safe,83,High,5,5,Moderate Risk
IBD031922,"Man vs Friend, FCT (Abuja)",2025-03-08,2025-03-08,1,2024,1,FCT,North Central,0,0,Safe,17,Low,1,1,Low Risk
IBD031905,"Cultist vs DJ, Lagos",2025-03-08,2025-03-08,1,2024,1,Lagos,South West,0,0,Safe,83,High,5,5,Moderate Risk
IBD031931,"Boko Haram vs Vigilante, Yobe",2025-03-08,2025-03-08,1,2024,1,Yobe,North East,0,0,Safe,26,Low,1,1,Low Risk
IBD031914,"Gunmen vs APC Council Chairman, Lagos",2025-03-08,2025-03-08,1,2024,1,Lagos,South West,1,5,Caution,82,High,5,11,High Risk
IBD031900,"Communal Clash, Niger",2025-03-08,2025-03-08,1,2024,1,Niger,North Central,0,0,Safe,33,Low,1,1,Low Risk
IBD031897,"Miyetti Allah Chairman, Kwara",2025-03-08,2025-03-08,1,2024,1,Kwara,North Central,0,0,Safe,43,Low,1,1,Low Risk
IBD031951,"Boy Beheaded, Adamawa",2025-03-07,2025-03-07,1,2024,1,Adamawa,North East,0,0,Safe,15,Low,1,1,Low Risk
IBD031932,"Herdsmen Attack, Kogi",2025-03-07,2025-03-07,2,2024,1,Kogi,North Central,2,5,Caution,24,Low,1,8,High Risk
IBD031899,"Auto Crash, Abia",2025-03-07,2025-03-07,5,2024,1,Abia,South East,0,3,Safe,50,Moderate,3,6,Moderate Risk
IBD031898,"Ritual Killing, Edo",2025-03-07,2025-03-07,1,2024,1,Edo,South South,0,0,Safe,65,Moderate,3,3,Low Risk
IBD031902,"Herdsmen Attack, Benue",2025-03-07,2025-03-08,15,2024,1,Benue,North Central,2,10,Avoid Route,33,Low,1,13,Extreme Danger
IBD031885,"Medical Negligence, Benue",2025-03-06,2025-03-06,5,2024,1,Benue,North Central,0,3,Safe,32,Low,1,4,Moderate Risk
IBD031876,"Electrocution, Ogun",2025-03-06,2025-03-06,1,2024,1,Ogun,South West,0,0,Safe,50,Moderate,3,3,Low Risk
IBD031940,"Domestic Violence, Ogun",2025-03-06,2025-03-06,1,2024,1,Ogun,South West,0,0,Safe,63,Moderate,3,3,Low Risk
IBD031895,"Security Operatives vs Terrorist, Kebbi",2025-03-06,2025-03-06,1,2024,1,Kebbi,North West,1,5,Caution,11,Low,1,7,Moderate Risk
IBD031882,"Building Collapse, Lagos",2025-03-05,2025-03-05,3,2024,1,Lagos,South West,0,3,Safe,89,High,5,8,High Risk
IBD031891,"Security Operatives vs Bandits, Zamfara",2025-03-05,2025-03-05,12,2024,1,Zamfara,North West,1,10,Avoid Route,26,Low,1,12,Extreme Danger
IBD031892,"Auto Crash/ Explosion, Niger",2025-03-05,2025-03-05,7,2024,1,Niger,North Central,0,3,Safe,43,Low,1,4,Moderate Risk
IBD031998,"Drowns, FCT (Abuja)",2025-03-05,2025-03-05,1,2024,1,FCT,North Central,0,0,Safe,47,Low,1,1,Low Risk
IBD031880,"Gunmen vs Cleric, Kaduna",2025-03-05,2025-03-05,1,2024,1,Kaduna,North West,1,5,Caution,43,Low,1,7,Moderate Risk
IBD031894,"Auto Crash, Bayelsa",2025-03-05,2025-03-05,2,2024,1,Bayelsa,South South,0,0,Safe,88,High,5,5,Moderate Risk
IBD031871,"Explosion, Oyo",2025-03-04,2025-03-04,2,2024,1,Oyo,South West,0,0,Safe,46,Low,1,1,Low Risk
IBD032053,"Auto Crash, Lagos",2025-03-04,2025-03-04,1,2024,1,Lagos,South West,0,0,Safe,84,High,5,5,Moderate Risk
IBD031869,"Police vs Herder, Edo",2025-03-04,2025-03-04,1,2024,1,Edo,South South,0,0,Safe,70,Moderate,3,3,Low Risk
IBD031870,"Auto Crash, Ogun",2025-03-04,2025-03-04,17,2024,1,Ogun,South West,0,5,Caution,63,Moderate,3,8,High Risk
IBD031865,"Gunmen Attack, Abia",2025-03-04,2025-03-04,2,2024,1,Abia,South East,2,5,Caution,71,Moderate,3,10,High Risk
IBD031881,"Auto Crash, Anambra",2025-03-04,2025-03-04,10,2024,1,Anambra,South East,0,5,Caution,65,Moderate,3,8,High Risk
IBD031848,"Bridge Collapse, Akwa Ibom",2025-03-04,2025-03-04,4,2024,1,Akwa Ibom,South South,0,3,Safe,86,High,5,8,High Risk
IBD031873,"Gunmen vs Immigration Officer, FCT (Abuja)",2025-03-04,2025-03-04,1,2024,1,FCT,North Central,1,5,Caution,42,Low,1,7,Moderate Risk
IBD031889,"Man Dies Working on Farm, FCT (Abuja)",2025-03-04,2025-03-04,1,2024,1,FCT,North Central,0,0,Safe,33,Low,1,1,Low Risk
IBD031884,"Police vs Kidnappers, FCT (Abuja)",2025-03-04,2025-03-04,14,2024,1,FCT,North Central,1,10,Avoid Route,43,Low,1,12,Extreme Danger
IBD031879,"Auto Crash, Kogi",2025-03-03,2025-03-03,4,2024,1,Kogi,North Central,0,3,Safe,11,Low,1,4,Moderate Risk
IBD031877,"Gunmen Attack, Benue",2025-03-03,2025-03-03,2,2024,1,Benue,North Central,2,5,Caution,38,Low,1,8,High Risk
IBD031890,"Boko Harm Kill Police Officer Children, Borno",2025-03-03,2025-03-03,2,2024,1,Borno,North East,0,0,Safe,48,Low,1,1,Low Risk
IBD031868,Gunmen vs Site Engineer Edo,2025-03-03,2025-03-03,1,2024,1,Edo,South South,1,5,Caution,73,Moderate,3,9,High Risk
IBD031867,"Drown, FCT (Abuja)",2025-03-03,2025-03-03,1,2024,1,FCT,North Central,0,0,Safe,28,Low,1,1,Low Risk
IBD031893,"Assailant vs Man, Ogun",2025-03-03,2025-03-03,1,2024,1,Ogun,South West,0,0,Safe,73,Moderate,3,3,Low Risk
IBD031936,"Bandit Leader, FCT (Abuja)",2025-03-03,2025-03-03,1,2024,1,FCT,North Central,1,5,Caution,28,Low,1,7,Moderate Risk
IBD031941,"Woman Killed, Bauchi",2025-03-02,2025-03-02,1,2024,1,Bauchi,North East,0,0,Safe,27,Low,1,1,Low Risk
IBD031888,"Herders Kill Man, FCT (Abuja)",2025-03-02,2025-03-02,1,2024,1,FCT,North Central,0,0,Safe,19,Low,1,1,Low Risk
IBD031858,"Gunmen Kill One, Gombe",2025-03-02,2025-03-02,1,2024,1,Gombe,North East,1,5,Caution,43,Low,1,7,Moderate Risk
IBD031874,"Community leader Killed, Anambra",2025-03-02,2025-03-02,1,2024,1,Anambra,South East,0,0,Safe,58,Moderate,3,3,Low Risk
IBD031866,"Teenager, Ogun",2025-03-02,2025-03-02,1,2024,1,Ogun,South West,0,0,Safe,67,Moderate,3,3,Low Risk
IBD031861,"Herdsmen vs Vigilante, Delta",2025-03-02,2025-03-02,1,2024,1,Delta,South South,1,5,Caution,88,High,5,11,High Risk
IBD031883,"Drug Addict Kill Phone Charger, Ogun",2025-03-01,2025-03-01,1,2024,1,Ogun,South West,0,0,Safe,56,Moderate,3,3,Low Risk
IBD031853,"Domestic Violence, Bauchi",2025-03-01,2025-03-01,1,2024,1,Bauchi,North East,0,0,Safe,24,Low,1,1,Low Risk
IBD031854,"Herdsmen vs Farmers, Benue",2025-03-01,2025-03-01,6,2024,1,Benue,North Central,1,8,Avoid Route,35,Low,1,10,High Risk
IBD031939,"Policeman vs Okada Riders, Plateau",2025-03-01,2025-03-01,1,2024,1,Plateau,North Central,0,0,Safe,35,Low,1,1,Low Risk
IBD031659,"Police vs Kidnappers, Kwara",2025-03-01,2025-03-01,2,2024,1,Kwara,North Central,1,5,Caution,32,Low,1,7,Moderate Risk
IBD031855,"Gunmen vs Businessman, Ondo",2025-03-01,2025-03-01,1,2024,1,Ondo,South West,1,5,Caution,67,Moderate,3,9,High Risk
IBD031913,"Female Corpses, Delta",2025-03-01,2025-03-01,2,2024,1,Delta,South South,0,0,Safe,89,High,5,5,Moderate Risk
IBD031852,"Auto Crash, Edo",2025-03-01,2025-03-01,12,2024,1,Edo,South South,0,5,Caution,64,Moderate,3,8,High Risk
IBD031857,"Gunmen vs Man, Zamafara",2025-03-01,2025-03-01,1,2024,1,Unknown,,1,5,Caution,19,Low,1,7,Moderate Risk
IBD031864,"Soldiers vs Boko Haram, Borno",2025-03-01,2025-03-01,15,2024,1,Borno,North East,0,5,Caution,39,Low,1,6,Moderate Risk
IBD031860,"Cult Clash, Delta",2025-02-28,2025-02-28,2,2024,1,Delta,South South,0,0,Safe,100,High,5,5,Moderate Risk
IBD032001,"Inferno, Yobe",2025-02-28,2025-02-28,1,2024,1,Yobe,North East,0,0,Safe,26,Low,1,1,Low Risk
IBD031856,"Herdsmen Attack, Delta",2025-02-28,2025-02-28,1,2024,1,Delta,South South,2,5,Caution,95,High,5,12,Extreme Danger
IBD031808,"Auto Crash, Kwara",2025-02-28,2025-02-28,1,2024,1,Kwara,North Central,0,0,Safe,31,Low,1,1,Low Risk
IBD031887,"Domestic Violence, Bauchi",2025-02-28,2025-02-28,1,2024,1,Bauchi,North East,0,0,Safe,12,Low,1,1,Low Risk
IBD031862,"Banditry, Zamfara",2025-02-27,2025-02-27,2,2024,1,Zamfara,North West,1,5,Caution,17,Low,1,7,Moderate Risk
IBD031839,"Auto Crash, Enugu",2025-02-27,2025-02-27,6,2024,1,Enugu,South East,0,3,Safe,75,Moderate,3,6,Moderate Risk
IBD031846,"Herdsmen Attack, Edo",2025-02-27,2025-02-27,2,2024,1,Edo,South South,2,5,Caution,63,Moderate,3,10,High Risk
IBD031851,"Banditry, Katsina",2025-02-27,2025-02-27,17,2024,1,Katsina,North West,1,10,Avoid Route,14,Low,1,12,Extreme Danger
IBD031847,"Soldier Kill Man, Akwa Ibom",2025-02-27,2025-02-27,1,2024,1,Akwa Ibom,South South,0,0,Safe,80,High,5,5,Moderate Risk
IBD031886,"Gunmen Attack, Ogun",2025-02-27,2025-02-27,1,2024,1,Ogun,South West,2,5,Caution,63,Moderate,3,10,High Risk
IBD031901,"Domestic Violence, Lagos",2025-02-26,2025-02-26,1,2024,1,Lagos,South West,0,0,Safe,87,High,5,5,Moderate Risk
IBD031850,"Bandits vs Farmers, Niger",2025-02-26,2025-02-26,10,2024,1,Niger,North Central,1,10,Avoid Route,13,Low,1,12,Extreme Danger
IBD031844,"Cult Attack, Bayelsa",2025-02-26,2025-02-26,1,2024,1,Bayelsa,South South,1,5,Caution,99,High,5,11,High Risk
IBD031837,"Boko Haram Attack, Borno",2025-02-26,2025-02-26,7,2024,1,Borno,North East,1,8,Avoid Route,41,Low,1,10,High Risk
IBD031843,"NAF Officer Kill Man, Kaduna",2025-02-26,2025-02-26,1,2024,1,Kaduna,North West,0,0,Safe,37,Low,1,1,Low Risk
IBD031840,"Land Dispute, Delta",2025-02-26,2025-02-26,1,2024,1,Delta,South South,0,0,Safe,89,High,5,5,Moderate Risk
IBD031834,"Boko Haram Attack, Adamawa",2025-02-25,2025-02-26,40,2024,1,Adamawa,North East,1,10,Avoid Route,33,Low,1,12,Extreme Danger
IBD031822,"Kidnappers Kill Hunter, Oyo",2025-02-25,2025-02-25,1,2024,1,Oyo,South West,1,5,Caution,43,Low,1,7,Moderate Risk
IBD031838,"Boko Haram/ISWAP Landmine Kills 2, Borno",2025-02-25,2025-02-25,2,2024,1,Borno,North East,0,0,Safe,31,Low,1,1,Low Risk
IBD031833,"Kidnappers vs Police Officers, Plateau",2025-02-25,2025-02-25,2,2024,1,Plateau,North Central,1,5,Caution,18,Low,1,7,Moderate Risk
IBD031826,"Auto Crash, Yobe",2025-02-25,2025-02-25,10,2024,1,Yobe,North East,0,5,Caution,30,Low,1,6,Moderate Risk
IBD031828,"Auto Crash, Sokoto",2025-02-25,2025-02-25,3,2024,1,Sokoto,North West,0,3,Safe,49,Low,1,4,Moderate Risk
IBD031812,"Auto Crash, Ogun",2025-02-24,2025-02-24,9,2024,1,Ogun,South West,0,3,Safe,70,Moderate,3,6,Moderate Risk
IBD031824,"Auto Crash, Lagos",2025-02-24,2025-02-24,2,2024,1,Lagos,South West,0,0,Safe,98,High,5,5,Moderate Risk
IBD031830,"Boat Mishap, Delta",2025-02-24,2025-02-24,5,2024,1,Delta,South South,0,3,Safe,87,High,5,8,High Risk
IBD031823,"Domestic Violence, Bauchi",2025-02-24,2025-02-24,1,2024,1,Bauchi,North East,0,0,Safe,23,Low,1,1,Low Risk
IBD031842,"Auto Crash, Ogun",2025-02-24,2025-02-24,1,2024,1,Ogun,South West,0,0,Safe,59,Moderate,3,3,Low Risk
IBD031832,"Auto Crash, Bauchi",2025-02-24,2025-02-24,2,2024,1,Bauchi,North East,0,0,Safe,17,Low,1,1,Low Risk
IBD031821,"Auto Crash, Lagos",2025-02-24,2025-02-24,1,2024,1,Lagos,South West,0,0,Safe,89,High,5,5,Moderate Risk
IBD031845,"Police Kill Man, Enugu",2025-02-24,2025-02-24,1,2024,1,Enugu,South East,0,0,Safe,57,Moderate,3,3,Low Risk
IBD031836,"Herdsmen vs Vigilante Commander, Edo",2025-02-24,2025-02-24,1,2024,1,Edo,South South,1,5,Caution,74,Moderate,3,9,High Risk
IBD031813,"Herders vs Farmers, Edo",2025-02-24,2025-02-24,2,2024,1,Edo,South South,0,0,Safe,51,Moderate,3,3,Low Risk
IBD031875,"Domestic Violence, Bauchi",2025-02-24,2025-02-24,1,2024,1,Bauchi,North East,0,0,Safe,12,Low,1,1,Low Risk
IBD031820,"Security Operatives vs Artisan, Edo",2025-02-23,2025-02-23,1,2024,1,Edo,South South,0,0,Safe,72,Moderate,3,3,Low Risk
IBD031819,"Security Operatives Kills 1, Katsina",2025-02-23,2025-02-23,1,2024,1,Katsina,North West,0,0,Safe,11,Low,1,1,Low Risk
IBD031816,"Man vs Friend, Niger",2025-02-23,2025-02-23,1,2024,1,Niger,North Central,0,0,Safe,29,Low,1,1,Low Risk
IBD031907,"Revenue Collector vs Truck Driver, Edo",2025-02-23,2025-02-23,1,2024,1,Edo,South South,0,0,Safe,52,Moderate,3,3,Low Risk
IBD031825,"Auto Crash, Oyo",2025-02-23,2025-02-23,2,2024,1,Oyo,South West,0,0,Safe,22,Low,1,1,Low Risk
IBD031817,"Student Drowns, Bayelsa",2025-02-23,2025-02-23,1,2024,1,Bayelsa,South South,0,0,Safe,86,High,5,5,Moderate Risk
IBD031841,"Fish Poison, Taraba",2025-02-22,2025-02-22,4,2024,1,Taraba,North East,0,3,Safe,41,Low,1,4,Moderate Risk
IBD031800,"Man Drowns, Ogun",2025-02-22,2025-02-22,1,2024,1,Ogun,South West,0,0,Safe,61,Moderate,3,3,Low Risk
IBD031806,"NAF Kill Bandits, Zamfara",2025-02-22,2025-02-22,23,2024,1,Zamfara,North West,1,10,Avoid Route,41,Low,1,12,Extreme Danger
IBD031804,"Car Accident, Jigawa",2025-02-22,2025-02-22,4,2024,1,Jigawa,North West,0,3,Safe,46,Low,1,4,Moderate Risk
IBD031835,"Ritual Killing, Edo",2025-02-22,2025-02-22,1,2024,1,Edo,South South,0,0,Safe,63,Moderate,3,3,Low Risk
IBD031799,"Auto Crash, Delta",2025-02-22,2025-02-22,1,2024,1,Delta,South South,0,0,Safe,82,High,5,5,Moderate Risk
IBD031803,"Farmer, Ogun",2025-02-22,2025-02-22,1,2024,1,Ogun,South West,0,0,Safe,56,Moderate,3,3,Low Risk
IBD031796,"Domestic Violence, Edo",2025-02-22,2025-02-22,1,2024,1,Edo,South South,0,0,Safe,60,Moderate,3,3,Low Risk
IBD031795,"Witchcraft Suspect, Borno",2025-02-21,2025-02-21,1,2024,1,Borno,North East,0,0,Safe,21,Low,1,1,Low Risk
IBD031814,"Banditry, Kaduna",2025-02-21,2025-02-21,1,2024,1,Kaduna,North West,1,5,Caution,20,Low,1,7,Moderate Risk
IBD031798,"Auto Crash, Niger",2025-02-21,2025-02-21,13,2024,1,Niger,North Central,0,5,Caution,19,Low,1,6,Moderate Risk
IBD031810,"Motorcycle Thief, FCT (Abuja)",2025-02-21,2025-02-21,1,2024,1,FCT,North Central,0,0,Safe,39,Low,1,1,Low Risk
IBD031805,"Boy Drowns, Ogun",2025-02-21,2025-02-21,1,2024,1,Ogun,South West,0,0,Safe,57,Moderate,3,3,Low Risk
IBD031863,"Kidnappers Kills 1, Zamfara",2025-02-21,2025-02-21,1,2024,1,Zamfara,North West,1,5,Caution,12,Low,1,7,Moderate Risk
IBD031818,"Domestic Violence, Lagos",2025-02-21,2025-02-21,1,2024,1,Lagos,South West,0,0,Safe,89,High,5,5,Moderate Risk
IBD031827,"Security Operatives vs Bandits, Katsina",2025-02-21,2025-02-21,4,2024,1,Katsina,North West,1,8,Avoid Route,49,Low,1,10,High Risk
IBD031797,"Communal Clash, Edo",2025-02-20,2025-02-21,12,2024,1,Edo,South South,0,5,Caution,75,Moderate,3,8,High Risk
IBD031793,"Building Collapse, Yobe",2025-02-20,2025-02-20,1,2024,1,Yobe,North East,0,0,Safe,40,Low,1,1,Low Risk
IBD031802,"Banditry, Niger",2025-02-20,2025-02-20,4,2024,1,Niger,North Central,1,8,Avoid Route,26,Low,1,10,High Risk
IBD031794,"Police vs Kidnappers, Ogun",2025-02-20,2025-02-20,4,2024,1,Ogun,South West,1,8,Avoid Route,58,Moderate,3,12,Extreme Danger
IBD031792,"Fallen Mast, Edo",2025-02-20,2025-02-20,1,2024,1,Edo,South South,0,0,Safe,70,Moderate,3,3,Low Risk
IBD031786,"Banditry, Niger",2025-02-19,2025-02-19,1,2024,1,Niger,North Central,1,5,Caution,44,Low,1,7,Moderate Risk
IBD031811,"Ritual/Domestic Violence, Abia",2025-02-19,2025-02-19,3,2024,1,Abia,South East,0,3,Safe,57,Moderate,3,6,Moderate Risk
IBD031785,"Explosion, Zamfara",2025-02-18,2025-02-18,3,2024,1,Zamfara,North West,0,3,Safe,34,Low,1,4,Moderate Risk
IBD031768,"Domestic Violence, Ekiti",2025-02-18,2025-02-18,2,2024,1,Ekiti,South West,0,0,Safe,21,Low,1,1,Low Risk
IBD031782,"Banditry, Zamfara",2025-02-18,2025-02-18,1,2024,1,Zamfara,North West,1,5,Caution,38,Low,1,7,Moderate Risk
IBD031783,"Kidnappers Attack, FCT (Abuja)",2025-02-18,2025-02-18,2,2024,1,FCT,North Central,2,5,Caution,31,Low,1,8,High Risk
IBD031769,"Communal Clash, Ebonyi",2025-02-18,2025-02-18,1,2024,1,Ebonyi,South East,0,0,Safe,11,Low,1,1,Low Risk
IBD031759,"Political Crisis, Osun",2025-02-17,2025-02-17,1,2024,1,Osun,South West,0,0,Safe,45,Low,1,1,Low Risk
IBD031757,"Political Crisis, Osun",2025-02-17,2025-02-17,2,2024,1,Osun,South West,0,0,Safe,44,Low,1,1,Low Risk
IBD031758,"Political Crisis, Osun",2025-02-17,2025-02-17,2,2024,1,Osun,South West,0,0,Safe,19,Low,1,1,Low Risk
IBD031781,"Army vs Boko Haram, Borno",2025-02-17,2025-02-17,10,2024,1,Borno,North East,0,5,Caution,38,Low,1,6,Moderate Risk
IBD031778,"Assailants vs Student, Ondo",2025-02-17,2025-02-17,1,2024,1,Ondo,South West,0,0,Safe,63,Moderate,3,3,Low Risk
IBD031753,"Gunmen Attack, Benue",2025-02-17,2025-02-17,3,2024,1,Benue,North Central,2,8,Avoid Route,35,Low,1,11,High Risk
IBD031755,"Cult Clash, Delta",2025-02-17,2025-02-17,1,2024,1,Delta,South South,0,0,Safe,83,High,5,5,Moderate Risk
IBD031771,"Auto Crash, Ogun",2025-02-16,2025-02-16,1,2024,1,Ogun,South West,0,0,Safe,53,Moderate,3,3,Low Risk
IBD031763,"Hoodlums vs Motorcyclist, FCT (Abuja)",2025-02-16,2025-02-16,1,2024,1,FCT,North Central,0,0,Safe,43,Low,1,1,Low Risk
IBD031878,"Extrajudicial Killing, Ondo",2025-02-16,2025-02-16,1,2024,1,Ondo,South West,0,0,Safe,63,Moderate,3,3,Low Risk
IBD031756,"Inferno, Ondo",2025-02-16,2025-02-16,3,2024,1,Ondo,South West,0,3,Safe,77,Moderate,3,6,Moderate Risk
IBD031760,"Auto Crash, Imo",2025-02-16,2025-02-16,8,2024,1,Imo,South East,0,3,Safe,51,Moderate,3,6,Moderate Risk
IBD031766,"Ritual Killing, Ogun",2025-02-16,2025-02-16,1,2024,1,Ogun,South West,0,0,Safe,68,Moderate,3,3,Low Risk
IBD031742,"Security Operatives vs Armed Robber, Ogun",2025-02-16,2025-02-16,1,2024,1,Ogun,South West,0,0,Safe,51,Moderate,3,3,Low Risk
IBD031761,"Auto Crash, Kogi",2025-02-16,2025-02-16,7,2024,1,Kogi,North Central,0,3,Safe,35,Low,1,4,Moderate Risk
IBD031770,"Kidnappers Attack, Imo",2025-02-16,2025-02-16,1,2024,1,Imo,South East,2,5,Caution,75,Moderate,3,10,High Risk
IBD031772,"Auto Crash, Delta",2025-02-16,2025-02-16,17,2024,1,Delta,South South,0,5,Caution,94,High,5,10,High Risk
IBD031767,"Security Operatives vs Student, Kaduna",2025-02-16,2025-02-16,1,2024,1,Kaduna,North West,0,0,Safe,21,Low,1,1,Low Risk
IBD031743,"Mysterious Death, Ogun",2025-02-15,2025-02-15,1,2024,1,Ogun,South West,0,0,Safe,72,Moderate,3,3,Low Risk
IBD031749,"Gunmen Attack, Kwara",2025-02-15,2025-02-15,1,2024,1,Kwara,North Central,2,5,Caution,19,Low,1,8,High Risk
IBD031751,"Kidnapers vs Health Worker, Ondo",2025-02-15,2025-02-15,1,2024,1,Ondo,South West,1,5,Caution,50,Moderate,3,9,High Risk
IBD031745,"Mob vs Robbers, FCT (Abuja)",2025-02-15,2025-02-15,2,2024,1,FCT,North Central,0,0,Safe,32,Low,1,1,Low Risk
IBD031752,"Herdsmen vs Farmers, Benue",2025-02-15,2025-02-15,22,2024,1,Benue,North Central,1,10,Avoid Route,31,Low,1,12,Extreme Danger
IBD031750,"Mob vs NDLEA Officer/ Auto Crash, Kaduna",2025-02-15,2025-02-15,4,2024,1,Kaduna,North West,0,3,Safe,31,Low,1,4,Moderate Risk
IBD031849,"Friends Murder Man, Lagos",2025-02-15,2025-02-15,1,2024,1,Lagos,South West,0,0,Safe,95,High,5,5,Moderate Risk
IBD031744,"Corpse Found, Kano",2025-02-15,2025-02-15,1,2024,1,Kano,North West,0,0,Safe,29,Low,1,1,Low Risk
IBD031748,"Army vs Villagers, Katsina",2025-02-15,2025-02-15,10,2024,1,Katsina,North West,0,5,Caution,29,Low,1,6,Moderate Risk
IBD031920,"Domestic Violence, Cross River",2025-02-15,2025-02-15,1,2024,1,Cross River,South South,0,0,Safe,98,High,5,5,Moderate Risk
IBD031960,"Fire Incidents, Kano",2025-02-15,2025-02-15,7,2024,1,Kano,North West,0,3,Safe,14,Low,1,4,Moderate Risk
IBD031737,"Police vs Kidnappers, Kebbi",2025-02-14,2025-02-14,4,2024,1,Kebbi,North West,1,8,Avoid Route,40,Low,1,10,High Risk
IBD031859,"Domestic Violence, Ondo",2025-02-14,2025-02-14,1,2024,1,Ondo,South West,0,0,Safe,74,Moderate,3,3,Low Risk
IBD031740,"Assailant vs Traditional Ruler, Abia",2025-02-14,2025-02-14,1,2024,1,Abia,South East,0,0,Safe,62,Moderate,3,3,Low Risk
IBD031736,"Auto Crash, Anambra",2025-02-14,2025-02-14,8,2024,1,Anambra,South East,0,3,Safe,67,Moderate,3,6,Moderate Risk
IBD031765,"Cult Clash, Lagos",2025-02-14,2025-02-15,2,2024,1,Lagos,South West,0,0,Safe,83,High,5,5,Moderate Risk
IBD031746,"Extrajudicial Killing, Ondo",2025-02-14,2025-02-14,1,2024,1,Ondo,South West,0,0,Safe,78,Moderate,3,3,Low Risk
IBD031732,"Kidnappers Set Ablaze, Delta",2025-02-13,2025-02-13,2,2024,1,Delta,South South,1,5,Caution,90,High,5,11,High Risk
IBD031733,"Auto Crash, Ogun",2025-02-13,2025-02-13,1,2024,1,Ogun,South West,0,0,Safe,74,Moderate,3,3,Low Risk
IBD031764,"Cult Clash, Ogun",2025-02-13,2025-02-13,1,2024,1,Ogun,South West,0,0,Safe,76,Moderate,3,3,Low Risk
IBD031780,"Man vs Friend, FCT (Abuja)",2025-02-13,2025-02-13,1,2024,1,FCT,North Central,0,0,Safe,33,Low,1,1,Low Risk
IBD031779,"Extrajudicial Killing, Delta",2025-02-13,2025-02-13,2,2024,1,Delta,South South,0,0,Safe,98,High,5,5,Moderate Risk
IBD031734,"Auto Crash, Kano",2025-02-13,2025-02-13,23,2024,1,Kano,North West,0,5,Caution,48,Low,1,6,Moderate Risk
IBD031727,"Auto Crash, bauchi",2025-02-12,2025-02-12,1,2024,1,Bauchi,North East,0,0,Safe,33,Low,1,1,Low Risk
IBD031728,"Police vs Armed Robbers, FCT (Abuja)",2025-02-12,2025-02-12,3,2024,1,FCT,North Central,0,3,Safe,17,Low,1,4,Moderate Risk
IBD031741,"Extrajudicial Killing, Lagos",2025-02-12,2025-02-12,1,2024,1,Lagos,South West,0,0,Safe,81,High,5,5,Moderate Risk
IBD031729,"Stab to Death, Rivers",2025-02-12,2025-02-12,1,2024,1,Rivers,South South,0,0,Safe,85,High,5,5,Moderate Risk
IBD031829,"Kidnappers Kill Two, Kogi",2025-02-12,2025-02-12,2,2024,1,Kogi,North Central,1,5,Caution,30,Low,1,7,Moderate Risk
IBD031807,"Extrajudicial Killing, Benue",2025-02-11,2025-02-11,1,2024,1,Benue,North Central,0,0,Safe,49,Low,1,1,Low Risk
IBD031713,"Mob vs Thief, Akwa Ibom",2025-02-11,2025-02-11,1,2024,1,Akwa Ibom,South South,0,0,Safe,82,High,5,5,Moderate Risk
IBD031726,"Auto Crash, Taraba",2025-02-11,2025-02-11,3,2024,1,Taraba,North East,0,3,Safe,26,Low,1,4,Moderate Risk
IBD031738,"Ritual Killing, Kwara",2025-02-11,2025-02-11,1,2024,1,Kwara,North Central,0,0,Safe,26,Low,1,1,Low Risk
IBD031717,"Bandits vs Traders, Katsina",2025-02-10,2025-02-10,1,2024,1,Katsina,North West,1,5,Caution,12,Low,1,7,Moderate Risk
IBD031714,"Communal Clash, Akwa Ibom",2025-02-10,2025-02-10,1,2024,1,Akwa Ibom,South South,0,0,Safe,86,High,5,5,Moderate Risk
IBD031762,"Kidnap Victim, FCT (Abuja)",2025-02-10,2025-02-10,1,2024,1,FCT,North Central,1,5,Caution,38,Low,1,7,Moderate Risk
IBD031709,"Auto Crash, Niger",2025-02-10,2025-02-10,1,2024,1,Niger,North Central,0,0,Safe,28,Low,1,1,Low Risk
IBD031720,"Assailants vs Girl, Ekiti",2025-02-10,2025-02-10,1,2024,1,Ekiti,South West,0,0,Safe,33,Low,1,1,Low Risk
IBD031721,"Student Drowns, Benue",2025-02-10,2025-02-10,1,2024,1,Benue,North Central,0,0,Safe,15,Low,1,1,Low Risk
IBD031719,"Gunmen vs Police Officer, Yobe",2025-02-09,2025-02-09,2,2024,1,Yobe,North East,1,5,Caution,36,Low,1,7,Moderate Risk
IBD031705,"Gunmen Kill Pastor, Gombe",2025-02-09,2025-02-09,1,2024,1,Gombe,North East,1,5,Caution,48,Low,1,7,Moderate Risk
IBD031708,"Auto Crash, Jigawa",2025-02-09,2025-02-09,5,2024,1,Jigawa,North West,0,3,Safe,31,Low,1,4,Moderate Risk
IBD031704,"Communal Clash, Abia",2025-02-09,2025-02-09,1,2024,1,Abia,South East,0,0,Safe,61,Moderate,3,3,Low Risk
IBD031690,"Police Kill Man, Rivers",2025-02-09,2025-02-09,1,2024,1,Rivers,South South,0,0,Safe,100,High,5,5,Moderate Risk
IBD031747,"Police vs IPOB/ESN, Imo",2025-02-09,2025-02-09,3,2024,1,Imo,South East,0,3,Safe,68,Moderate,3,6,Moderate Risk
IBD031706,"Herdsmen Kill Girl, Ekiti",2025-02-09,2025-02-09,1,2024,1,Ekiti,South West,1,5,Caution,14,Low,1,7,Moderate Risk
IBD031703,"Troops vs Bandits, Zamfara",2025-02-09,2025-02-09,4,2024,1,Zamfara,North West,1,8,Avoid Route,34,Low,1,10,High Risk
IBD031692,"Cult Clash, Rivers",2025-02-09,2025-02-09,20,2024,1,Rivers,South South,0,5,Caution,88,High,5,10,High Risk
IBD031701,"Communal Clash, Cross RIvers",2025-02-09,2025-02-09,4,2024,1,Cross River,South South,0,3,Safe,81,High,5,8,High Risk
IBD031702,"Burglars vs Woman, Delta",2025-02-09,2025-02-09,1,2024,1,Delta,South South,0,0,Safe,84,High,5,5,Moderate Risk
IBD031693,"Banditry, Sokoto",2025-02-09,2025-02-09,1,2024,1,Sokoto,North West,1,5,Caution,13,Low,1,7,Moderate Risk
IBD031694,"Cult Clash, Benue",2025-02-09,2025-02-09,4,2024,1,Benue,North Central,0,3,Safe,22,Low,1,4,Moderate Risk
IBD031707,"Student Dies, Lagos",2025-02-08,2025-02-08,1,2024,1,Lagos,South West,0,0,Safe,87,High,5,5,Moderate Risk
IBD031697,"Auto Crash, Kwara",2025-02-08,2025-02-08,1,2024,1,Kwara,North Central,0,0,Safe,28,Low,1,1,Low Risk
IBD031754,Police vs IPOB/ESN Imo,2025-02-08,2025-02-08,2,2024,1,Imo,South East,0,0,Safe,56,Moderate,3,3,Low Risk
IBD031731,"Cult Clashes, Abia",2025-02-07,2025-02-14,3,2024,1,Abia,South East,0,3,Safe,55,Moderate,3,6,Moderate Risk
IBD031723,"Extrajudicial Killing, Enugu",2025-02-07,2025-02-07,1,2024,1,Enugu,South East,0,0,Safe,79,Moderate,3,3,Low Risk
IBD031680,"Drowns/Mysterious Death, Ondo",2025-02-07,2025-02-07,1,2024,1,Ondo,South West,0,0,Safe,66,Moderate,3,3,Low Risk
IBD031689,"Soldiers vs Bandits, Zamfara",2025-02-07,2025-02-07,44,2024,1,Zamfara,North West,1,10,Avoid Route,15,Low,1,12,Extreme Danger
IBD031686,"Domestic Violence, Anambra",2025-02-07,2025-02-07,1,2024,1,Anambra,South East,0,0,Safe,51,Moderate,3,3,Low Risk
IBD031710,"Assailants vs Uber Driver, Lagos",2025-02-07,2025-02-07,1,2024,1,Lagos,South West,0,0,Safe,80,High,5,5,Moderate Risk
IBD031716,"Bandits vs Traders, Katsina",2025-02-07,2025-02-07,12,2024,1,Katsina,North West,1,10,Avoid Route,41,Low,1,12,Extreme Danger
IBD031715,"Teacher vs Student, Delta",2025-02-06,2025-02-06,1,2024,1,Delta,South South,0,0,Safe,89,High,5,5,Moderate Risk
IBD031963,"Domestic Violence, Akwa Ibom",2025-02-06,2025-02-06,1,2024,1,Akwa Ibom,South South,0,0,Safe,84,High,5,5,Moderate Risk
IBD031674,"Cult Clash, Rivers",2025-02-06,2025-02-06,7,2024,1,Rivers,South South,0,3,Safe,90,High,5,8,High Risk
IBD031675,"Gunmen Attack, Katsina",2025-02-06,2025-02-06,1,2024,1,Katsina,North West,2,5,Caution,25,Low,1,8,High Risk
IBD031684,"Lakurawa Kill 1, Kebbi",2025-02-06,2025-02-06,1,2024,1,Kebbi,North West,0,0,Safe,32,Low,1,1,Low Risk
IBD031730,"Cult Clashes, Abia",2025-02-06,2025-02-13,2,2024,1,Abia,South East,0,0,Safe,74,Moderate,3,3,Low Risk
IBD031790,"Stray Bullet, Delta",2025-02-06,2025-02-06,1,2024,1,Delta,South South,0,0,Safe,84,High,5,5,Moderate Risk
IBD031685,"Troops vs Bandits, Zamfara",2025-02-06,2025-02-06,4,2024,1,Zamfara,North West,1,8,Avoid Route,25,Low,1,10,High Risk
IBD031711,"Domestic Violence, Akwa Ibom",2025-02-06,2025-02-06,1,2024,1,Akwa Ibom,South South,0,0,Safe,80,High,5,5,Moderate Risk
IBD031679,"Woman vs Neighbour, Rivers",2025-02-06,2025-02-06,1,2024,1,Rivers,South South,0,0,Safe,86,High,5,5,Moderate Risk
IBD031687,"Domestic Violence, Akwa Ibom",2025-02-06,2025-02-06,1,2024,1,Akwa Ibom,South South,0,0,Safe,98,High,5,5,Moderate Risk
IBD031683,"Bandits Attack, Katsina",2025-02-06,2025-02-06,2,2024,1,Katsina,North West,2,5,Caution,47,Low,1,8,High Risk
IBD031696,"Student vs Colleague, Nasarawa",2025-02-06,2025-02-06,1,2024,1,Nasarawa,North Central,0,0,Safe,26,Low,1,1,Low Risk
IBD031962,"Domestic Violence, Akwa Ibom",2025-02-06,2025-02-06,1,2024,1,Akwa Ibom,South South,0,0,Safe,86,High,5,5,Moderate Risk
IBD031664,"Inferno, Zamfara",2025-02-05,2025-02-05,17,2024,1,Zamfara,North West,0,5,Caution,25,Low,1,6,Moderate Risk
IBD031695,"Auto Crash, Lagos",2025-02-05,2025-02-05,1,2024,1,Lagos,South West,0,0,Safe,86,High,5,5,Moderate Risk
IBD031700,"Domestic Violence, Kano",2025-02-05,2025-02-05,1,2024,1,Kano,North West,0,0,Safe,25,Low,1,1,Low Risk
IBD031663,"Man vs Trader, FCT (Abuja)",2025-02-05,2025-02-05,1,2024,1,FCT,North Central,0,0,Safe,34,Low,1,1,Low Risk
IBD031725,"Bandit vs Vigilante, Niger",2025-02-05,2025-02-05,1,2024,1,Niger,North Central,1,5,Caution,13,Low,1,7,Moderate Risk
IBD031672,"Domestic Violence, Bayelsa",2025-02-04,2025-02-04,1,2024,1,Bayelsa,South South,0,0,Safe,98,High,5,5,Moderate Risk
IBD031698,"Boko Haram Explosion, Borno",2025-02-04,2025-02-04,2,2024,1,Borno,North East,0,0,Safe,31,Low,1,1,Low Risk
IBD031676,"Herdsmen vs Hunters, Benue",2025-02-04,2025-02-04,6,2024,1,Benue,North Central,1,8,Avoid Route,49,Low,1,10,High Risk
IBD031678,"Auto Crash, Ogun",2025-02-04,2025-02-04,3,2024,1,Ogun,South West,0,3,Safe,67,Moderate,3,6,Moderate Risk
IBD031652,"Troops vs Boko Haram/ISWAP, Borno",2025-02-04,2025-02-04,7,2024,1,Borno,North East,0,3,Safe,22,Low,1,4,Moderate Risk
IBD031677,"Security Operative vs Bolt Driver, Edo",2025-02-04,2025-02-04,1,2024,1,Edo,South South,0,0,Safe,58,Moderate,3,3,Low Risk
IBD031670,"Police vs Bandits, Bauchi",2025-02-04,2025-02-04,2,2024,1,Bauchi,North East,1,5,Caution,43,Low,1,7,Moderate Risk
IBD031668,"Auto Crash, Ogun",2025-02-04,2025-02-04,1,2024,1,Ogun,South West,0,0,Safe,59,Moderate,3,3,Low Risk
IBD031649,"Auto Crash, Niger",2025-02-03,2025-02-03,4,2024,1,Niger,North Central,0,3,Safe,21,Low,1,4,Moderate Risk
IBD031682,"Domestic Violence, Niger",2025-02-03,2025-02-03,1,2024,1,Niger,North Central,0,0,Safe,16,Low,1,1,Low Risk
IBD031661,"Auto Crash, Ogun",2025-02-03,2025-02-03,1,2024,1,Ogun,South West,0,0,Safe,60,Moderate,3,3,Low Risk
IBD031699,"Corpse Found, FCT (Abuja)",2025-02-03,2025-02-03,1,2024,1,FCT,North Central,0,0,Safe,22,Low,1,1,Low Risk
IBD031666,"Gunmen Attack, Lagos",2025-02-03,2025-02-04,2,2024,1,Lagos,South West,2,5,Caution,86,High,5,12,Extreme Danger
IBD031656,"Cult Clash, Bayelsa",2025-02-03,2025-02-03,1,2024,1,Bayelsa,South South,0,0,Safe,93,High,5,5,Moderate Risk
IBD031669,"Hunters vs Herdsmen, Benue",2025-02-03,2025-02-03,3,2024,1,Benue,North Central,1,8,Avoid Route,30,Low,1,10,High Risk
IBD031654,"Gunmen Attack, Kaduna",2025-02-03,2025-02-03,2,2024,1,Kaduna,North West,2,5,Caution,31,Low,1,8,High Risk
IBD031658,"Auto Crash, FCT (Abuja)",2025-02-03,2025-02-03,3,2024,1,FCT,North Central,0,3,Safe,38,Low,1,4,Moderate Risk
IBD031645,"Assailants Kills 4, Osun",2025-02-03,2025-02-03,4,2024,1,Osun,South West,0,3,Safe,37,Low,1,4,Moderate Risk
IBD031667,"Herdsmen vs Farmers, Benue",2025-02-02,2025-02-02,3,2024,1,Benue,North Central,1,8,Avoid Route,19,Low,1,10,High Risk
IBD031651,"Auto Crash, Ogun",2025-02-02,2025-02-02,2,2024,1,Ogun,South West,0,0,Safe,58,Moderate,3,3,Low Risk
IBD031647,"Security Operatives vs Hoodlums, Imo",2025-02-02,2025-02-02,35,2024,1,Imo,South East,0,5,Caution,76,Moderate,3,8,High Risk
IBD031637,"Assailant vs Man, Oyo",2025-02-02,2025-02-02,1,2024,1,Oyo,South West,0,0,Safe,19,Low,1,1,Low Risk
IBD031650,"Troops vs Bandit, Taraba",2025-02-02,2025-02-02,1,2024,1,Taraba,North East,1,5,Caution,10,Low,1,7,Moderate Risk
IBD031638,"Inferno, Borno",2025-02-02,2025-02-02,5,2024,1,Borno,North East,0,3,Safe,43,Low,1,4,Moderate Risk
IBD031635,"Herdsmen Attack, Ebonyi",2025-02-02,2025-02-02,16,2024,1,Ebonyi,South East,2,10,Avoid Route,39,Low,1,13,Extreme Danger
IBD031644,"Security Operatives Kills 4, Kano",2025-02-02,2025-02-02,4,2024,1,Kano,North West,0,3,Safe,28,Low,1,4,Moderate Risk
IBD031646,"Kidnapper Attack, Plateau",2025-02-01,2025-02-01,1,2024,1,Plateau,North Central,2,5,Caution,45,Low,1,8,High Risk
IBD031642,"Auto Crash, Ogun",2025-02-01,2025-02-01,1,2024,1,Ogun,South West,0,0,Safe,57,Moderate,3,3,Low Risk
IBD031633,"Auto Crash, Ondo",2025-02-01,2025-02-01,30,2024,1,Ondo,South West,0,5,Caution,77,Moderate,3,8,High Risk
IBD031640,"Gunmen Attack, Taraba",2025-02-01,2025-02-01,1,2024,1,Taraba,North East,2,5,Caution,25,Low,1,8,High Risk
IBD031643,"Assailants vs Children, Anambra",2025-02-01,2025-02-01,3,2024,1,Anambra,South East,0,3,Safe,52,Moderate,3,6,Moderate Risk
IBD031665,"Communal Clash, Nasarawa",2025-02-01,2025-02-01,2,2024,1,Nasarawa,North Central,0,0,Safe,12,Low,1,1,Low Risk
IBD031662,"Security Operatives vs Drivers, Anambra",2025-01-31,2025-01-31,8,2024,1,Anambra,South East,0,3,Safe,77,Moderate,3,6,Moderate Risk
IBD031628,"Auto Crash, Anambra",2025-01-31,2025-01-31,4,2024,1,Anambra,South East,0,3,Safe,75,Moderate,3,6,Moderate Risk
IBD031657,"CSO and Son, Rivers",2025-01-31,2025-01-31,2,2024,1,Rivers,South South,0,0,Safe,90,High,5,5,Moderate Risk
IBD031636,"Man Drowns, Oyo",2025-01-31,2025-01-31,1,2024,1,Oyo,South West,0,0,Safe,40,Low,1,1,Low Risk
IBD031634,"Cult Clash, Rivers",2025-01-31,2025-02-01,3,2024,1,Rivers,South South,0,3,Safe,90,High,5,8,High Risk
IBD031629,"Security Operative Kills 1, FCT (Abuja)",2025-01-31,2025-01-31,1,2024,1,FCT,North Central,0,0,Safe,22,Low,1,1,Low Risk
IBD031718,"Gunmen vs Police Officer, Yobe",2025-01-31,2025-01-31,1,2024,1,Yobe,North East,1,5,Caution,18,Low,1,7,Moderate Risk
IBD031630,"Gunmen Attack, Plateau",2025-01-31,2025-01-31,5,2024,1,Plateau,North Central,2,8,Avoid Route,16,Low,1,11,High Risk
IBD031791,"Mysterious Death, Enugu",2025-01-31,2025-02-03,1,2024,1,Enugu,South East,0,0,Safe,50,Moderate,3,3,Low Risk
IBD031627,"Auto Crash, Lagos",2025-01-31,2025-01-31,1,2024,1,Lagos,South West,0,0,Safe,86,High,5,5,Moderate Risk
IBD032000,"Inferno, Yobe",2025-01-30,2025-01-30,1,2024,1,Yobe,North East,0,0,Safe,33,Low,1,1,Low Risk
IBD031620,"Security Operatives vs Gunmen, Anambra",2025-01-30,2025-01-30,25,2024,1,Anambra,South East,1,10,Avoid Route,75,Moderate,3,14,Extreme Danger
IBD031623,"Electricity Vandal, FCT (Abuja)",2025-01-30,2025-01-30,1,2024,1,FCT,North Central,0,0,Safe,22,Low,1,1,Low Risk
IBD031641,"Banditry, Zamfara",2025-01-30,2025-01-30,3,2024,1,Zamfara,North West,1,8,Avoid Route,25,Low,1,10,High Risk
IBD031598,"Auto Crash, Lagos",2025-01-29,2025-01-29,1,2024,1,Lagos,South West,0,0,Safe,86,High,5,5,Moderate Risk
IBD031616,"Gunmen Attack, Ogun",2025-01-29,2025-01-29,2,2024,1,Ogun,South West,2,5,Caution,55,Moderate,3,10,High Risk
IBD031626,"Kidnappers Kill Mother, Son, Anambra",2025-01-29,2025-01-29,2,2024,1,Anambra,South East,1,5,Caution,69,Moderate,3,9,High Risk
IBD031606,"Kidnap Victim, Niger",2025-01-28,2025-01-28,1,2024,1,Niger,North Central,1,5,Caution,13,Low,1,7,Moderate Risk
IBD031621,"Motorcycle Thief, FCT (Abuja)",2025-01-28,2025-01-28,1,2024,1,FCT,North Central,0,0,Safe,14,Low,1,1,Low Risk
IBD031602,"Medical Negligence, Rivers",2025-01-28,2025-01-28,1,2024,1,Rivers,South South,0,0,Safe,84,High,5,5,Moderate Risk
IBD031619,"Herdsmen Attack, Ondo",2025-01-28,2025-01-28,5,2024,1,Ondo,South West,2,8,Avoid Route,60,Moderate,3,13,Extreme Danger
IBD031611,"Childbirth Complications, Ogun",2025-01-28,2025-01-28,1,2024,1,Ogun,South West,0,0,Safe,72,Moderate,3,3,Low Risk
IBD031918,"Youths vs Teenager, Abia",2025-01-28,2025-01-28,1,2024,1,Abia,South East,0,0,Safe,54,Moderate,3,3,Low Risk
IBD031615,"NAF vs Boko Haram, Borno",2025-01-28,2025-01-28,40,2024,1,Borno,North East,0,5,Caution,24,Low,1,6,Moderate Risk
IBD031614,"Bandtiry, Katsina",2025-01-28,2025-01-28,1,2024,1,Katsina,North West,0,0,Safe,38,Low,1,1,Low Risk
IBD031609,"Bandits vs Herder, Niger",2025-01-28,2025-01-28,1,2024,1,Niger,North Central,1,5,Caution,47,Low,1,7,Moderate Risk
IBD031789,"Gun Kill Abducted Woman, FCT (Abuja)",2025-01-28,2025-01-28,1,2024,1,FCT,North Central,0,0,Safe,12,Low,1,1,Low Risk
IBD031632,"Youth vs Herdsmen, Delta",2025-01-28,2025-01-28,2,2024,1,Delta,South South,1,5,Caution,95,High,5,11,High Risk
IBD031601,"Building Collapse, Lagos",2025-01-28,2025-01-28,3,2024,1,Lagos,South West,0,3,Safe,89,High,5,8,High Risk
IBD031613,"Fulani Herders vs Farmers, Delta",2025-01-28,2025-01-28,2,2024,1,Delta,South South,0,0,Safe,99,High,5,5,Moderate Risk
IBD031603,"Explosion, Ogun",2025-01-27,2025-01-27,4,2024,1,Ogun,South West,0,3,Safe,75,Moderate,3,6,Moderate Risk
IBD031624,"Ritual Killing, Delta",2025-01-27,2025-01-27,2,2024,1,Delta,South South,0,0,Safe,86,High,5,5,Moderate Risk
IBD031617,"Security Operative vs Gunmen, Anambra",2025-01-27,2025-01-27,6,2024,1,Anambra,South East,1,8,Avoid Route,72,Moderate,3,12,Extreme Danger
IBD031724,"Police vs Youths, Benue",2025-01-27,2025-01-27,2,2024,1,Benue,North Central,0,0,Safe,48,Low,1,1,Low Risk
IBD031671,"Corpse Found, Niger",2025-01-27,2025-01-27,1,2024,1,Niger,North Central,0,0,Safe,13,Low,1,1,Low Risk
IBD031596,"Robbers Kill Motorist, FCT (Abuja)",2025-01-26,2025-01-26,1,2024,1,FCT,North Central,0,0,Safe,40,Low,1,1,Low Risk
IBD031592,"Auto Crash, Edo",2025-01-26,2025-01-26,3,2024,1,Edo,South South,0,3,Safe,70,Moderate,3,6,Moderate Risk
IBD031593,"Mining Explosion, Niger",2025-01-26,2025-01-26,25,2024,1,Niger,North Central,0,5,Caution,36,Low,1,6,Moderate Risk
IBD031605,"Domestic Violence, Kaduna",2025-01-26,2025-01-26,1,2024,1,Kaduna,North West,0,0,Safe,14,Low,1,1,Low Risk
IBD031597,"Assailants vs Woman, Anambra",2025-01-26,2025-01-26,1,2024,1,Anambra,South East,0,0,Safe,59,Moderate,3,3,Low Risk
IBD031622,"Flood Disaster, Kwara",2025-01-25,2025-01-25,1,2024,1,Kwara,North Central,0,0,Safe,44,Low,1,1,Low Risk
IBD031586,"Auto Crash, Enugu",2025-01-25,2025-01-25,19,2024,1,Enugu,South East,0,5,Caution,74,Moderate,3,8,High Risk
IBD031604,"Gunmen Attack, Kogi",2025-01-25,2025-01-25,1,2024,1,Kogi,North Central,2,5,Caution,34,Low,1,8,High Risk
IBD031594,"Drown, Kano",2025-01-25,2025-01-25,1,2024,1,Kano,North West,0,0,Safe,30,Low,1,1,Low Risk
IBD031588,"Auto Crash, Oyo",2025-01-25,2025-01-25,1,2024,1,Oyo,South West,0,0,Safe,19,Low,1,1,Low Risk
IBD031610,"Police vs Kidnappers, Ogun",2025-01-25,2025-01-25,5,2024,1,Ogun,South West,1,8,Avoid Route,51,Moderate,3,12,Extreme Danger
IBD031600,"Boko Haram vs Soldiers, Borno",2025-01-24,2025-01-24,20,2024,1,Borno,North East,0,5,Caution,44,Low,1,6,Moderate Risk
IBD031587,"Police vs IPOB Members, Imo",2025-01-24,2025-01-24,8,2024,1,Imo,South East,0,3,Safe,54,Moderate,3,6,Moderate Risk
IBD031589,"Assassins Kill Professor, Delta",2025-01-24,2025-01-24,1,2024,1,Delta,South South,0,0,Safe,96,High,5,5,Moderate Risk
IBD031583,"Banditry, Kaduna",2025-01-23,2025-01-23,1,2024,1,Kaduna,North West,1,5,Caution,40,Low,1,7,Moderate Risk
IBD031607,"Gunmen Attack, Anambra",2025-01-23,2025-01-23,1,2024,1,Anambra,South East,2,5,Caution,65,Moderate,3,10,High Risk
IBD031722,"Hoodlums Kill NYSC Member, Plateau",2025-01-23,2025-01-23,1,2024,1,Plateau,North Central,0,0,Safe,31,Low,1,1,Low Risk
IBD031576,"Police vs Kidnappers, Lagos",2025-01-23,2025-01-23,3,2024,1,Lagos,South West,1,8,Avoid Route,94,High,5,14,Extreme Danger
IBD031577,"Domestic Violence, Abia",2025-01-22,2025-01-22,1,2024,1,Abia,South East,0,0,Safe,54,Moderate,3,3,Low Risk
IBD031653,"Gunmen Attack, Kaduna",2025-01-22,2025-01-22,2,2024,1,Kaduna,North West,2,5,Caution,20,Low,1,8,High Risk
IBD031573,"Inferno, Ondo",2025-01-22,2025-01-22,2,2024,1,Ondo,South West,0,0,Safe,73,Moderate,3,3,Low Risk
IBD031569,"Husband vs Wife, Anambra",2025-01-22,2025-01-22,1,2024,1,Anambra,South East,0,0,Safe,56,Moderate,3,3,Low Risk
IBD031595,"Undergraduate Student, Osun",2025-01-22,2025-01-22,1,2024,1,Osun,South West,0,0,Safe,34,Low,1,1,Low Risk
IBD031544,"Bandits vs Boko Haram, Niger",2025-01-22,2025-01-22,20,2024,1,Niger,North Central,1,10,Avoid Route,17,Low,1,12,Extreme Danger
IBD031579,"Army Kill Wanted Terrorist, Plateau",2025-01-22,2025-01-22,1,2024,1,Plateau,North Central,1,5,Caution,26,Low,1,7,Moderate Risk
IBD031564,"Tanker Accident, Oyo",2025-01-22,2025-01-23,1,2024,1,Oyo,South West,0,0,Safe,43,Low,1,1,Low Risk
IBD031572,"Auto Crash, Kwara",2025-01-22,2025-01-22,14,2024,1,Kwara,North Central,0,5,Caution,43,Low,1,6,Moderate Risk
IBD031574,"Auto Crash, Ebonyi",2025-01-22,2025-01-22,2,2024,1,Ebonyi,South East,0,0,Safe,45,Low,1,1,Low Risk
IBD031580,"Boko Haram vs Fishermen,Borno",2025-01-22,2025-01-22,20,2024,1,Borno,North East,0,5,Caution,17,Low,1,6,Moderate Risk
IBD031575,"Gunmen vs Lawyer, Imo",2025-01-22,2025-01-22,1,2024,1,Imo,South East,1,5,Caution,59,Moderate,3,9,High Risk
IBD031735,"Medical Negligence, Imo",2025-01-21,2025-01-21,1,2024,1,Imo,South East,0,0,Safe,55,Moderate,3,3,Low Risk
IBD031562,"Boko Haram/ISWAP IED Explosion, Borno",2025-01-21,2025-01-21,1,2024,1,Borno,North East,0,0,Safe,28,Low,1,1,Low Risk
IBD031582,"NAF vs Terrorists, Niger",2025-01-21,2025-01-21,52,2024,1,Niger,North Central,1,10,Avoid Route,17,Low,1,12,Extreme Danger
IBD031655,"Inferno, Kano",2025-01-21,2025-01-21,6,2024,1,Kano,North West,0,3,Safe,44,Low,1,4,Moderate Risk
IBD031561,"Auto Crash, Ogun",2025-01-21,2025-01-21,1,2024,1,Ogun,South West,0,0,Safe,61,Moderate,3,3,Low Risk
IBD031570,"Soldiers vs Bandits, Kebbi",2025-01-21,2025-01-22,2,2024,1,Kebbi,North West,1,5,Caution,44,Low,1,7,Moderate Risk
IBD031571,"Hoodlums Kill Herder, FCT (Abuja)",2025-01-21,2025-01-21,1,2024,1,FCT,North Central,0,0,Safe,35,Low,1,1,Low Risk
IBD031568,"Man Dies Inside Well, Kano",2025-01-21,2025-01-21,1,2024,1,Kano,North West,0,0,Safe,34,Low,1,1,Low Risk
IBD031691,"Domestic Violence/Inferno, Anambra",2025-01-21,2025-01-21,1,2024,1,Anambra,South East,0,0,Safe,69,Moderate,3,3,Low Risk
IBD031688,"Police vs Bandits, Katsina",2025-01-21,2025-01-21,11,2024,1,Katsina,North West,1,10,Avoid Route,11,Low,1,12,Extreme Danger
IBD031784,"Stone to Death, Ogun",2025-01-20,2025-01-20,1,2024,1,Ogun,South West,0,0,Safe,68,Moderate,3,3,Low Risk
IBD031566,"Soldiers vs Bandits, Sokoto",2025-01-20,2025-01-21,12,2024,1,Sokoto,North West,1,10,Avoid Route,12,Low,1,12,Extreme Danger
IBD031563,"Market Robbery, Yobe",2025-01-20,2025-01-20,9,2024,1,Yobe,North East,0,3,Safe,36,Low,1,4,Moderate Risk
IBD031567,"Soldiers vs Bandits, Zamfara",2025-01-20,2025-01-21,12,2024,1,Zamfara,North West,1,10,Avoid Route,23,Low,1,12,Extreme Danger
IBD031551,"Auto Crash, Ogun",2025-01-20,2025-01-20,5,2024,1,Ogun,South West,0,3,Safe,51,Moderate,3,6,Moderate Risk
IBD031553,"Boat Mishap, Rivers",2025-01-20,2025-01-20,3,2024,1,Rivers,South South,0,3,Safe,80,High,5,8,High Risk
IBD031773,"Auto Crash, FCT (Abuja)",2025-01-20,2025-01-20,1,2024,1,FCT,North Central,0,0,Safe,34,Low,1,1,Low Risk
IBD031558,"Police vs Kidnapper, Adamawa",2025-01-19,2025-01-19,1,2024,1,Adamawa,North East,1,5,Caution,47,Low,1,7,Moderate Risk
IBD031540,"Gunmen Kill Prophet, Ogun",2025-01-19,2025-01-19,1,2024,1,Ogun,South West,1,5,Caution,70,Moderate,3,9,High Risk
IBD031552,"Auto Crash, Ogun",2025-01-19,2025-01-19,1,2024,1,Ogun,South West,0,0,Safe,51,Moderate,3,3,Low Risk
IBD031549,"Cultist, Ondo",2025-01-19,2025-01-19,1,2024,1,Ondo,South West,0,0,Safe,70,Moderate,3,3,Low Risk
IBD031541,"Communal Clash, Ebonyi",2025-01-18,2025-01-18,1,2024,1,Ebonyi,South East,0,0,Safe,44,Low,1,1,Low Risk
IBD031556,"Police vs Bandits, Kogi",2025-01-18,2025-01-18,1,2024,1,Kogi,North Central,1,5,Caution,11,Low,1,7,Moderate Risk
IBD031538,"Auto Crash, Niger",2025-01-18,2025-01-18,98,2024,1,Niger,North Central,0,5,Caution,42,Low,1,6,Moderate Risk
IBD031590,"Wedding Guest, Niger",2025-01-18,2025-01-18,1,2024,1,Niger,North Central,0,0,Safe,17,Low,1,1,Low Risk
IBD031548,"Banditry, Katsina",2025-01-18,2025-01-18,7,2024,1,Katsina,North West,1,8,Avoid Route,36,Low,1,10,High Risk
IBD031543,"Drowns, Ekiti",2025-01-17,2025-01-17,2,2024,1,Ekiti,South West,0,0,Safe,29,Low,1,1,Low Risk
IBD031530,"Land Dispute, Ondo",2025-01-17,2025-01-17,5,2024,1,Ondo,South West,0,3,Safe,50,Moderate,3,6,Moderate Risk
IBD031546,"EFCC Operative, Anambra",2025-01-17,2025-01-17,1,2024,1,Anambra,South East,0,0,Safe,69,Moderate,3,3,Low Risk
IBD031542,"Assailant vs Woman, Ogun",2025-01-17,2025-01-17,1,2024,1,Ogun,South West,0,0,Safe,66,Moderate,3,3,Low Risk
IBD031537,"Cult Clash, Bayelsa",2025-01-17,2025-01-17,1,2024,1,Bayelsa,South South,0,0,Safe,99,High,5,5,Moderate Risk
IBD031536,"Assailant Kills Two, Delta",2025-01-17,2025-01-17,3,2024,1,Delta,South South,0,3,Safe,98,High,5,8,High Risk
IBD031547,"Troops vs Bandits, Zamfara",2025-01-17,2025-01-17,20,2024,1,Zamfara,North West,1,10,Avoid Route,10,Low,1,12,Extreme Danger
IBD031526,"Miliatry vs Lakurawa, Sokoto",2025-01-16,2025-01-16,11,2024,1,Sokoto,North West,0,5,Caution,22,Low,1,6,Moderate Risk
IBD031560,"Sex Romp, FCT (Abuja)",2025-01-16,2025-01-16,1,2024,1,FCT,North Central,0,0,Safe,45,Low,1,1,Low Risk
IBD031535,"Footballer Slumps, Dies, Ogun",2025-01-16,2025-01-16,1,2024,1,Ogun,South West,0,0,Safe,73,Moderate,3,3,Low Risk
IBD031872,"Ritual Killing, Lagos",2025-01-16,2025-01-16,1,2024,1,Lagos,South West,0,0,Safe,94,High,5,5,Moderate Risk
IBD031529,"Auto Crash, Benue",2025-01-16,2025-01-16,10,2024,1,Benue,North Central,0,5,Caution,44,Low,1,6,Moderate Risk
IBD031591,"Boko Haram vs Soldiers, Borno",2025-01-16,2025-01-16,94,2024,1,Borno,North East,0,5,Caution,44,Low,1,6,Moderate Risk
IBD031528,"Communual Clash, Osun",2025-01-16,2025-01-16,1,2024,1,Osun,South West,0,0,Safe,32,Low,1,1,Low Risk
IBD031545,"Man Kills Inlaw, Imo",2025-01-16,2025-01-16,1,2024,1,Imo,South East,0,0,Safe,76,Moderate,3,3,Low Risk
IBD031531,"Fire Incident, FCT (Abuja)",2025-01-16,2025-01-16,1,2024,1,FCT,North Central,0,0,Safe,18,Low,1,1,Low Risk
IBD031532,"Drowns, Lagos",2025-01-15,2025-01-15,1,2024,1,Lagos,South West,0,0,Safe,99,High,5,5,Moderate Risk
IBD031521,"Auto Crash, Lagos",2025-01-15,2025-01-15,1,2024,1,Lagos,South West,0,0,Safe,93,High,5,5,Moderate Risk
IBD031518,"Cult Killing, Akwa Ibom",2025-01-15,2025-01-15,1,2024,1,Akwa Ibom,South South,0,0,Safe,84,High,5,5,Moderate Risk
IBD031585,"Decomposing Body, Benue",2025-01-15,2025-01-15,1,2024,1,Benue,North Central,0,0,Safe,47,Low,1,1,Low Risk
IBD031527,"Bandits Kill Medical Doctor, Katsina",2025-01-14,2025-01-14,1,2024,1,Katsina,North West,1,5,Caution,35,Low,1,7,Moderate Risk
IBD031513,"Auto Crash, Oyo",2025-01-14,2025-01-14,1,2024,1,Oyo,South West,0,0,Safe,39,Low,1,1,Low Risk
IBD031565,"Boy Shot Dead, Kebbi",2025-01-14,2025-01-14,1,2024,1,Kebbi,North West,0,0,Safe,23,Low,1,1,Low Risk
IBD031522,"Security Operatives vs Gunmen, Anambra",2025-01-14,2025-01-14,5,2024,1,Anambra,South East,1,8,Avoid Route,54,Moderate,3,12,Extreme Danger
IBD031524,"Auto Crash, Ondo",2025-01-14,2025-01-14,4,2024,1,Ondo,South West,0,3,Safe,61,Moderate,3,6,Moderate Risk
IBD031508,"Auto Crash, Kogi",2025-01-14,2025-01-14,6,2024,1,Kogi,North Central,0,3,Safe,26,Low,1,4,Moderate Risk
IBD031519,"Cultists vs Vigilante, Rivers",2025-01-14,2025-01-14,1,2024,1,Rivers,South South,0,0,Safe,93,High,5,5,Moderate Risk
IBD031514,"Kidnapper vs Banker, Anambra",2025-01-14,2025-01-14,1,2024,1,Anambra,South East,1,5,Caution,78,Moderate,3,9,High Risk
IBD031523,"Boko Haram vs Security Operatives, Borno",2025-01-14,2025-01-14,50,2024,1,Borno,North East,0,5,Caution,27,Low,1,6,Moderate Risk
IBD031520,"Troops vs Terrorists, Kebbi",2025-01-14,2025-01-14,20,2024,1,Kebbi,North West,1,10,Avoid Route,26,Low,1,12,Extreme Danger
IBD031525,"Hoodlums vs Cyclist, FCT (Abuja)",2025-01-14,2025-01-14,1,2024,1,FCT,North Central,0,0,Safe,34,Low,1,1,Low Risk
IBD031505,"Fire Outbreak, Rivers",2025-01-13,2025-01-13,1,2024,1,Rivers,South South,0,0,Safe,98,High,5,5,Moderate Risk
IBD031507,"Auto Crash, Rivers",2025-01-13,2025-01-13,2,2024,1,Rivers,South South,0,0,Safe,91,High,5,5,Moderate Risk
IBD031517,"Auto Crash, Niger",2025-01-13,2025-01-13,8,2024,1,Niger,North Central,0,3,Safe,35,Low,1,4,Moderate Risk
IBD031509,"Auto Crash, FCT (Abuja)",2025-01-13,2025-01-13,2,2024,1,FCT,North Central,0,0,Safe,43,Low,1,1,Low Risk
IBD031511,"Man Kill Father, Delta",2025-01-13,2025-01-13,1,2024,1,Delta,South South,0,0,Safe,95,High,5,5,Moderate Risk
IBD031496,"Armed Robbers vs Man, Oyo",2025-01-13,2025-01-13,1,2024,1,Oyo,South West,0,0,Safe,37,Low,1,1,Low Risk
IBD031510,"Man vs Police Officer, Kano",2025-01-13,2025-01-13,1,2024,1,Kano,North West,0,0,Safe,43,Low,1,1,Low Risk
IBD031485,"Boko Haram Attack, Borno",2025-01-12,2025-01-12,2,2024,1,Borno,North East,1,5,Caution,21,Low,1,7,Moderate Risk
IBD031500,"Communal Clash, Ondo",2025-01-12,2025-01-12,2,2024,1,Ondo,South West,0,0,Safe,65,Moderate,3,3,Low Risk
IBD031515,"Lovers vs Foreigner, Ogun",2025-01-12,2025-01-12,1,2024,1,Ogun,South West,0,0,Safe,56,Moderate,3,3,Low Risk
IBD031489,"Domestic Violence, Ogun",2025-01-12,2025-01-12,1,2024,1,Ogun,South West,0,0,Safe,79,Moderate,3,3,Low Risk
IBD031497,"Boko Haram vs Farmers, Borno",2025-01-12,2025-01-12,40,2024,1,Borno,North East,0,5,Caution,32,Low,1,6,Moderate Risk
PAR012735,"Lovers vs Foreigner, Ogun",2025-01-12,2025-01-12,1,2024,1,Ogun,South West,0,0,Safe,61,Moderate,3,3,Low Risk
IBD031495,"Facebook Lover, Lagos",2025-01-12,2025-01-12,1,2024,1,Lagos,South West,0,0,Safe,91,High,5,5,Moderate Risk
IBD031503,"Auto Crash, Sokoto",2025-01-12,2025-01-12,6,2024,1,Sokoto,North West,0,3,Safe,47,Low,1,4,Moderate Risk
IBD031499,"Domestic Violence, Nasarawa",2025-01-12,2025-01-12,1,2024,1,Nasarawa,North Central,0,0,Safe,23,Low,1,1,Low Risk
IBD031501,"Auto Crash, Plateau",2025-01-11,2025-01-11,19,2024,1,Plateau,North Central,0,5,Caution,21,Low,1,6,Moderate Risk
IBD031777,"Military Airstrike, Zamfara",2025-01-11,2025-01-11,16,2024,1,Zamfara,North West,0,5,Caution,28,Low,1,6,Moderate Risk
IBD031482,"Auto Crash, Lagos",2025-01-11,2025-01-11,2,2024,1,Lagos,South West,0,0,Safe,99,High,5,5,Moderate Risk
IBD031493,"Herders Kill 9, Nasarawa",2025-01-11,2025-01-11,8,2024,1,Nasarawa,North Central,0,3,Safe,41,Low,1,4,Moderate Risk
IBD031492,"Well Digger Dies, Ogun",2025-01-11,2025-01-11,1,2024,1,Ogun,South West,0,0,Safe,70,Moderate,3,3,Low Risk
IBD031504,"Kidnappers Kill Vigilante, Lagos",2025-01-11,2025-01-11,1,2024,1,Lagos,South West,1,5,Caution,86,High,5,11,High Risk
IBD031484,"Domestic Violence, Ondo",2025-01-11,2025-01-11,1,2024,1,Ondo,South West,0,0,Safe,78,Moderate,3,3,Low Risk
IBD031506,"Hoodlums vs Motorcyclist, FCT (Abuja)",2025-01-11,2025-01-11,1,2024,1,FCT,North Central,0,0,Safe,46,Low,1,1,Low Risk
IBD031550,"Kidnappers vs Teenager, Katsina",2025-01-11,2025-01-11,1,2024,1,Katsina,North West,1,5,Caution,11,Low,1,7,Moderate Risk
IBD031488,"Herdsmen/Kidnappers Kill Victim, Benue",2025-01-11,2025-01-11,1,2024,1,Benue,North Central,2,5,Caution,20,Low,1,8,High Risk
IBD031491,"Auto Crash, Osun",2025-01-11,2025-01-11,1,2024,1,Osun,South West,0,0,Safe,32,Low,1,1,Low Risk
IBD031494,"Fulani Herdsmen Attack, FCT (Abuja)",2025-01-11,2025-01-11,1,2024,1,FCT,North Central,2,5,Caution,22,Low,1,8,High Risk
IBD031476,"Sex Worker vs Barman, Adamawa",2025-01-10,2025-01-10,1,2024,1,Adamawa,North East,0,0,Safe,33,Low,1,1,Low Risk
IBD031479,"Terrorists Kill Airtel Staff, Kebbi",2025-01-10,2025-01-10,3,2024,1,Kebbi,North West,1,8,Avoid Route,12,Low,1,10,High Risk
IBD031486,"Banditry, Zamfara",2025-01-10,2025-01-10,29,2024,1,Zamfara,North West,1,10,Avoid Route,15,Low,1,12,Extreme Danger
IBD031599,"Kidnapper Killed Man, Jigawa",2025-01-10,2025-01-10,1,2024,1,Jigawa,North West,1,5,Caution,24,Low,1,7,Moderate Risk
IBD031480,"Armed Robbers vs Uber Driver, Lagos",2025-01-09,2025-01-09,1,2024,1,Lagos,South West,0,0,Safe,83,High,5,5,Moderate Risk
PAR012723,"Auto Crash, Kaduna",2025-01-09,2025-01-09,10,2024,1,Kaduna,North West,0,5,Caution,39,Low,1,6,Moderate Risk
IBD031554,"Fraudsters Kill Girl, Delta",2025-01-09,2025-01-09,1,2024,1,Delta,South South,0,0,Safe,82,High,5,5,Moderate Risk
IBD031481,"Well Digger, Kano",2025-01-09,2025-01-09,1,2024,1,Kano,North West,0,0,Safe,11,Low,1,1,Low Risk
IBD031472,"Auto Crash, Lagos",2025-01-09,2025-01-09,1,2024,1,Lagos,South West,0,0,Safe,89,High,5,5,Moderate Risk
IBD031475,"Communal Clash, Jigawa",2025-01-09,2025-01-09,10,2024,1,Jigawa,North West,0,5,Caution,36,Low,1,6,Moderate Risk
IBD031464,"Ticketers vs Okada Riders, Ekiti",2025-01-09,2025-01-09,1,2024,1,Ekiti,South West,0,0,Safe,12,Low,1,1,Low Risk
IBD031471,"Auto Crash, Ogun",2025-01-09,2025-01-09,1,2024,1,Ogun,South West,0,0,Safe,75,Moderate,3,3,Low Risk
PAR012733,"Auto Crash, Ogun",2025-01-08,2025-01-08,1,2024,1,Ogun,South West,0,0,Safe,71,Moderate,3,3,Low Risk
PAR012728,"Auto Crash, Oyo",2025-01-08,2025-01-08,2,2024,1,Oyo,South West,0,0,Safe,33,Low,1,1,Low Risk
PAR012732,"Auto Crash, Lagos",2025-01-08,2025-01-08,1,2024,1,Lagos,South West,0,0,Safe,91,High,5,5,Moderate Risk
IBD031470,"Cult Killing, Bayelsa",2025-01-08,2025-01-08,3,2024,1,Bayelsa,South South,0,3,Safe,83,High,5,8,High Risk
IBD031467,"Boko Haram vs Policemen, Borno",2025-01-08,2025-01-08,2,2024,1,Borno,North East,0,0,Safe,28,Low,1,1,Low Risk
IBD031469,"Banditry, Kaduna",2025-01-08,2025-01-08,2,2024,1,Kaduna,North West,1,5,Caution,21,Low,1,7,Moderate Risk
IBD031468,"Inferno, FCT (Abuja)",2025-01-08,2025-01-08,2,2024,1,FCT,North Central,0,0,Safe,48,Low,1,1,Low Risk
IBD031498,"Corpse Found, Plateau",2025-01-08,2025-01-08,1,2024,1,Plateau,North Central,0,0,Safe,21,Low,1,1,Low Risk
IBD031466,"Security Operatives vs Bandit, Katsina",2025-01-08,2025-01-08,20,2024,1,Katsina,North West,1,10,Avoid Route,22,Low,1,12,Extreme Danger
IBD031462,"Police Kill Bandits, Sokoto",2025-01-08,2025-01-08,1,2024,1,Sokoto,North West,1,5,Caution,11,Low,1,7,Moderate Risk
IBD031453,"Auto Crash, Lagos",2025-01-07,2025-01-07,1,2024,1,Lagos,South West,0,0,Safe,100,High,5,5,Moderate Risk
IBD031474,"Cult Killing, Ogun",2025-01-07,2025-01-07,1,2024,1,Ogun,South West,0,0,Safe,60,Moderate,3,3,Low Risk
IBD031452,"Auto Crash, Oyo",2025-01-07,2025-01-07,3,2024,1,Oyo,South West,0,3,Safe,27,Low,1,4,Moderate Risk
IBD031478,"NAF Airstrikes, Katsina",2025-01-07,2025-01-07,28,2024,1,Katsina,North West,0,5,Caution,36,Low,1,6,Moderate Risk
PAR012734,"Communal Clash, Ebonyi",2025-01-07,2025-01-07,10,2024,1,Ebonyi,South East,0,5,Caution,31,Low,1,6,Moderate Risk
IBD031463,"Auto Crash, Delta",2025-01-07,2025-01-07,5,2024,1,Delta,South South,0,3,Safe,100,High,5,8,High Risk
IBD031465,"Banditry, Katsina",2025-01-07,2025-01-07,24,2024,1,Katsina,North West,1,10,Avoid Route,44,Low,1,12,Extreme Danger
IBD031533,"Soldiers vs Terrorists, Sokoto",2025-01-07,2025-01-07,5,2024,1,Sokoto,North West,1,8,Avoid Route,34,Low,1,10,High Risk
IBD031444,"Fire Incident, Sokoto",2025-01-06,2025-01-06,4,2024,1,Sokoto,North West,0,3,Safe,32,Low,1,4,Moderate Risk
PAR012730,"Pastor, FCT (Abuja)",2025-01-06,2025-01-06,1,2024,1,FCT,North Central,0,0,Safe,18,Low,1,1,Low Risk
IBD031447,"Electrician Dies, Ogun",2025-01-06,2025-01-06,1,2024,1,Ogun,South West,0,0,Safe,55,Moderate,3,3,Low Risk
IBD031445,"IED Explosion Kills 2, FCT (Abuja)",2025-01-06,2025-01-06,2,2024,1,FCT,North Central,0,0,Safe,14,Low,1,1,Low Risk
PAR012727,"Electrocution, Delta",2025-01-06,2025-01-06,1,2024,1,Delta,South South,0,0,Safe,89,High,5,5,Moderate Risk
IBD031448,"Domestic Violence, Anambra",2025-01-06,2025-01-06,1,2024,1,Anambra,South East,0,0,Safe,57,Moderate,3,3,Low Risk
IBD031446,"Army vs Kidnappers, Rivers",2025-01-06,2025-01-06,2,2024,1,Rivers,South South,1,5,Caution,97,High,5,11,High Risk
IBD031450,"ISWAP vs Army, Borno",2025-01-05,2025-01-05,23,2024,1,Borno,North East,0,5,Caution,35,Low,1,6,Moderate Risk
IBD031451,"Hoodlums vs Vigilante, Niger",2025-01-05,2025-01-05,1,2024,1,Niger,North Central,0,0,Safe,42,Low,1,1,Low Risk
IBD031443,"Cult Clash, Ondo",2025-01-05,2025-01-05,6,2024,1,Ondo,South West,0,3,Safe,57,Moderate,3,6,Moderate Risk
IBD031776,"Military vs Boko Haram, Borno",2025-01-05,2025-01-05,30,2024,1,Borno,North East,0,5,Caution,35,Low,1,6,Moderate Risk
PAR012729,"Gunmen Attacks, Imo",2025-01-05,2025-01-05,18,2024,1,Imo,South East,2,10,Avoid Route,72,Moderate,3,15,Extreme Danger
IBD031775,"Gunmen Attack, Imo",2025-01-05,2025-01-05,18,2024,1,Imo,South East,2,10,Avoid Route,59,Moderate,3,15,Extreme Danger
IBD031439,"Tanker Explosion, Delta",2025-01-05,2025-01-05,5,2024,1,Delta,South South,0,3,Safe,81,High,5,8,High Risk
IBD031502,"Female Corpse Discovered, Delta",2025-01-05,2025-01-05,1,2024,1,Delta,South South,0,0,Safe,93,High,5,5,Moderate Risk
IBD031456,"Gas Explosion, Rivers",2025-01-04,2025-01-04,4,2024,1,Rivers,South South,0,3,Safe,85,High,5,8,High Risk
IBD031435,"Auto Crash, Osun",2025-01-04,2025-01-04,1,2024,1,Osun,South West,0,0,Safe,35,Low,1,1,Low Risk
IBD031441,"Banditry, Katsina",2025-01-04,2025-01-04,4,2024,1,Katsina,North West,1,8,Avoid Route,35,Low,1,10,High Risk
IBD031455,"Auto Crash, FCT (Abuja)",2025-01-04,2025-01-04,4,2024,1,FCT,North Central,0,3,Safe,27,Low,1,4,Moderate Risk
PAR012725,"Assailants vs Children, Anambra",2025-01-04,2025-01-04,3,2024,1,Anambra,South East,0,3,Safe,77,Moderate,3,6,Moderate Risk
IBD031460,"Army vs Bandits, Zamfara",2025-01-04,2025-01-04,21,2024,1,Zamfara,North West,1,10,Avoid Route,32,Low,1,12,Extreme Danger
IBD031449,"Security Operatives vs Bandits, Katsina",2025-01-04,2025-01-04,80,2024,1,Katsina,North West,1,10,Avoid Route,11,Low,1,12,Extreme Danger
PAR012731,"Cult Clash, Lagos",2025-01-04,2025-01-06,3,2024,1,Lagos,South West,0,3,Safe,95,High,5,8,High Risk
IBD031437,"Police vs Kidnappers, Imo",2025-01-04,2025-01-04,2,2024,1,Imo,South East,1,5,Caution,70,Moderate,3,9,High Risk
IBD031612,"Domestic Violence, Kogi",2025-01-04,2025-01-04,1,2024,1,Kogi,North Central,0,0,Safe,24,Low,1,1,Low Risk
IBD031483,"Diesel Reservoir Workers, Lagos",2025-01-04,2025-01-04,2,2024,1,Lagos,South West,0,0,Safe,86,High,5,5,Moderate Risk
IBD031461,"Military vs Bandits, Zamfara",2025-01-04,2025-01-04,18,2024,1,Zamfara,North West,1,10,Avoid Route,39,Low,1,12,Extreme Danger
IBD031438,"Auto Crash, Bayelsa",2025-01-03,2025-01-03,1,2024,1,Bayelsa,South South,0,0,Safe,100,High,5,5,Moderate Risk
IBD031442,"Wizardry, Ebonyi",2025-01-03,2025-01-03,1,2024,1,Ebonyi,South East,0,0,Safe,39,Low,1,1,Low Risk
IBD031432,"Gunmen vs Farmers, Kogi",2025-01-03,2025-01-03,2,2024,1,Kogi,North Central,1,5,Caution,16,Low,1,7,Moderate Risk
IBD031966,"Communal Clash, Imo",2025-01-03,2025-01-03,1,2024,1,Imo,South East,0,0,Safe,57,Moderate,3,3,Low Risk
PAR012721,"Auto Crash, Abia",2025-01-03,2025-01-03,2,2024,1,Abia,South East,0,0,Safe,72,Moderate,3,3,Low Risk
IBD031434,"Lakurawa vs Police Officers, Kebbi",2025-01-03,2025-01-03,2,2024,1,Kebbi,North West,0,0,Safe,36,Low,1,1,Low Risk
PAR012720,"Policeman Kills Woman, Ekiti",2025-01-02,2025-01-02,1,2024,1,Ekiti,South West,0,0,Safe,25,Low,1,1,Low Risk
IBD031440,"Domestic Violence, Delta",2025-01-02,2025-01-02,1,2024,1,Delta,South South,0,0,Safe,99,High,5,5,Moderate Risk
PAR012722,"Wedding Guest, Jigawa",2025-01-02,2025-01-02,1,2024,1,Jigawa,North West,0,0,Safe,26,Low,1,1,Low Risk
IBD031512,"Hoodlums vs Man, Akwa Ibom",2025-01-02,2025-01-02,1,2024,1,Akwa Ibom,South South,0,0,Safe,90,High,5,5,Moderate Risk
IBD031788,"Assailants vs Man, Edo",2025-01-02,2025-01-02,1,2024,1,Edo,South South,0,0,Safe,58,Moderate,3,3,Low Risk
IBD031433,"Farmers vs Herders, Jigawa",2025-01-02,2025-01-02,11,2024,1,Jigawa,North West,0,5,Caution,43,Low,1,6,Moderate Risk
PAR012718,"Auto Crash, Gombe",2025-01-02,2025-01-02,7,2024,1,Gombe,North East,0,3,Safe,20,Low,1,4,Moderate Risk
PAR012713,"Man Kills Bishop, Osun",2025-01-02,2025-01-02,1,2024,1,Osun,South West,0,0,Safe,17,Low,1,1,Low Risk
PAR012711,"Electrician Electrocuted, Lagos",2025-01-01,2025-01-01,1,2024,1,Lagos,South West,0,0,Safe,97,High,5,5,Moderate Risk
PAR012717,"Assailants Kill Ex-Controller, Kwara",2025-01-01,2025-01-01,1,2024,1,Kwara,North Central,0,0,Safe,15,Low,1,1,Low Risk
IBD031739,"Medical Negligence, Lagos",2025-01-01,2025-01-01,1,2024,1,Lagos,South West,0,0,Safe,93,High,5,5,Moderate Risk
PAR012715,"Domestic Violence, Niger",2025-01-01,2025-01-01,1,2024,1,Niger,North Central,0,0,Safe,40,Low,1,1,Low Risk
PAR012710,"Catholic Priest Kills Boy, Imo",2025-01-01,2025-01-01,1,2024,1,Imo,South East,0,0,Safe,60,Moderate,3,3,Low Risk
IBD031454,"Man Set Ablaze, Imo",2025-01-01,2025-01-01,1,2024,1,Imo,South East,0,0,Safe,71,Moderate,3,3,Low Risk
PAR012712,"Man Kills Another, Delta",2025-01-01,2025-01-01,1,2024,1,Delta,South South,0,0,Safe,90,High,5,5,Moderate Risk
PAR012703,"Police vs Kidnappers, Benue",2024-12-31,2024-12-31,2,2024,1,Benue,North Central,1,5,Caution,22,Low,1,7,Moderate Risk
PAR012714,"Cult Clash, Delta",2024-12-31,2024-12-31,1,2024,1,Delta,South South,0,0,Safe,83,High,5,5,Moderate Risk
IBD031581,"Domestic Violence, Ondo",2024-12-31,2024-12-31,1,2024,1,Ondo,South West,0,0,Safe,68,Moderate,3,3,Low Risk
PAR012709,"Auto Crash., Lagos",2024-12-31,2024-12-31,1,2024,1,Lagos,South West,0,0,Safe,96,High,5,5,Moderate Risk
PAR012706,"Chieftaincy Candidate, Bayelsa",2024-12-31,2024-12-31,1,2024,1,Bayelsa,South South,0,0,Safe,94,High,5,5,Moderate Risk
PAR012698,"Chieftaincy Crisis, Delta",2024-12-30,2024-12-30,1,2024,1,Delta,South South,0,0,Safe,89,High,5,5,Moderate Risk
PAR012699,"Gunmen Kill 7, Anambra",2024-12-30,2024-12-30,6,2024,1,Anambra,South East,1,8,Avoid Route,62,Moderate,3,12,Extreme Danger
PAR012704,"Banditry, Kaduna",2024-12-30,2024-12-30,3,2024,1,Kaduna,North West,1,8,Avoid Route,10,Low,1,10,High Risk
IBD031459,"Man Stab Woman, Ogun",2024-12-30,2024-12-30,1,2024,1,Ogun,South West,0,0,Safe,75,Moderate,3,3,Low Risk
PAR012697,"Auto Crash, Benue",2024-12-29,2024-12-29,1,2024,1,Benue,North Central,0,0,Safe,29,Low,1,1,Low Risk
PAR012696,"Cattler Rustlers vs Herder, Ondo",2024-12-29,2024-12-29,1,2024,1,Ondo,South West,0,0,Safe,60,Moderate,3,3,Low Risk
PAR012702,"Gang Kill Tailor, Plateau",2024-12-29,2024-12-29,1,2024,1,Plateau,North Central,0,0,Safe,22,Low,1,1,Low Risk
IBD031458,"Carnival, Ogun",2024-12-28,2024-12-28,1,2024,1,Ogun,South West,0,0,Safe,74,Moderate,3,3,Low Risk
PAR012693,"Auto Crash, Ondo",2024-12-28,2024-12-28,13,2024,1,Ondo,South West,0,5,Caution,79,Moderate,3,8,High Risk
PAR012707,"Aurto Crash, Lagos",2024-12-28,2024-12-28,1,2024,1,Lagos,South West,0,0,Safe,95,High,5,5,Moderate Risk
PAR012700,"Banditry, Kaduna",2024-12-28,2024-12-28,1,2024,1,Kaduna,North West,1,5,Caution,16,Low,1,7,Moderate Risk
PAR012695,"Auto Crash, Ogun",2024-12-28,2024-12-28,1,2024,1,Ogun,South West,0,0,Safe,71,Moderate,3,3,Low Risk
PAR012701,"Man Dies Separating Fight, FCT (Abuja)",2024-12-28,2024-12-28,1,2024,1,FCT,North Central,0,0,Safe,28,Low,1,1,Low Risk
PAR012692,"DSS vs Bandits, Niger",2024-12-27,2024-12-27,3,2024,1,Niger,North Central,1,8,Avoid Route,22,Low,1,10,High Risk
PAR012694,"IPOB/ESN vs Soldiers, Imo",2024-12-27,2024-12-27,3,2024,1,Imo,South East,0,3,Safe,57,Moderate,3,6,Moderate Risk
IBD031436,"Cult Clash, Lagos",2024-12-27,2024-12-27,3,2024,1,Lagos,South West,0,3,Safe,88,High,5,8,High Risk
PAR012685,"Gunmen Kill Catholic Reverend Father, Anambra",2024-12-26,2024-12-26,1,2024,1,Anambra,South East,1,5,Caution,53,Moderate,3,9,High Risk
PAR012686,"Auto Crash, Ogun",2024-12-26,2024-12-26,4,2024,1,Ogun,South West,0,3,Safe,67,Moderate,3,6,Moderate Risk
PAR012684,"Soldiers vs Bandits, Zamfara",2024-12-26,2024-12-26,11,2024,1,Zamfara,North West,1,10,Avoid Route,19,Low,1,12,Extreme Danger
IBD031673,"Corpse Found, Anambra",2024-12-26,2024-12-26,1,2024,1,Anambra,South East,0,0,Safe,74,Moderate,3,3,Low Risk
PAR012691,"Auto Crash, Jigawa",2024-12-26,2024-12-26,1,2024,1,Jigawa,North West,0,0,Safe,30,Low,1,1,Low Risk
IBD031431,"Soldiers vs Tricycle, Plateau",2024-12-26,2024-12-26,1,2024,1,Plateau,North Central,0,0,Safe,47,Low,1,1,Low Risk
IBD009528,"Domestic Violence, Cross River",2024-12-25,2024-12-25,1,2024,1,Cross River,South South,0,0,Safe,87,High,5,5,Moderate Risk
PAR012688,"Herdsmen Attack, Benue",2024-12-25,2024-12-25,17,2024,1,Benue,North Central,2,10,Avoid Route,41,Low,1,13,Extreme Danger
IBD031896,"Gas Explosion, Niger",2024-12-25,2024-12-25,1,2024,1,Niger,North Central,0,0,Safe,30,Low,1,1,Low Risk
PAR012687,"Dock Worker, Lagos",2024-12-25,2024-12-25,1,2024,1,Lagos,South West,0,0,Safe,91,High,5,5,Moderate Risk
PAR012689,"Friend Kills Colleague, Kogi",2024-12-25,2024-12-25,1,2024,1,Kogi,North Central,0,0,Safe,38,Low,1,1,Low Risk
PAR012683,"NAF vs Lakurawa Terrorists, Sokoto",2024-12-25,2024-12-25,10,2024,1,Sokoto,North West,1,10,Avoid Route,23,Low,1,12,Extreme Danger
PAR012708,"Ritual Killing, Nasarawa",2024-12-25,2024-12-25,1,2024,1,Nasarawa,North Central,0,0,Safe,26,Low,1,1,Low Risk
IBD031430,"Domestic Violence, Edo",2024-12-24,2024-12-24,1,2024,1,Edo,South South,0,0,Safe,77,Moderate,3,3,Low Risk
PAR012719,"Witchcraft, Benue",2024-12-24,2024-12-24,1,2024,1,Benue,North Central,0,0,Safe,17,Low,1,1,Low Risk
IBD031490,"Ritual Killing, Cross River",2024-12-24,2024-12-24,1,2024,1,Cross River,South South,0,0,Safe,89,High,5,5,Moderate Risk
PAR012677,"Auto Crash, Edo",2024-12-24,2024-12-24,2,2024,1,Edo,South South,0,0,Safe,51,Moderate,3,3,Low Risk
PAR012679,"Electrocution, Enugu",2024-12-23,2024-12-23,1,2024,1,Enugu,South East,0,0,Safe,71,Moderate,3,3,Low Risk
IBD031424,"Domestic Violence, Ebonyi",2024-12-23,2024-12-23,1,2024,1,Ebonyi,South East,0,0,Safe,44,Low,1,1,Low Risk
PAR012680,"Auto Crash, Plateau",2024-12-23,2024-12-23,3,2024,1,Plateau,North Central,0,3,Safe,46,Low,1,4,Moderate Risk
IBD031418,"Ritual Killing, Ogun",2024-12-22,2024-12-22,1,2024,1,Ogun,South West,0,0,Safe,59,Moderate,3,3,Low Risk
PAR012674,"Auto Crash, Abia",2024-12-22,2024-12-22,8,2024,1,Abia,South East,0,3,Safe,51,Moderate,3,6,Moderate Risk
PAR012673,"Gunmen Kill 15, Plateau",2024-12-22,2024-12-22,14,2024,1,Plateau,North Central,1,10,Avoid Route,20,Low,1,12,Extreme Danger
IBD031421,"Soldiers vs Bandits, Kaduna",2024-12-21,2024-12-21,1,2024,1,Kaduna,North West,1,5,Caution,26,Low,1,7,Moderate Risk
IBD031425,"Soldiers vs Kidnappers, Enugu",2024-12-21,2024-12-21,1,2024,1,Enugu,South East,1,5,Caution,76,Moderate,3,9,High Risk
PAR012681,"Communal Clash, Akwa Ibom",2024-12-21,2024-12-21,1,2024,1,Akwa Ibom,South South,0,0,Safe,83,High,5,5,Moderate Risk
IBD031422,"Fire Incident, Oyo",2024-12-21,2024-12-21,3,2024,1,Oyo,South West,0,3,Safe,30,Low,1,4,Moderate Risk
IBD031415,"10 Die in Stampede, FCT (Abuja)",2024-12-21,2024-12-21,10,2024,1,FCT,North Central,0,5,Caution,13,Low,1,6,Moderate Risk
PAR012678,"Gang Clash, Niger",2024-12-21,2024-12-21,1,2024,1,Niger,North Central,0,0,Safe,24,Low,1,1,Low Risk
IBD031416,"Stampede, Anambra",2024-12-21,2024-12-21,22,2024,1,Anambra,South East,0,5,Caution,59,Moderate,3,8,High Risk
IBD031539,"Teenagers Beat Man to Death, Gombe",2024-12-21,2024-12-21,1,2024,1,Gombe,North East,0,0,Safe,36,Low,1,1,Low Risk
IBD031419,"Auto Crash, Ogun",2024-12-20,2024-12-20,3,2024,1,Ogun,South West,0,3,Safe,55,Moderate,3,6,Moderate Risk
IBD031809,"Extrajudicial Killing, Kwara",2024-12-20,2024-12-20,1,2024,1,Kwara,North Central,0,0,Safe,23,Low,1,1,Low Risk
PAR012676,"Kidnap Victim, Plateau",2024-12-20,2024-12-20,1,2024,1,Plateau,North Central,1,5,Caution,38,Low,1,7,Moderate Risk
IBD031417,"Man Dies In Police Custody, Kwara",2024-12-20,2024-12-20,1,2024,1,Kwara,North Central,0,0,Safe,42,Low,1,1,Low Risk
IBD031405,"Auto Crash, FCT (Abuja)",2024-12-19,2024-12-19,5,2024,1,FCT,North Central,0,3,Safe,38,Low,1,4,Moderate Risk
PAR012690,"Soldiers vs Bandits, Katsina",2024-12-19,2024-12-19,5,2024,1,Katsina,North West,1,8,Avoid Route,28,Low,1,10,High Risk
PAR012682,"Murder Suspect, Niger",2024-12-19,2024-12-19,1,2024,1,Niger,North Central,0,0,Safe,41,Low,1,1,Low Risk
IBD031380,"Police vs Gunmen, Imo",2024-12-19,2024-12-19,5,2024,1,Imo,South East,1,8,Avoid Route,63,Moderate,3,12,Extreme Danger
IBD031413,"Auto Crash, Ondo",2024-12-19,2024-12-19,4,2024,1,Ondo,South West,0,3,Safe,53,Moderate,3,6,Moderate Risk
IBD031427,"Auto Crash, FCT (Abuja)",2024-12-19,2024-12-19,1,2024,1,FCT,North Central,0,0,Safe,17,Low,1,1,Low Risk
IBD031403,"Explosion, Niger",2024-12-19,2024-12-19,1,2024,1,Niger,North Central,0,0,Safe,17,Low,1,1,Low Risk
IBD031408,"Auto Crash, Delta",2024-12-19,2024-12-19,1,2024,1,Delta,South South,0,0,Safe,83,High,5,5,Moderate Risk
IBD031428,"Police, Vigilantes vs Herders, FCT (Abuja)",2024-12-18,2024-12-18,3,2024,1,FCT,North Central,0,3,Safe,15,Low,1,4,Moderate Risk
IBD031411,"NYSC Member Dies, Kebbi",2024-12-18,2024-12-18,1,2024,1,Kebbi,North West,0,0,Safe,39,Low,1,1,Low Risk
IBD031406,"Assailants vs Man, Plateau",2024-12-18,2024-12-18,1,2024,1,Plateau,North Central,0,0,Safe,43,Low,1,1,Low Risk
IBD031457,"Witchcraft, Plateau",2024-12-18,2024-12-18,1,2024,1,Plateau,North Central,0,0,Safe,32,Low,1,1,Low Risk
IBD031399,"Children Die in Stampede, Oyo",2024-12-18,2024-12-18,34,2024,1,Oyo,South West,0,5,Caution,42,Low,1,6,Moderate Risk
IBD031410,"Woman Dies, Ogun",2024-12-18,2024-12-18,1,2024,1,Ogun,South West,0,0,Safe,76,Moderate,3,3,Low Risk
IBD031400,"Auto Crash, Lagos",2024-12-18,2024-12-18,1,2024,1,Lagos,South West,0,0,Safe,92,High,5,5,Moderate Risk
IBD031429,"Banditary, Kaduna",2024-12-17,2024-12-17,2,2024,1,Kaduna,North West,1,5,Caution,10,Low,1,7,Moderate Risk
IBD031396,"Auto Crash, Lagos",2024-12-17,2024-12-17,1,2024,1,Lagos,South West,0,0,Safe,90,High,5,5,Moderate Risk
IBD031392,"Auto Crash, Lagos",2024-12-16,2024-12-16,1,2024,1,Lagos,South West,0,0,Safe,80,High,5,5,Moderate Risk
IBD031398,"Gunmen vs Lecturer, Anambra",2024-12-16,2024-12-16,1,2024,1,Anambra,South East,1,5,Caution,55,Moderate,3,9,High Risk
IBD031426,"Soldiers vs IPOB, Anambra",2024-12-16,2024-12-16,10,2024,1,Anambra,South East,0,5,Caution,69,Moderate,3,8,High Risk
IBD031393,"Church Factional Clash, Taraba",2024-12-15,2024-12-15,3,2024,1,Taraba,North East,0,3,Safe,40,Low,1,4,Moderate Risk
IBD031388,"Security Operatives vs Gunmen, Imo",2024-12-15,2024-12-15,4,2024,1,Imo,South East,1,8,Avoid Route,74,Moderate,3,12,Extreme Danger
IBD031534,"Cab Driver, Delta",2024-12-15,2024-12-15,1,2024,1,Delta,South South,0,0,Safe,98,High,5,5,Moderate Risk
IBD031379,"Man Kills Friend, Niger",2024-12-15,2024-12-15,1,2024,1,Niger,North Central,0,0,Safe,29,Low,1,1,Low Risk
IBD031382,"Auto Crash, Lagos",2024-12-15,2024-12-15,3,2024,1,Lagos,South West,0,3,Safe,95,High,5,8,High Risk
IBD031395,"Armed Robbers vs Man, Bauchi",2024-12-14,2024-12-14,1,2024,1,Bauchi,North East,0,0,Safe,33,Low,1,1,Low Risk
IBD031404,"Motorcycle Thieves, FCT (Abuja)",2024-12-14,2024-12-14,1,2024,1,FCT,North Central,0,0,Safe,17,Low,1,1,Low Risk
IBD031391,"Work-Related Violence, Ogun",2024-12-14,2024-12-14,1,2024,1,Ogun,South West,0,0,Safe,53,Moderate,3,3,Low Risk
IBD031384,"Boat Mishap, Benue",2024-12-14,2024-12-14,20,2024,1,Benue,North Central,0,5,Caution,13,Low,1,6,Moderate Risk
IBD031390,"Auto Crash, Lagos",2024-12-14,2024-12-14,1,2024,1,Lagos,South West,0,0,Safe,99,High,5,5,Moderate Risk
IBD031381,"Auto Crash, Kogi",2024-12-13,2024-12-13,2,2024,1,Kogi,North Central,0,0,Safe,46,Low,1,1,Low Risk
IBD031386,"Refrigerator Repairer, Lagos",2024-12-13,2024-12-13,1,2024,1,Lagos,South West,0,0,Safe,85,High,5,5,Moderate Risk
IBD031383,"Inferno, Kano",2024-12-13,2024-12-13,2,2024,1,Kano,North West,0,0,Safe,35,Low,1,1,Low Risk
IBD031375,"Troops vs Terrorists, Zamfara",2024-12-12,2024-12-12,2,2024,1,Zamfara,North West,1,5,Caution,16,Low,1,7,Moderate Risk
IBD031815,"Ritual Killing, Abia",2024-12-12,2024-12-12,30,2024,1,Abia,South East,0,5,Caution,59,Moderate,3,8,High Risk
IBD031378,"Herdsmen Attack, Gombe",2024-12-12,2024-12-12,2,2024,1,Gombe,North East,2,5,Caution,33,Low,1,8,High Risk
PAR012716,"Man Kills Prospective Inlaw, Delta",2024-12-12,2024-12-12,1,2024,1,Delta,South South,0,0,Safe,98,High,5,5,Moderate Risk
IBD031385,"Communal Clash, Benue",2024-12-12,2024-12-12,4,2024,1,Benue,North Central,0,3,Safe,21,Low,1,4,Moderate Risk
IBD031376,"Auto Crash, Ogun",2024-12-11,2024-12-11,1,2024,1,Ogun,South West,0,0,Safe,71,Moderate,3,3,Low Risk
IBD031374,"Gunmen Attack, Anambra",2024-12-11,2024-12-11,4,2024,1,Anambra,South East,2,8,Avoid Route,57,Moderate,3,13,Extreme Danger
IBD031377,"Auto Crash, Ogun",2024-12-11,2024-12-11,1,2024,1,Ogun,South West,0,0,Safe,55,Moderate,3,3,Low Risk
IBD031370,"Auto Crash, Jigawa",2024-12-11,2024-12-11,6,2024,1,Jigawa,North West,0,3,Safe,28,Low,1,4,Moderate Risk
IBD031368,"Auto Crash, Borno",2024-12-11,2024-12-11,3,2024,1,Borno,North East,0,3,Safe,30,Low,1,4,Moderate Risk
IBD031371,"Driver Dies, Taraba",2024-12-11,2024-12-11,1,2024,1,Taraba,North East,0,0,Safe,34,Low,1,1,Low Risk
IBD031365,"Police vs Terrorists, Kaduna",2024-12-10,2024-12-10,1,2024,1,Kaduna,North West,1,5,Caution,20,Low,1,7,Moderate Risk
IBD031369,"Auto Crash, Niger",2024-12-10,2024-12-10,1,2024,1,Niger,North Central,0,0,Safe,23,Low,1,1,Low Risk
IBD031361,"Governor's Sister Dies, Taraba",2024-12-10,2024-12-10,1,2024,1,Taraba,North East,0,0,Safe,45,Low,1,1,Low Risk
IBD031372,"Assailant vs Man, Kano",2024-12-10,2024-12-10,1,2024,1,Kano,North West,0,0,Safe,12,Low,1,1,Low Risk
IBD031362,"Auto Crash, Ogun",2024-12-10,2024-12-10,1,2024,1,Ogun,South West,0,0,Safe,76,Moderate,3,3,Low Risk
IBD031387,"Domestic Violence, Kaduna",2024-12-10,2024-12-10,1,2024,1,Kaduna,North West,0,0,Safe,30,Low,1,1,Low Risk
IBD031394,"Auto Crash, Ogun",2024-12-10,2024-12-10,1,2024,1,Ogun,South West,0,0,Safe,77,Moderate,3,3,Low Risk
IBD031367,"Communal Clash, Ebonyi",2024-12-10,2024-12-10,7,2024,1,Ebonyi,South East,0,3,Safe,18,Low,1,4,Moderate Risk
IBD031364,"Auto Crash, Jigawa",2024-12-09,2024-12-09,14,2024,1,Jigawa,North West,0,5,Caution,12,Low,1,6,Moderate Risk
IBD031373,"Domestic Violence, Ogun",2024-12-09,2024-12-12,1,2024,1,Ogun,South West,0,0,Safe,50,Moderate,3,3,Low Risk
IBD031356,"Inferno, Kwara",2024-12-09,2024-12-09,1,2024,1,Kwara,North Central,0,0,Safe,42,Low,1,1,Low Risk
IBD031358,"Security Operatives vs Armed Robber, Kebbi",2024-12-09,2024-12-09,1,2024,1,Kebbi,North West,0,0,Safe,27,Low,1,1,Low Risk
IBD031353,"Mob vs Motorcycle Thief, FCT (Abuja)",2024-12-08,2024-12-08,1,2024,1,FCT,North Central,0,0,Safe,19,Low,1,1,Low Risk
IBD031618,"Security Operatives vs Man, Niger",2024-12-08,2024-12-08,1,2024,1,Niger,North Central,0,0,Safe,28,Low,1,1,Low Risk
IBD031363,"Farmer Dies, FCT (Abuja)",2024-12-07,2024-12-07,1,2024,1,FCT,North Central,0,0,Safe,37,Low,1,1,Low Risk
IBD031346,"Extra-Judicial Killing, Delta",2024-12-07,2024-12-07,1,2024,1,Delta,South South,0,0,Safe,81,High,5,5,Moderate Risk
IBD031343,"Herders vs Youths, Gombe",2024-12-07,2024-12-07,1,2024,1,Gombe,North East,0,0,Safe,47,Low,1,1,Low Risk
IBD031351,"Ex-Permanent Secretary, Niger",2024-12-07,2024-12-07,1,2024,1,Niger,North Central,0,0,Safe,18,Low,1,1,Low Risk
IBD031345,"Cult Killing, Oyo",2024-12-07,2024-12-07,1,2024,1,Oyo,South West,0,0,Safe,46,Low,1,1,Low Risk
IBD031366,"Communal Clash, Ebonyi",2024-12-07,2024-12-07,1,2024,1,Ebonyi,South East,0,0,Safe,25,Low,1,1,Low Risk
IBD031355,"Domestic Violence, Lagos",2024-12-07,2024-12-07,1,2024,1,Lagos,South West,0,0,Safe,87,High,5,5,Moderate Risk
IBD031347,"Explosion, Zamfara",2024-12-06,2024-12-06,10,2024,1,Zamfara,North West,0,5,Caution,13,Low,1,6,Moderate Risk
IBD031340,"Auto Crash, Oyo",2024-12-06,2024-12-06,1,2024,1,Oyo,South West,0,0,Safe,42,Low,1,1,Low Risk
IBD031402,"Explosion, Niger",2024-12-06,2024-12-06,1,2024,1,Niger,North Central,0,0,Safe,11,Low,1,1,Low Risk
IBD031339,"Banditry, Katsina",2024-12-06,2024-12-06,8,2024,1,Katsina,North West,1,8,Avoid Route,13,Low,1,10,High Risk
IBD031352,"Electrocution, FCT (Abuja)",2024-12-06,2024-12-06,1,2024,1,FCT,North Central,0,0,Safe,35,Low,1,1,Low Risk
IBD031344,"Police vs Kidnappers, Akwa Ibom",2024-12-05,2024-12-05,2,2024,1,Akwa Ibom,South South,1,5,Caution,81,High,5,11,High Risk
IBD031341,"Auto Crash, Oyo",2024-12-05,2024-12-05,6,2024,1,Oyo,South West,0,3,Safe,30,Low,1,4,Moderate Risk
IBD031359,"Community Leader, Delta",2024-12-05,2024-12-05,1,2024,1,Delta,South South,0,0,Safe,91,High,5,5,Moderate Risk
IBD031342,"Auto Crash, Oyo",2024-12-05,2024-12-05,1,2024,1,Oyo,South West,0,0,Safe,49,Low,1,1,Low Risk
IBD031349,"Food Poisoning, FCT (Abuja)",2024-12-05,2024-12-05,2,2024,1,FCT,North Central,0,0,Safe,34,Low,1,1,Low Risk
IBD031330,"Police vs Kidnapper, Rivers",2024-12-04,2024-12-04,1,2024,1,Rivers,South South,1,5,Caution,91,High,5,11,High Risk
IBD031397,"Mother vs Child, Delta",2024-12-04,2024-12-04,1,2024,1,Delta,South South,0,0,Safe,94,High,5,5,Moderate Risk
IBD031333,"Well Digger Dies, Ogun",2024-12-04,2024-12-04,1,2024,1,Ogun,South West,0,0,Safe,67,Moderate,3,3,Low Risk
IBD031324,"Ex- NLC Chairman, Edo",2024-12-04,2024-12-04,1,2024,1,Edo,South South,0,0,Safe,73,Moderate,3,3,Low Risk
IBD031325,"Lakurawa Explosion, Zamfara",2024-12-04,2024-12-04,11,2024,1,Zamfara,North West,0,5,Caution,49,Low,1,6,Moderate Risk
PAR012705,"Assailants Kill Businessman, Delta",2024-12-03,2024-12-03,1,2024,1,Delta,South South,0,0,Safe,82,High,5,5,Moderate Risk
IBD031412,"Lady Dies, Ogun",2024-12-03,2024-12-03,1,2024,1,Ogun,South West,0,0,Safe,50,Moderate,3,3,Low Risk
IBD031323,"Auto Crash, Yobe",2024-12-03,2024-12-03,12,2024,1,Yobe,North East,0,5,Caution,22,Low,1,6,Moderate Risk
IBD031327,"Corpses Found, Imo",2024-12-02,2024-12-02,10,2024,1,Imo,South East,0,5,Caution,58,Moderate,3,8,High Risk
IBD031314,"Inferno, Osun",2024-12-02,2024-12-02,6,2024,1,Osun,South West,0,3,Safe,12,Low,1,4,Moderate Risk
IBD031316,"Gunmen Kill 9, Sokoto",2024-12-02,2024-12-02,9,2024,1,Sokoto,North West,1,8,Avoid Route,13,Low,1,10,High Risk
IBD031318,"Kidnappers vs Policeman, Nasarawa",2024-12-02,2024-12-02,1,2024,1,Nasarawa,North Central,1,5,Caution,27,Low,1,7,Moderate Risk
IBD031320,"Armed Robbers vs Guard, Ogun",2024-12-01,2024-12-01,1,2024,1,Ogun,South West,0,0,Safe,50,Moderate,3,3,Low Risk
IBD031309,"Banditry, Zamfara",2024-12-01,2024-12-01,40,2024,1,Zamfara,North West,1,10,Avoid Route,16,Low,1,12,Extreme Danger
PAR012724,"Kidnappers Kill 2 Children, Katsina",2024-12-01,2024-12-01,2,2024,1,Katsina,North West,1,5,Caution,14,Low,1,7,Moderate Risk
IBD031312,"Security Operative, Ogun",2024-12-01,2024-12-01,1,2024,1,Ogun,South West,0,0,Safe,74,Moderate,3,3,Low Risk
IBD031321,"Commercial Rider vs Man, Ogun",2024-12-01,2024-12-01,1,2024,1,Ogun,South West,0,0,Safe,75,Moderate,3,3,Low Risk
IBD031326,"Lakurawa Explosion, Zamfara",2024-12-01,2024-12-01,1,2024,1,Zamfara,North West,0,0,Safe,44,Low,1,1,Low Risk
IBD031308,"Kidnappers vs Vigilante, Plateau",2024-12-01,2024-12-01,1,2024,1,Plateau,North Central,1,5,Caution,10,Low,1,7,Moderate Risk
IBD031389,"Spiritual Cleansing, Niger",2024-12-01,2024-12-01,1,2024,1,Niger,North Central,0,0,Safe,23,Low,1,1,Low Risk
IBD031319,"Land Dispute, Osun",2024-11-30,2024-11-30,1,2024,1,Osun,South West,0,0,Safe,48,Low,1,1,Low Risk
IBD031331,"Community Leader, Delta",2024-11-29,2024-11-29,1,2024,1,Delta,South South,0,0,Safe,84,High,5,5,Moderate Risk
IBD031310,"Banditry, Zamfara",2024-11-29,2024-11-29,1,2024,1,Zamfara,North West,1,5,Caution,28,Low,1,7,Moderate Risk
IBD031360,"Domestic Violence, Bayelsa",2024-11-29,2024-11-29,1,2024,1,Bayelsa,South South,0,0,Safe,80,High,5,5,Moderate Risk
IBD031304,"Gunmen Attack, Abia",2024-11-29,2024-11-29,2,2024,1,Abia,South East,2,5,Caution,64,Moderate,3,10,High Risk
IBD031348,"Farmer Killed, Oyo",2024-11-28,2024-11-28,1,2024,1,Oyo,South West,0,0,Safe,38,Low,1,1,Low Risk
IBD031317,"Gunmen vs Pastor, Kogi",2024-11-28,2024-11-28,1,2024,1,Kogi,North Central,1,5,Caution,25,Low,1,7,Moderate Risk
IBD031315,"Gunmen vs Man, Anambra",2024-11-28,2024-11-28,1,2024,1,Anambra,South East,1,5,Caution,79,Moderate,3,9,High Risk
IBD031303,"Mob vs Cult Members, Plateau",2024-11-28,2024-11-28,2,2024,1,Plateau,North Central,0,0,Safe,26,Low,1,1,Low Risk
IBD031306,"Army vs Boko Haram, Yobe",2024-11-27,2024-11-27,5,2024,1,Yobe,North East,0,3,Safe,19,Low,1,4,Moderate Risk
IBD031307,"Police vs Kidnappers, Anambra",2024-11-27,2024-11-27,1,2024,1,Anambra,South East,1,5,Caution,61,Moderate,3,9,High Risk
IBD031305,"Security Operatives Kills One, Delta",2024-11-27,2024-11-27,1,2024,1,Delta,South South,0,0,Safe,83,High,5,5,Moderate Risk
IBD031357,"Land Grabbers vs Man, Ogun",2024-11-27,2024-11-27,1,2024,1,Ogun,South West,0,0,Safe,78,Moderate,3,3,Low Risk
IBD031555,"Domestic Violence, FCT (Abuja)",2024-11-27,2024-11-27,1,2024,1,FCT,North Central,0,0,Safe,34,Low,1,1,Low Risk
IBD031584,"Assailants vs Herder, FCT (Abuja)",2024-11-27,2024-11-27,1,2024,1,FCT,North Central,0,0,Safe,49,Low,1,1,Low Risk
IBD031302,"Boat Mishap, Kogi",2024-11-27,2024-11-27,23,2024,1,Kogi,North Central,0,5,Caution,43,Low,1,6,Moderate Risk
IBD031300,"Suspected Herdsmen Attacks, Ogun",2024-11-27,2024-11-27,1,2024,1,Ogun,South West,2,5,Caution,63,Moderate,3,10,High Risk
IBD031311,"Inferno, Lagos",2024-11-26,2024-11-26,4,2024,1,Lagos,South West,0,3,Safe,98,High,5,8,High Risk
IBD031295,"Customs vs Smugglers, Ogun",2024-11-25,2024-11-25,1,2024,1,Ogun,South West,0,0,Safe,50,Moderate,3,3,Low Risk
IBD031313,"Student Mother, Delta",2024-11-25,2024-11-25,1,2024,1,Delta,South South,0,0,Safe,98,High,5,5,Moderate Risk
IBD031297,"Herdsmen Attack, Benue",2024-11-25,2024-11-25,10,2024,1,Benue,North Central,2,10,Avoid Route,44,Low,1,13,Extreme Danger
IBD031298,"Security Operatives vs IPOB/ESN, Imo",2024-11-25,2024-11-25,40,2024,1,Imo,South East,0,5,Caution,66,Moderate,3,8,High Risk
IBD031286,"Communal Clash, Kogi",2024-11-24,2024-11-24,1,2024,1,Kogi,North Central,0,0,Safe,16,Low,1,1,Low Risk
IBD031281,"Church Stampede, Abia",2024-11-24,2024-11-24,4,2024,1,Abia,South East,0,3,Safe,70,Moderate,3,6,Moderate Risk
IBD031273,"Herdsmen Attack, Benue",2024-11-24,2024-11-24,17,2024,1,Benue,North Central,2,10,Avoid Route,14,Low,1,13,Extreme Danger
IBD031280,"Soldiers vs Boko Haram, Borno",2024-11-24,2024-11-24,12,2024,1,Borno,North East,0,5,Caution,32,Low,1,6,Moderate Risk
IBD031282,"Gunmen vs Vigilantes, Anambra",2024-11-24,2024-11-24,1,2024,1,Anambra,South East,1,5,Caution,55,Moderate,3,9,High Risk
IBD031284,"Army vs IPOB/ESN, Abia",2024-11-24,2024-11-24,8,2024,1,Abia,South East,0,3,Safe,50,Moderate,3,6,Moderate Risk
IBD031288,"Auto Crash, Ogun",2024-11-24,2024-11-24,1,2024,1,Ogun,South West,0,0,Safe,65,Moderate,3,3,Low Risk
IBD031283,"Gunmen Kill 10, Benue",2024-11-24,2024-11-24,10,2024,1,Benue,North Central,1,10,Avoid Route,45,Low,1,12,Extreme Danger
IBD031293,"Boat Accident, Delta",2024-11-23,2024-11-23,5,2024,1,Delta,South South,0,3,Safe,89,High,5,8,High Risk
IBD031277,"Auto Crash, Kaduna",2024-11-23,2024-11-23,8,2024,1,Kaduna,North West,0,3,Safe,46,Low,1,4,Moderate Risk
IBD031294,"Gunmen vs Driver, Akwa Ibom",2024-11-23,2024-11-23,1,2024,1,Akwa Ibom,South South,1,5,Caution,81,High,5,11,High Risk
IBD031274,"Farmer vs Thief, Ondo",2024-11-23,2024-11-23,2,2024,1,Ondo,South West,0,0,Safe,54,Moderate,3,3,Low Risk
IBD031291,"NAF vs Boko Haram, Borno",2024-11-23,2024-11-23,40,2024,1,Borno,North East,0,5,Caution,16,Low,1,6,Moderate Risk
IBD031401,"Ritual Killing, Delta",2024-11-23,2024-11-23,1,2024,1,Delta,South South,0,0,Safe,86,High,5,5,Moderate Risk
IBD031287,"Cult Killing, Delta",2024-11-22,2024-11-22,2,2024,1,Delta,South South,0,0,Safe,90,High,5,5,Moderate Risk
IBD031289,"Banditry, FCT (Abuja)",2024-11-22,2024-11-22,9,2024,1,FCT,North Central,1,8,Avoid Route,37,Low,1,10,High Risk
IBD031272,"Mob vs Revenue Agents, Anambra",2024-11-22,2024-11-22,3,2024,1,Anambra,South East,0,3,Safe,54,Moderate,3,6,Moderate Risk
IBD031278,"Security Operatives vs Robber, Anambra",2024-11-22,2024-11-22,1,2024,1,Anambra,South East,0,0,Safe,64,Moderate,3,3,Low Risk
IBD031268,"Baby Found Dead, Niger",2024-11-21,2024-11-21,1,2024,1,Niger,North Central,0,0,Safe,47,Low,1,1,Low Risk
IBD031299,"Police Inspector, Adamawa",2024-11-21,2024-11-21,1,2024,1,Adamawa,North East,0,0,Safe,28,Low,1,1,Low Risk
IBD031296,"Police vs Robbers, Delta",2024-11-20,2024-11-20,2,2024,1,Delta,South South,0,0,Safe,84,High,5,5,Moderate Risk
IBD031275,"Banditry, Kaduna",2024-11-20,2024-11-20,13,2024,1,Kaduna,North West,1,10,Avoid Route,15,Low,1,12,Extreme Danger
IBD031265,"Gunmen vs Lawyer, Benue",2024-11-20,2024-11-20,1,2024,1,Benue,North Central,1,5,Caution,27,Low,1,7,Moderate Risk
IBD031260,"Police vs Soldiers, Ebonyi",2024-11-20,2024-11-20,1,2024,1,Ebonyi,South East,0,0,Safe,39,Low,1,1,Low Risk
IBD031269,"Auto Crash, Ogun",2024-11-20,2024-11-20,1,2024,1,Ogun,South West,0,0,Safe,52,Moderate,3,3,Low Risk
IBD031270,"Vigilantes vs Police, Anambra",2024-11-20,2024-11-20,2,2024,1,Anambra,South East,0,0,Safe,54,Moderate,3,3,Low Risk
IBD031263,"Auto Crash, Ogun",2024-11-20,2024-11-20,2,2024,1,Ogun,South West,0,0,Safe,51,Moderate,3,3,Low Risk
IBD031409,"Assailants vs Man, Oyo",2024-11-20,2024-11-20,1,2024,1,Oyo,South West,0,0,Safe,17,Low,1,1,Low Risk
IBD031279,"Vigilantes/Hunders vs Kidnappers, FCT (Abuja)",2024-11-20,2024-11-20,1,2024,1,FCT,North Central,1,5,Caution,15,Low,1,7,Moderate Risk
IBD031262,"Gunmen Kill Policemen, Abia",2024-11-19,2024-11-19,2,2024,1,Abia,South East,1,5,Caution,57,Moderate,3,9,High Risk
IBD031256,"NSCDC vs Boko Haram, Kaduna",2024-11-19,2024-11-19,53,2024,1,Kaduna,North West,0,5,Caution,26,Low,1,6,Moderate Risk
IBD031301,"Kidnappers Kill Victim, Plateau",2024-11-19,2024-11-19,1,2024,1,Plateau,North Central,1,5,Caution,15,Low,1,7,Moderate Risk
IBD031292,"Work-Related Violence, Taraba",2024-11-19,2024-11-26,3,2024,1,Taraba,North East,0,3,Safe,41,Low,1,4,Moderate Risk
IBD031267,"Classmates vs Girl, Kogi",2024-11-19,2024-11-19,1,2024,1,Kogi,North Central,0,0,Safe,14,Low,1,1,Low Risk
IBD031253,"Boko Haram vs Army, Borno",2024-11-19,2024-11-19,32,2024,1,Borno,North East,0,5,Caution,13,Low,1,6,Moderate Risk
IBD031254,"Banditry, Bauchi",2024-11-19,2024-11-19,1,2024,1,Bauchi,North East,1,5,Caution,19,Low,1,7,Moderate Risk
IBD031257,"Auto Crash, FCT (Abuja)",2024-11-18,2024-11-18,3,2024,1,FCT,North Central,0,3,Safe,45,Low,1,4,Moderate Risk
IBD031276,"Assailants vs Motorcyclist, Kwara",2024-11-18,2024-11-18,1,2024,1,Kwara,North Central,0,0,Safe,26,Low,1,1,Low Risk
IBD031271,"Drowns, Lagos",2024-11-18,2024-11-18,1,2024,1,Lagos,South West,0,0,Safe,81,High,5,5,Moderate Risk
IBD031258,"Corpse Found, FCT (Abuja)",2024-11-18,2024-11-18,1,2024,1,FCT,North Central,0,0,Safe,25,Low,1,1,Low Risk
IBD031242,"Gunmen Attack, Anambra",2024-11-18,2024-11-18,2,2024,1,Anambra,South East,2,5,Caution,59,Moderate,3,10,High Risk
IBD031266,"Herders vs Farmers, Nasarawa",2024-11-18,2024-11-18,3,2024,1,Nasarawa,North Central,0,3,Safe,44,Low,1,4,Moderate Risk
IBD031241,"Gunmen Attack, Anambra",2024-11-18,2024-11-18,3,2024,1,Anambra,South East,2,8,Avoid Route,61,Moderate,3,13,Extreme Danger
IBD031234,"Baby Corpe, Bauchi",2024-11-17,2024-11-17,1,2024,1,Bauchi,North East,0,0,Safe,20,Low,1,1,Low Risk
IBD031248,"Auto Crash, FCT (Abuja)",2024-11-17,2024-11-17,2,2024,1,FCT,North Central,0,0,Safe,11,Low,1,1,Low Risk
IBD031243,"Gunmen vs Police, Abia",2024-11-17,2024-11-17,1,2024,1,Abia,South East,1,5,Caution,70,Moderate,3,9,High Risk
IBD031255,"Motorcyclist, Rivers",2024-11-17,2024-11-17,1,2024,1,Rivers,South South,0,0,Safe,88,High,5,5,Moderate Risk
IBD031245,Ritual Killing Delta,2024-11-17,2024-11-17,1,2024,1,Delta,South South,0,0,Safe,81,High,5,5,Moderate Risk
IBD031261,"Mob vs Bike Thief, FCT (Abuja)",2024-11-17,2024-11-17,1,2024,1,FCT,North Central,0,0,Safe,11,Low,1,1,Low Risk
IBD031246,"Herders vs Farmer, Kano",2024-11-17,2024-11-17,1,2024,1,Kano,North West,0,0,Safe,11,Low,1,1,Low Risk
IBD031238,"Man Drowns, Kano",2024-11-16,2024-11-16,1,2024,1,Kano,North West,0,0,Safe,16,Low,1,1,Low Risk
IBD031251,"Boko Haram vs Soldiers, Borno",2024-11-16,2024-11-16,18,2024,1,Borno,North East,0,5,Caution,11,Low,1,6,Moderate Risk
IBD031233,"Auto Crash, Lagos",2024-11-16,2024-11-16,1,2024,1,Lagos,South West,0,0,Safe,81,High,5,5,Moderate Risk
IBD031252,"Bandits vs Farmers, Taraba",2024-11-16,2024-11-16,1,2024,1,Taraba,North East,1,5,Caution,24,Low,1,7,Moderate Risk
IBD031240,"Corpse Found, Anambra",2024-11-16,2024-11-16,1,2024,1,Anambra,South East,0,0,Safe,55,Moderate,3,3,Low Risk
IBD031239,"Man vs Neighbour, Kwara",2024-11-16,2024-11-16,1,2024,1,Kwara,North Central,0,0,Safe,48,Low,1,1,Low Risk
IBD031236,"NAF vs Bandits, Zamfara",2024-11-15,2024-11-15,50,2024,1,Zamfara,North West,1,10,Avoid Route,33,Low,1,12,Extreme Danger
IBD031244,"Security Operatives Kills One, Niger",2024-11-15,2024-11-15,1,2024,1,Niger,North Central,0,0,Safe,13,Low,1,1,Low Risk
IBD031230,"Cult Killings, Benue",2024-11-15,2024-11-16,4,2024,1,Benue,North Central,0,3,Safe,47,Low,1,4,Moderate Risk
IBD031235,"Police vs Kidnapper, Rivers",2024-11-15,2024-11-15,1,2024,1,Rivers,South South,1,5,Caution,96,High,5,11,High Risk
IBD031322,"Banditary, Kaduna",2024-11-14,2024-11-14,1,2024,1,Kaduna,North West,1,5,Caution,32,Low,1,7,Moderate Risk
IBD031473,"Police Brutality, Delta",2024-11-14,2024-11-14,1,2024,1,Delta,South South,0,0,Safe,88,High,5,5,Moderate Risk
IBD031231,"Electricity Vandal, Ebonyi",2024-11-14,2024-11-14,1,2024,1,Ebonyi,South East,0,0,Safe,26,Low,1,1,Low Risk
IBD031247,"Cult Killing, Benue",2024-11-14,2024-11-14,1,2024,1,Benue,North Central,0,0,Safe,15,Low,1,1,Low Risk
IBD031226,"Auto Crash, Osun",2024-11-13,2024-11-13,1,2024,1,Osun,South West,0,0,Safe,16,Low,1,1,Low Risk
IBD031219,"Gunmen vs Soldier, Abia",2024-11-13,2024-11-13,2,2024,1,Abia,South East,1,5,Caution,75,Moderate,3,9,High Risk
IBD031625,"Extra-Judicial Killing, Abia",2024-11-13,2024-11-13,1,2024,1,Abia,South East,0,0,Safe,75,Moderate,3,3,Low Risk
IBD031227,"Vigilantes vs Kidnappers,",2024-11-13,2024-11-13,7,2024,1,Unknown,,1,8,Avoid Route,16,Low,1,10,High Risk
IBD031215,Youths vs LASTMA/Police,2024-11-12,2024-11-12,1,2024,1,Unknown,,0,0,Safe,36,Low,1,1,Low Risk
IBD031211,"Auto Crash, Jigawa",2024-11-12,2024-11-12,11,2024,1,Jigawa,North West,0,5,Caution,46,Low,1,6,Moderate Risk
IBD031228,"Auto Crash, Jigawa",2024-11-12,2024-11-12,3,2024,1,Jigawa,North West,0,3,Safe,13,Low,1,4,Moderate Risk
IBD031250,"NAF vs Terrorists, Kaduna",2024-11-12,2024-11-12,50,2024,1,Kaduna,North West,1,10,Avoid Route,34,Low,1,12,Extreme Danger
IBD031222,"Banditry, Kaduna",2024-11-12,2024-11-12,1,2024,1,Kaduna,North West,1,5,Caution,14,Low,1,7,Moderate Risk
IBD031225,"Hoodlums vs Man, Ogun",2024-11-12,2024-11-12,1,2024,1,Ogun,South West,0,0,Safe,56,Moderate,3,3,Low Risk
IBD031223,"Assailant vs Man, Ogun",2024-11-11,2024-11-11,1,2024,1,Ogun,South West,0,0,Safe,70,Moderate,3,3,Low Risk
IBD031216,Banditry Katsina,2024-11-11,2024-11-11,2,2024,1,Katsina,North West,1,5,Caution,31,Low,1,7,Moderate Risk
IBD031213,"Communal Clash, Delta",2024-11-11,2024-11-11,2,2024,1,Delta,South South,0,0,Safe,97,High,5,5,Moderate Risk
IBD031224,"Banditry, Kaduna",2024-11-11,2024-11-11,3,2024,1,Kaduna,North West,1,8,Avoid Route,32,Low,1,10,High Risk
IBD031206,"Gunmen Attack, Ogun",2024-11-11,2024-11-11,2,2024,1,Ogun,South West,2,5,Caution,54,Moderate,3,10,High Risk
IBD031217,"Auto Crash, Akwa Ibom",2024-11-11,2024-11-11,3,2024,1,Akwa Ibom,South South,0,3,Safe,89,High,5,8,High Risk
IBD031208,"Cult Killing, Edo",2024-11-11,2024-11-11,1,2024,1,Edo,South South,0,0,Safe,55,Moderate,3,3,Low Risk
IBD031220,"Gunmen vs Students, Delta",2024-11-10,2024-11-10,2,2024,1,Delta,South South,1,5,Caution,93,High,5,11,High Risk
IBD031210,"Auto Crash, Abia",2024-11-10,2024-11-10,2,2024,1,Abia,South East,0,0,Safe,52,Moderate,3,3,Low Risk
IBD031207,"Young Men Drown, Ekiti",2024-11-10,2024-11-10,4,2024,1,Ekiti,South West,0,3,Safe,13,Low,1,4,Moderate Risk
IBD031203,"Auto Crash, Lagos",2024-11-10,2024-11-10,4,2024,1,Lagos,South West,0,3,Safe,83,High,5,8,High Risk
IBD031209,"Assailants vs Herder, Plateau",2024-11-10,2024-11-10,1,2024,1,Plateau,North Central,0,0,Safe,38,Low,1,1,Low Risk
IBD031204,"Boko Haram Attack, Borno",2024-11-10,2024-11-10,3,2024,1,Borno,North East,1,8,Avoid Route,46,Low,1,10,High Risk
IBD031198,"Auto Crash, Sokoto",2024-11-09,2024-11-09,15,2024,1,Sokoto,North West,0,5,Caution,16,Low,1,6,Moderate Risk
IBD031188,"Communal Clash, Ebonyi",2024-11-09,2024-11-09,3,2024,1,Ebonyi,South East,0,3,Safe,16,Low,1,4,Moderate Risk
IBD031201,"Soldiers vs Bandits, Kaduna",2024-11-09,2024-11-09,3,2024,1,Kaduna,North West,1,8,Avoid Route,49,Low,1,10,High Risk
IBD031212,"Miners, Plateau",2024-11-09,2024-11-09,13,2024,1,Plateau,North Central,0,5,Caution,24,Low,1,6,Moderate Risk
IBD031193,"Auto Crash, Katsina",2024-11-09,2024-11-09,14,2024,1,Katsina,North West,0,5,Caution,46,Low,1,6,Moderate Risk
IBD031199,"Mob vs Burglar, Rivers",2024-11-09,2024-11-09,1,2024,1,Rivers,South South,0,0,Safe,85,High,5,5,Moderate Risk
IBD031237,"Mob vs Bandits, Kaduna",2024-11-09,2024-11-09,3,2024,1,Kaduna,North West,1,8,Avoid Route,38,Low,1,10,High Risk
IBD031197,"Bandits vs Security Operatives, Katsina",2024-11-08,2024-11-08,2,2024,1,Katsina,North West,1,5,Caution,26,Low,1,7,Moderate Risk
IBD031202,"Auto Crash, Ekiti",2024-11-08,2024-11-08,1,2024,1,Ekiti,South West,0,0,Safe,48,Low,1,1,Low Risk
IBD031192,"Domestic Violence, Adamawa",2024-11-08,2024-11-08,1,2024,1,Adamawa,North East,0,0,Safe,24,Low,1,1,Low Risk
IBD031557,"Assaliants va Man, Ebonyi",2024-11-08,2024-11-08,1,2024,1,Ebonyi,South East,0,0,Safe,10,Low,1,1,Low Risk
IBD031186,"NAF vs ISWAP, Borno",2024-11-08,2024-11-08,70,2024,1,Borno,North East,0,5,Caution,16,Low,1,6,Moderate Risk
IBD031195,"Lakurawa Kills 15, Kebbi",2024-11-08,2024-11-08,16,2024,1,Kebbi,North West,0,5,Caution,24,Low,1,6,Moderate Risk
IBD031190,"NAF vs Terrorists, Zamfara",2024-11-08,2024-11-08,50,2024,1,Zamfara,North West,1,10,Avoid Route,43,Low,1,12,Extreme Danger
IBD031214,"Assailants vs Man, Kaduna",2024-11-07,2024-11-07,1,2024,1,Kaduna,North West,0,0,Safe,34,Low,1,1,Low Risk
IBD031221,"Police Kill 1, FCT (Abuja)",2024-11-07,2024-11-07,1,2024,1,FCT,North Central,0,0,Safe,37,Low,1,1,Low Risk
IBD031176,"Auto Crash, Lagos",2024-11-07,2024-11-07,1,2024,1,Lagos,South West,0,0,Safe,85,High,5,5,Moderate Risk
IBD031177,"Cult Attack, Rivers",2024-11-07,2024-11-07,1,2024,1,Rivers,South South,1,5,Caution,90,High,5,11,High Risk
IBD031205,"Robber vs Woman, Adamawa",2024-11-07,2024-11-07,1,2024,1,Adamawa,North East,0,0,Safe,13,Low,1,1,Low Risk
IBD031187,"Security Operatives Kill 1, Plateau",2024-11-07,2024-11-07,1,2024,1,Plateau,North Central,0,0,Safe,45,Low,1,1,Low Risk
IBD031191,"Gunmen Kidnap Chinese Expatriates, Cross River",2024-11-07,2024-11-07,1,2024,1,Cross River,South South,2,5,Caution,98,High,5,12,Extreme Danger
IBD031167,"Mob vs Robber, Benue",2024-11-06,2024-11-06,1,2024,1,Benue,North Central,0,0,Safe,24,Low,1,1,Low Risk
IBD031185,"Man vs Houseboy, Enugu",2024-11-06,2024-11-06,1,2024,1,Enugu,South East,0,0,Safe,60,Moderate,3,3,Low Risk
IBD031218,"Medical Quackery, Ondo",2024-11-06,2024-11-06,2,2024,1,Ondo,South West,0,0,Safe,56,Moderate,3,3,Low Risk
IBD031183,"Fulani Militia Attack, Plateau",2024-11-06,2024-11-06,3,2024,1,Plateau,North Central,1,8,Avoid Route,36,Low,1,10,High Risk
IBD031194,"Ritual Killing, Imo",2024-11-06,2024-11-06,1,2024,1,Imo,South East,0,0,Safe,51,Moderate,3,3,Low Risk
IBD031180,"Vigilantes/Hunters vs Kidnappers, Nasarawa",2024-11-06,2024-11-06,10,2024,1,Nasarawa,North Central,1,10,Avoid Route,38,Low,1,12,Extreme Danger
IBD031182,"Gunmen Kill 3, Plateau",2024-11-06,2024-11-06,3,2024,1,Plateau,North Central,1,8,Avoid Route,46,Low,1,10,High Risk
IBD031166,"Security Operatives vs Gunmen, Enugu",2024-11-06,2024-11-06,4,2024,1,Enugu,South East,1,8,Avoid Route,63,Moderate,3,12,Extreme Danger
IBD031159,"Bomb Explosion, Imo",2024-11-05,2024-11-05,2,2024,1,Imo,South East,0,0,Safe,70,Moderate,3,3,Low Risk
IBD031163,"Bandits vs Farmers, Niger",2024-11-05,2024-11-05,10,2024,1,Niger,North Central,1,10,Avoid Route,33,Low,1,12,Extreme Danger
IBD031160,"Rape Victim, Bauchi",2024-11-05,2024-11-05,1,2024,1,Bauchi,North East,0,0,Safe,34,Low,1,1,Low Risk
IBD031196,"Policemen vs Student, Kwara",2024-11-05,2024-11-05,1,2024,1,Kwara,North Central,0,0,Safe,38,Low,1,1,Low Risk
IBD031172,"Banditry, Kaduna",2024-11-05,2024-11-05,2,2024,1,Kaduna,North West,1,5,Caution,18,Low,1,7,Moderate Risk
IBD031181,"Herders vs Farmers, Edo",2024-11-04,2024-11-04,3,2024,1,Edo,South South,0,3,Safe,60,Moderate,3,6,Moderate Risk
IBD031156,"Building Collapse, Rivers",2024-11-04,2024-11-04,1,2024,1,Rivers,South South,0,0,Safe,87,High,5,5,Moderate Risk
IBD031165,"Dog vs Security Guard, Lagos",2024-11-04,2024-11-04,1,2024,1,Lagos,South West,0,0,Safe,100,High,5,5,Moderate Risk
IBD031290,"Artisans, Edo",2024-11-04,2024-11-04,2,2024,1,Edo,South South,0,0,Safe,69,Moderate,3,3,Low Risk
IBD031157,"Cult Clash, Benue",2024-11-04,2024-11-05,4,2024,1,Benue,North Central,0,3,Safe,16,Low,1,4,Moderate Risk
IBD031184,"Auto Crash, Jigawa",2024-11-04,2024-11-04,2,2024,1,Jigawa,North West,0,0,Safe,34,Low,1,1,Low Risk
IBD031158,"Army vs Bandits, Plateau",2024-11-04,2024-11-04,5,2024,1,Plateau,North Central,1,8,Avoid Route,16,Low,1,10,High Risk
IBD031179,"Assailant vs Motorcyclist, Kwara",2024-11-04,2024-11-04,1,2024,1,Kwara,North Central,0,0,Safe,47,Low,1,1,Low Risk
IBD031143,"Man vs Scavenger, Enugu",2024-11-03,2024-11-03,1,2024,1,Enugu,South East,0,0,Safe,75,Moderate,3,3,Low Risk
IBD031152,"Cult Clash, Lagos",2024-11-03,2024-11-03,1,2024,1,Lagos,South West,0,0,Safe,87,High,5,5,Moderate Risk
IBD031148,"Gunmen Kill Man, Plateau",2024-11-03,2024-11-03,1,2024,1,Plateau,North Central,1,5,Caution,10,Low,1,7,Moderate Risk
IBD031151,"Gunmen Kill 1, Bauchi",2024-11-03,2024-11-03,1,2024,1,Bauchi,North East,1,5,Caution,33,Low,1,7,Moderate Risk
IBD031155,"Army vs Boko Haram, Borno",2024-11-03,2024-11-03,25,2024,1,Borno,North East,0,5,Caution,22,Low,1,6,Moderate Risk
IBD031150,"Electrocution, Gombe",2024-11-03,2024-11-03,1,2024,1,Gombe,North East,0,0,Safe,30,Low,1,1,Low Risk
IBD031147,"Gunmen Attack, Niger",2024-11-03,2024-11-03,1,2024,1,Niger,North Central,2,5,Caution,46,Low,1,8,High Risk
IBD031161,"Army vs Bandits, Borno",2024-11-03,2024-11-03,24,2024,1,Borno,North East,1,10,Avoid Route,27,Low,1,12,Extreme Danger
IBD031135,"Auto Crash, Lagos",2024-11-03,2024-11-03,1,2024,1,Lagos,South West,0,0,Safe,84,High,5,5,Moderate Risk
IBD031142,"Auto Crash, Lagos",2024-11-03,2024-11-03,1,2024,1,Lagos,South West,0,0,Safe,80,High,5,5,Moderate Risk
IBD031134,"Scavengers vs Man, FCT (Abuja)",2024-11-02,2024-11-02,1,2024,1,FCT,North Central,0,0,Safe,26,Low,1,1,Low Risk
IBD031138,"Boko Haram Attack, Borno",2024-11-02,2024-11-02,7,2024,1,Borno,North East,1,8,Avoid Route,22,Low,1,10,High Risk
IBD031140,"Man vs Youth, Abia",2024-11-02,2024-11-02,1,2024,1,Abia,South East,0,0,Safe,67,Moderate,3,3,Low Risk
IBD031154,"Man Drowns, Kano",2024-11-02,2024-11-02,1,2024,1,Kano,North West,0,0,Safe,24,Low,1,1,Low Risk
IBD031139,"Auto Crash, Ogun",2024-11-02,2024-11-02,2,2024,1,Ogun,South West,0,0,Safe,70,Moderate,3,3,Low Risk
IBD031170,"Hoodlums vs Cyclist, FCT (Abuja)",2024-11-02,2024-11-02,1,2024,1,FCT,North Central,0,0,Safe,42,Low,1,1,Low Risk
IBD031162,"Auto Crash, Niger",2024-11-02,2024-11-02,6,2024,1,Niger,North Central,0,3,Safe,37,Low,1,4,Moderate Risk
IBD031137,"Extrajudicial Killing, Anambra",2024-11-02,2024-11-02,1,2024,1,Anambra,South East,0,0,Safe,59,Moderate,3,3,Low Risk
IBD031132,"Gunmen vs Farmer, Ebonyi",2024-11-02,2024-11-02,3,2024,1,Ebonyi,South East,1,8,Avoid Route,37,Low,1,10,High Risk
IBD031133,"Police vs Soldier, Nasarawa",2024-11-02,2024-11-02,3,2024,1,Nasarawa,North Central,0,3,Safe,17,Low,1,4,Moderate Risk
IBD031126,"Communal Clash, Benue",2024-11-02,2024-11-02,6,2024,1,Benue,North Central,0,3,Safe,14,Low,1,4,Moderate Risk
IBD031171,"Man vs KEDCO Staff, Kano",2024-11-01,2024-11-01,1,2024,1,Kano,North West,0,0,Safe,36,Low,1,1,Low Risk
IBD031200,"NAF vs Boko Haram/ISWAP, Borno",2024-11-01,2024-11-08,87,2024,1,Borno,North East,0,5,Caution,23,Low,1,6,Moderate Risk
IBD031125,"Herdsmen Attack, Benue",2024-11-01,2024-11-02,6,2024,1,Benue,North Central,2,8,Avoid Route,23,Low,1,11,High Risk
IBD031144,"Army vs Bandits, Niger",2024-11-01,2024-11-01,40,2024,1,Niger,North Central,1,10,Avoid Route,24,Low,1,12,Extreme Danger
IBD031420,"Auto Crash, Edo",2024-11-01,2024-11-30,13,2024,1,Edo,South South,0,5,Caution,60,Moderate,3,8,High Risk
IBD031136,"Domestic Violence, Ogun",2024-11-01,2024-11-01,1,2024,1,Ogun,South West,0,0,Safe,62,Moderate,3,3,Low Risk
IBD031149,"Domestic Violence, Osun",2024-10-31,2024-10-31,1,2024,1,Osun,South West,0,0,Safe,32,Low,1,1,Low Risk
IBD031117,"Building Collapse, Oyo",2024-10-31,2024-10-31,13,2024,1,Oyo,South West,0,5,Caution,19,Low,1,6,Moderate Risk
IBD031124,"Auto Crash, Kwara",2024-10-31,2024-10-31,1,2024,1,Kwara,North Central,0,0,Safe,18,Low,1,1,Low Risk
IBD031130,"Police vs Bandits, Bauchi",2024-10-31,2024-10-31,6,2024,1,Bauchi,North East,1,8,Avoid Route,26,Low,1,10,High Risk
IBD031264,"Gunmen Attack, Anambra",2024-10-31,2024-10-31,3,2024,1,Anambra,South East,2,8,Avoid Route,72,Moderate,3,13,Extreme Danger
IBD031128,"Terrorists vs Vigilantes, Niger",2024-10-31,2024-10-31,13,2024,1,Niger,North Central,1,10,Avoid Route,37,Low,1,12,Extreme Danger
IBD031123,"Cult War, Edo",2024-10-30,2024-10-30,1,2024,1,Edo,South South,0,0,Safe,64,Moderate,3,3,Low Risk
IBD031129,"Domestic Violence, Oyo",2024-10-30,2024-10-30,1,2024,1,Oyo,South West,0,0,Safe,17,Low,1,1,Low Risk
IBD031120,"Gunmen Kills 3, Abia",2024-10-30,2024-10-30,3,2024,1,Abia,South East,1,8,Avoid Route,64,Moderate,3,12,Extreme Danger
IBD031141,"Gunmen Kill 2, Plateau",2024-10-30,2024-10-30,2,2024,1,Plateau,North Central,1,5,Caution,45,Low,1,7,Moderate Risk
IBD031116,"Herders vs Farmers, Benue",2024-10-30,2024-10-30,16,2024,1,Benue,North Central,0,5,Caution,11,Low,1,6,Moderate Risk
IBD031118,"Vigilantes vs Bandits, Plateau",2024-10-30,2024-10-30,4,2024,1,Plateau,North Central,1,8,Avoid Route,17,Low,1,10,High Risk
IBD031119,"Food Poisoning, Edo",2024-10-30,2024-10-30,5,2024,1,Edo,South South,0,3,Safe,73,Moderate,3,6,Moderate Risk
IBD031112,"Mob vs Armed Robber, FCT (Abuja)",2024-10-29,2024-10-29,1,2024,1,FCT,North Central,0,0,Safe,20,Low,1,1,Low Risk
IBD031111,"Auto Crash, Niger",2024-10-29,2024-10-29,2,2024,1,Niger,North Central,0,0,Safe,44,Low,1,1,Low Risk
IBD031131,"Police vs IPOB/ESN, Imo",2024-10-29,2024-10-29,1,2024,1,Imo,South East,0,0,Safe,64,Moderate,3,3,Low Risk
IBD031108,"Assailants vs Woman, Delta",2024-10-29,2024-10-29,1,2024,1,Delta,South South,0,0,Safe,97,High,5,5,Moderate Risk
IBD031113,"Hoodlums vs Man, Ebonyi",2024-10-29,2024-10-29,1,2024,1,Ebonyi,South East,0,0,Safe,24,Low,1,1,Low Risk
IBD031831,"Assailants vs Man, Anambra",2024-10-28,2024-10-28,1,2024,1,Anambra,South East,0,0,Safe,76,Moderate,3,3,Low Risk
IBD031110,"Man Murdered, Ogun",2024-10-28,2024-10-28,1,2024,1,Ogun,South West,0,0,Safe,74,Moderate,3,3,Low Risk
IBD031107,"Man vs Woman, Ondo",2024-10-28,2024-10-28,1,2024,1,Ondo,South West,0,0,Safe,72,Moderate,3,3,Low Risk
IBD031164,"Police vs Kidnappers, Delta",2024-10-28,2024-10-28,2,2024,1,Delta,South South,1,5,Caution,85,High,5,11,High Risk
IBD031105,"Domestic Violence, Kano",2024-10-28,2024-10-28,1,2024,1,Kano,North West,0,0,Safe,19,Low,1,1,Low Risk
IBD031099,"Bandits vs Farmers, Sokoto",2024-10-28,2024-10-28,4,2024,1,Sokoto,North West,1,8,Avoid Route,44,Low,1,10,High Risk
IBD031106,"Cult Killing, Edo",2024-10-27,2024-10-27,8,2024,1,Edo,South South,0,3,Safe,52,Moderate,3,6,Moderate Risk
IBD031102,"Gunmen vs Drummer, Edo",2024-10-27,2024-10-27,1,2024,1,Edo,South South,1,5,Caution,67,Moderate,3,9,High Risk
IBD031098,"Domestic Violence, Benue",2024-10-27,2024-10-27,1,2024,1,Benue,North Central,0,0,Safe,23,Low,1,1,Low Risk
IBD031095,"Herders vs Farmers, Adamawa",2024-10-27,2024-10-27,7,2024,1,Adamawa,North East,0,3,Safe,19,Low,1,4,Moderate Risk
IBD031169,"Mining Pit Collapse, Adamawa",2024-10-26,2024-10-26,13,2024,1,Adamawa,North East,0,5,Caution,49,Low,1,6,Moderate Risk
IBD031086,"Inferno, Ogun",2024-10-26,2024-10-26,1,2024,1,Ogun,South West,0,0,Safe,77,Moderate,3,3,Low Risk
IBD031189,"Mine Collapse, Taraba",2024-10-26,2024-10-26,13,2024,1,Taraba,North East,0,5,Caution,48,Low,1,6,Moderate Risk
IBD031100,"Gunmen vs Man, Rivers",2024-10-26,2024-10-26,1,2024,1,Rivers,South South,1,5,Caution,80,High,5,11,High Risk
IBD031096,"Auto Crash, Kwara",2024-10-26,2024-10-26,1,2024,1,Kwara,North Central,0,0,Safe,26,Low,1,1,Low Risk
IBD031094,"Auto Crash, Lagos",2024-10-26,2024-10-26,1,2024,1,Lagos,South West,0,0,Safe,91,High,5,5,Moderate Risk
IBD031091,"Auto Crash, Lagos",2024-10-26,2024-10-26,2,2024,1,Lagos,South West,0,0,Safe,95,High,5,5,Moderate Risk
IBD031082,"Auto Crash, Lagos",2024-10-25,2024-10-25,1,2024,1,Lagos,South West,0,0,Safe,91,High,5,5,Moderate Risk
IBD031087,"Policeman Kill Musician, Enugu",2024-10-25,2024-10-25,1,2024,1,Enugu,South East,0,0,Safe,60,Moderate,3,3,Low Risk
IBD031090,"Teacher vs Student, Ogun",2024-10-25,2024-10-25,1,2024,1,Ogun,South West,0,0,Safe,56,Moderate,3,3,Low Risk
IBD031080,"Naval Officer vs Colleague, Zamfara",2024-10-25,2024-10-25,1,2024,1,Zamfara,North West,0,0,Safe,18,Low,1,1,Low Risk
IBD031101,"Soldiers vs Bandits, Kaduna",2024-10-25,2024-10-25,3,2024,1,Kaduna,North West,1,8,Avoid Route,35,Low,1,10,High Risk
IBD031081,"Auto Crash, Ebonyi",2024-10-25,2024-10-25,5,2024,1,Ebonyi,South East,0,3,Safe,43,Low,1,4,Moderate Risk
IBD031088,"Auto Crash, Kaduna",2024-10-25,2024-10-25,13,2024,1,Kaduna,North West,0,5,Caution,29,Low,1,6,Moderate Risk
IBD031103,"Hunter, Ogun",2024-10-25,2024-10-25,1,2024,1,Ogun,South West,0,0,Safe,74,Moderate,3,3,Low Risk
IBD031084,"Cult Killing , Akwa Ibom",2024-10-25,2024-10-25,1,2024,1,Akwa Ibom,South South,0,0,Safe,81,High,5,5,Moderate Risk
IBD031145,"Witchcraft, Bauchi",2024-10-25,2024-10-25,1,2024,1,Bauchi,North East,0,0,Safe,27,Low,1,1,Low Risk
IBD031093,"Build Collapse, FCT (Abuja)",2024-10-25,2024-10-25,7,2024,1,FCT,North Central,0,3,Safe,14,Low,1,4,Moderate Risk
IBD031097,"NAF vs Terrorists, Borno",2024-10-25,2024-10-25,43,2024,1,Borno,North East,1,10,Avoid Route,41,Low,1,12,Extreme Danger
IBD031076,"Cult Killing, Anambra",2024-10-24,2024-10-24,8,2024,1,Anambra,South East,0,3,Safe,67,Moderate,3,6,Moderate Risk
IBD031092,"Assailant vs Lady, Delta",2024-10-24,2024-10-24,1,2024,1,Delta,South South,0,0,Safe,93,High,5,5,Moderate Risk
IBD031070,"Auto Crash, Lagos",2024-10-23,2024-10-23,1,2024,1,Lagos,South West,0,0,Safe,90,High,5,5,Moderate Risk
IBD031074,"Helicopter Crash, Rivers",2024-10-23,2024-10-23,8,2024,1,Rivers,South South,0,3,Safe,81,High,5,8,High Risk
IBD031077,"Auto Crash, FCT (Abuja)",2024-10-23,2024-10-23,1,2024,1,FCT,North Central,0,0,Safe,23,Low,1,1,Low Risk
IBD031078,"Farmers vs Herders, Kebbi",2024-10-23,2024-10-23,1,2024,1,Kebbi,North West,0,0,Safe,17,Low,1,1,Low Risk
IBD031073,"Auto Crash, Ogun",2024-10-22,2024-10-22,1,2024,1,Ogun,South West,0,0,Safe,50,Moderate,3,3,Low Risk
IBD031073,"Auto Crash, Ogun",2024-10-22,2024-10-22,1,2024,1,Ogun,South West,0,0,Safe,52,Moderate,3,3,Low Risk
IBD031065,"Auto Crash, Plateau",2024-10-21,2024-10-21,19,2024,1,Plateau,North Central,0,5,Caution,17,Low,1,6,Moderate Risk
IBD031085,"Domestic Violence, Gombe",2024-10-21,2024-10-21,1,2024,1,Gombe,North East,0,0,Safe,33,Low,1,1,Low Risk
IBD031071,"Army vs IPOB/ESN, Anambra",2024-10-21,2024-10-21,28,2024,1,Anambra,South East,0,5,Caution,62,Moderate,3,8,High Risk
IBD031059,"Cult Clash, Rivers",2024-10-21,2024-10-21,2,2024,1,Rivers,South South,0,0,Safe,84,High,5,5,Moderate Risk
IBD031064,"IPOB/ESN Kill 2, Abia",2024-10-21,2024-10-21,2,2024,1,Abia,South East,0,0,Safe,56,Moderate,3,3,Low Risk
IBD031168,"Police vs Armed Robbers, FCT (Abuja)",2024-10-21,2024-10-21,2,2024,1,FCT,North Central,0,0,Safe,10,Low,1,1,Low Risk
IBD031350,"Bandits vs Army, Zamfara",2024-10-21,2024-10-21,5,2024,1,Zamfara,North West,1,8,Avoid Route,15,Low,1,10,High Risk
IBD031051,"Bandits Kill 2, Zamfara",2024-10-20,2024-10-20,2,2024,1,Zamfara,North West,1,5,Caution,43,Low,1,7,Moderate Risk
IBD031042,"Cult Clash, Anambra",2024-10-20,2024-10-20,20,2024,1,Anambra,South East,0,5,Caution,53,Moderate,3,8,High Risk
IBD031049,"Vigilante Kill Man, Anambra",2024-10-20,2024-10-20,1,2024,1,Anambra,South East,0,0,Safe,61,Moderate,3,3,Low Risk
IBD031075,"Securitymen Kill Man, Kwara",2024-10-20,2024-10-20,1,2024,1,Kwara,North Central,0,0,Safe,11,Low,1,1,Low Risk
IBD031057,"Police vs Kidnappers, FCT (Abuja)",2024-10-20,2024-10-20,9,2024,1,FCT,North Central,1,8,Avoid Route,24,Low,1,10,High Risk
IBD031060,"Woman Found Dead, FCT (Abuja)",2024-10-20,2024-10-20,1,2024,1,FCT,North Central,0,0,Safe,31,Low,1,1,Low Risk
IBD031052,"Cult Killing, Rivers",2024-10-20,2024-10-20,5,2024,1,Rivers,South South,0,3,Safe,96,High,5,8,High Risk
IBD031058,"Bandits Kill Villagers, Niger",2024-10-20,2024-10-20,2,2024,1,Niger,North Central,1,5,Caution,36,Low,1,7,Moderate Risk
IBD031053,"Bandits Attack, Katsina",2024-10-19,2024-10-19,2,2024,1,Katsina,North West,2,5,Caution,13,Low,1,8,High Risk
IBD031054,"Ritual Killing, Enugu",2024-10-19,2024-10-19,1,2024,1,Enugu,South East,0,0,Safe,59,Moderate,3,3,Low Risk
IBD031079,"Communal Clash, Edo",2024-10-19,2024-10-19,1,2024,1,Edo,South South,0,0,Safe,69,Moderate,3,3,Low Risk
IBD031045,"Gas Explosion, Ebonyi",2024-10-19,2024-10-19,2,2024,1,Ebonyi,South East,0,0,Safe,27,Low,1,1,Low Risk
IBD031046,"Motorcyclists vs Assistant Superintendent, Lagos",2024-10-19,2024-10-19,2,2024,1,Lagos,South West,0,0,Safe,94,High,5,5,Moderate Risk
IBD031055,"Bandits Kill 2, Katsina",2024-10-18,2024-10-18,2,2024,1,Katsina,North West,1,5,Caution,32,Low,1,7,Moderate Risk
IBD031048,"Auto Crash, Taraba",2024-10-18,2024-10-18,4,2024,1,Taraba,North East,0,3,Safe,31,Low,1,4,Moderate Risk
IBD031089,"Kidnapper Kills One, Gombe",2024-10-18,2024-10-18,1,2024,1,Gombe,North East,1,5,Caution,35,Low,1,7,Moderate Risk
IBD031044,"Mob vs Motorcycle Thief, Delta",2024-10-18,2024-10-18,2,2024,1,Delta,South South,0,0,Safe,99,High,5,5,Moderate Risk
IBD031047,"Herdsmen Kill 5, Benue",2024-10-18,2024-10-18,5,2024,1,Benue,North Central,1,8,Avoid Route,35,Low,1,10,High Risk
IBD031069,"Pregnant Woman, Imo",2024-10-18,2024-10-18,1,2024,1,Imo,South East,0,0,Safe,68,Moderate,3,3,Low Risk
IBD031056,"Assailants vs School Principal, FCT (Abuja)",2024-10-18,2024-10-18,1,2024,1,FCT,North Central,0,0,Safe,33,Low,1,1,Low Risk
IBD031063,"Assailants vs Legislative Aide, FCT (Abuja)",2024-10-17,2024-10-17,1,2024,1,FCT,North Central,0,0,Safe,42,Low,1,1,Low Risk
IBD031041,"Police vs Kidnappers, Enugu",2024-10-17,2024-10-17,2,2024,1,Enugu,South East,1,5,Caution,69,Moderate,3,9,High Risk
IBD031043,"Gunmen vs Police, Edo",2024-10-17,2024-10-17,2,2024,1,Edo,South South,1,5,Caution,62,Moderate,3,9,High Risk
IBD031034,"Thunder Strike, Kogi",2024-10-17,2024-10-17,1,2024,1,Kogi,North Central,0,0,Safe,21,Low,1,1,Low Risk
IBD031050,"Bandits vs Herders, Kaduna",2024-10-17,2024-10-17,2,2024,1,Kaduna,North West,1,5,Caution,24,Low,1,7,Moderate Risk
IBD031033,"Auto Crash, Lagos",2024-10-17,2024-10-17,1,2024,1,Lagos,South West,0,0,Safe,88,High,5,5,Moderate Risk
IBD031038,"Auto Crash, Kogi",2024-10-17,2024-10-17,2,2024,1,Kogi,North Central,0,0,Safe,17,Low,1,1,Low Risk
IBD031032,"Auto Crash, Ogun",2024-10-16,2024-10-16,2,2024,1,Ogun,South West,0,0,Safe,61,Moderate,3,3,Low Risk
IBD031121,"Brothers vs Neighbour, Jigiwa",2024-10-16,2024-10-16,1,2024,1,Unknown,,0,0,Safe,39,Low,1,1,Low Risk
IBD031028,"Boko Haram Attack, Borno",2024-10-16,2024-10-16,2,2024,1,Borno,North East,1,5,Caution,32,Low,1,7,Moderate Risk
IBD031025,"Police vs Robbers, Imo",2024-10-16,2024-10-16,1,2024,1,Imo,South East,0,0,Safe,52,Moderate,3,3,Low Risk
IBD031104,"One Killed, Oyo",2024-10-16,2024-10-16,1,2024,1,Oyo,South West,0,0,Safe,27,Low,1,1,Low Risk
IBD031026,"Assailants vs Graduate, Delta",2024-10-16,2024-10-16,1,2024,1,Delta,South South,0,0,Safe,90,High,5,5,Moderate Risk
IBD031066,"Auto Crash/Inferno, Ogun",2024-10-16,2024-10-16,1,2024,1,Ogun,South West,0,0,Safe,70,Moderate,3,3,Low Risk
IBD031040,"Security Operatives vs Man, Lagos",2024-10-16,2024-10-16,1,2024,1,Lagos,South West,0,0,Safe,81,High,5,5,Moderate Risk
IBD031035,"Electrocution, Ogun",2024-10-16,2024-10-16,1,2024,1,Ogun,South West,0,0,Safe,64,Moderate,3,3,Low Risk
IBD031022,"Assailants vs Man, Oyo",2024-10-15,2024-10-15,1,2024,1,Oyo,South West,0,0,Safe,42,Low,1,1,Low Risk
IBD031037,"Electrocution, FCT (Abuja)",2024-10-15,2024-10-15,1,2024,1,FCT,North Central,0,0,Safe,47,Low,1,1,Low Risk
IBD031024,"Petrol Tanker Explosion, Jigawa",2024-10-15,2024-10-15,186,2024,1,Jigawa,North West,0,5,Caution,25,Low,1,6,Moderate Risk
IBD031029,"Sex Romp, Niger",2024-10-15,2024-10-15,1,2024,1,Niger,North Central,0,0,Safe,10,Low,1,1,Low Risk
IBD031061,"Train Crushes Man, Lagos",2024-10-14,2024-10-14,1,2024,1,Lagos,South West,0,0,Safe,93,High,5,5,Moderate Risk
IBD031017,"Domestic Violence, Lagos",2024-10-14,2024-10-14,1,2024,1,Lagos,South West,0,0,Safe,82,High,5,5,Moderate Risk
IBD031021,"Gunmen Attack, Plateau",2024-10-14,2024-10-14,5,2024,1,Plateau,North Central,2,8,Avoid Route,12,Low,1,11,High Risk
IBD031019,"Army vs Bandits, Kaduna",2024-10-14,2024-10-14,2,2024,1,Kaduna,North West,1,5,Caution,23,Low,1,7,Moderate Risk
IBD031030,"Hoodlums vs Motorcycle Thief, FCT (Abuja)",2024-10-14,2024-10-14,1,2024,1,FCT,North Central,0,0,Safe,12,Low,1,1,Low Risk
IBD031011,"Auto Crash, Oyo",2024-10-14,2024-10-14,8,2024,1,Oyo,South West,0,3,Safe,31,Low,1,4,Moderate Risk
PAR012672,"Auto Crash, Lagos",2024-10-13,2024-10-13,3,2024,1,Lagos,South West,0,3,Safe,86,High,5,8,High Risk
IBD031016,"Auto Crash, Lagos",2024-10-13,2024-10-13,3,2024,1,Lagos,South West,0,3,Safe,89,High,5,8,High Risk
IBD031014,"Inferno, Lagos",2024-10-13,2024-10-13,4,2024,1,Lagos,South West,0,3,Safe,93,High,5,8,High Risk
IBD031006,"Petty Trader, Nasarawa",2024-10-13,2024-10-13,1,2024,1,Nasarawa,North Central,0,0,Safe,22,Low,1,1,Low Risk
IBD031012,"Gunmen vs Police Officers, Delta",2024-10-13,2024-10-13,2,2024,1,Delta,South South,1,5,Caution,86,High,5,11,High Risk
IBD031015,"Building Collapse, Lagos",2024-10-12,2024-10-12,2,2024,1,Lagos,South West,0,0,Safe,89,High,5,5,Moderate Risk
IBD030995,"Auto Crash, Kaduna",2024-10-12,2024-10-12,1,2024,1,Kaduna,North West,0,0,Safe,44,Low,1,1,Low Risk
IBD030972,"Gunmen vs Man, Edo",2024-10-12,2024-10-12,1,2024,1,Edo,South South,1,5,Caution,62,Moderate,3,9,High Risk
IBD031031,"Auto Crash, FCT (Abuja)",2024-10-12,2024-10-12,1,2024,1,FCT,North Central,0,0,Safe,19,Low,1,1,Low Risk
IBD018052,"Cultists vs Councillorship Candidate, Ogun",2024-10-12,2024-10-12,1,2024,1,Ogun,South West,0,0,Safe,79,Moderate,3,3,Low Risk
IBD031001,"Gunmen Kill 1, Kwara",2024-10-12,2024-10-12,1,2024,1,Kwara,North Central,1,5,Caution,45,Low,1,7,Moderate Risk
IBD031004,"Train Accident, Lagos",2024-10-12,2024-10-12,1,2024,1,Lagos,South West,0,0,Safe,89,High,5,5,Moderate Risk
IBD031000,"Assailant vs Tricycle Rider, Delta",2024-10-12,2024-10-12,1,2024,1,Delta,South South,0,0,Safe,82,High,5,5,Moderate Risk
IBD031003,"Sex Worker, Delta",2024-10-11,2024-10-11,1,2024,1,Delta,South South,0,0,Safe,97,High,5,5,Moderate Risk
IBD031005,"Gunmen vs Miners, Plateau",2024-10-11,2024-10-11,4,2024,1,Plateau,North Central,1,8,Avoid Route,18,Low,1,10,High Risk
IBD031013,"Mysterious Death, Lagos",2024-10-11,2024-10-11,1,2024,1,Lagos,South West,0,0,Safe,100,High,5,5,Moderate Risk
IBD030997,"Man Drowns, Lagos",2024-10-11,2024-10-11,1,2024,1,Lagos,South West,0,0,Safe,91,High,5,5,Moderate Risk
IBD031008,"Assailants vs Herders, Plateau",2024-10-10,2024-10-10,1,2024,1,Plateau,North Central,0,0,Safe,28,Low,1,1,Low Risk
IBD031007,"Corpse Found, Kwara",2024-10-10,2024-10-10,1,2024,1,Kwara,North Central,0,0,Safe,46,Low,1,1,Low Risk
IBD030999,"Auto Crash, Ogun",2024-10-10,2024-10-10,3,2024,1,Ogun,South West,0,3,Safe,62,Moderate,3,6,Moderate Risk
IBD031010,"Political Violence, Plateau",2024-10-10,2024-10-10,1,2024,1,Plateau,North Central,0,0,Safe,23,Low,1,1,Low Risk
IBD031009,"Assailants vs Herders, Plateau",2024-10-10,2024-10-10,1,2024,1,Plateau,North Central,0,0,Safe,20,Low,1,1,Low Risk
IBD031018,"Mob vs Bike Thief, FCT (Abuja)",2024-10-09,2024-10-09,1,2024,1,FCT,North Central,0,0,Safe,42,Low,1,1,Low Risk
IBD031115,"Sankebites, Niger",2024-10-09,2024-10-16,5,2024,1,Niger,North Central,0,3,Safe,29,Low,1,4,Moderate Risk
IBD031114,"Security Operatives vs Man, Anambra",2024-10-09,2024-10-09,1,2024,1,Anambra,South East,0,0,Safe,62,Moderate,3,3,Low Risk
IBD030985,"Soldier vs Policeman, Lagos",2024-10-09,2024-10-09,1,2024,1,Lagos,South West,0,0,Safe,89,High,5,5,Moderate Risk
IBD030976,"Auto Crash, Kaduna",2024-10-09,2024-10-09,4,2024,1,Kaduna,North West,0,3,Safe,26,Low,1,4,Moderate Risk
IBD030993,"Fulani Herdsmen Attack, Benue",2024-10-09,2024-10-09,4,2024,1,Benue,North Central,2,8,Avoid Route,38,Low,1,11,High Risk
IBD030982,"Student Killed, Ondo",2024-10-09,2024-10-09,1,2024,1,Ondo,South West,0,0,Safe,51,Moderate,3,3,Low Risk
IBD030984,"Man vs Friend, Ondo",2024-10-09,2024-10-09,1,2024,1,Ondo,South West,0,0,Safe,75,Moderate,3,3,Low Risk
IBD031020,"Police vs Kidnappers, Niger",2024-10-09,2024-10-09,3,2024,1,Niger,North Central,1,8,Avoid Route,38,Low,1,10,High Risk
IBD030959,"Hoodlums Kill Man, Niger",2024-10-08,2024-10-08,1,2024,1,Niger,North Central,0,0,Safe,44,Low,1,1,Low Risk
IBD031423,"Ritual Killing, Delta",2024-10-08,2024-10-08,1,2024,1,Delta,South South,0,0,Safe,94,High,5,5,Moderate Risk
IBD030996,"Gunmen vs Security Personnel, Imo",2024-10-08,2024-10-08,40,2024,1,Imo,South East,1,10,Avoid Route,66,Moderate,3,14,Extreme Danger
IBD030974,"Boko Haram Attack, Borno",2024-10-08,2024-10-08,1,2024,1,Borno,North East,1,5,Caution,45,Low,1,7,Moderate Risk
IBD030973,"Farmer vs Herder, FCT (Abuja)",2024-10-08,2024-10-08,1,2024,1,FCT,North Central,0,0,Safe,24,Low,1,1,Low Risk
IBD030998,"Domestic Valence, Jigawa",2024-10-08,2024-10-08,1,2024,1,Jigawa,North West,0,0,Safe,13,Low,1,1,Low Risk
IBD030979,"Inferno, Delta",2024-10-08,2024-10-08,1,2024,1,Delta,South South,0,0,Safe,82,High,5,5,Moderate Risk
IBD031027,"Gunmen vs SuperSports Crew, Anambra",2024-10-08,2024-10-08,3,2024,1,Anambra,South East,1,8,Avoid Route,50,Moderate,3,12,Extreme Danger
IBD030942,"Political Violence, Rivers",2024-10-07,2024-10-07,3,2024,1,Rivers,South South,0,3,Safe,87,High,5,8,High Risk
IBD030946,"Political Crisis, Rivers",2024-10-07,2024-10-07,1,2024,1,Rivers,South South,0,0,Safe,86,High,5,5,Moderate Risk
IBD030943,"Political Violence, Rivers",2024-10-07,2024-10-07,1,2024,1,Rivers,South South,0,0,Safe,83,High,5,5,Moderate Risk
IBD030963,"Boko Haram Attack, Borno",2024-10-07,2024-10-07,5,2024,1,Borno,North East,1,8,Avoid Route,29,Low,1,10,High Risk
IBD030971,"Bouncer vs Man, Lagos",2024-10-07,2024-10-07,1,2024,1,Lagos,South West,0,0,Safe,89,High,5,5,Moderate Risk
IBD030978,"Bandits vs Vigilante, Zamfara",2024-10-07,2024-10-07,9,2024,1,Zamfara,North West,1,8,Avoid Route,22,Low,1,10,High Risk
IBD030956,"Banditry, Katsina",2024-10-07,2024-10-09,11,2024,1,Katsina,North West,1,10,Avoid Route,41,Low,1,12,Extreme Danger
IBD030934,"Prostitute vs Customer, Lagos",2024-10-07,2024-10-07,1,2024,1,Lagos,South West,0,0,Safe,80,High,5,5,Moderate Risk
PAR012675,"Kidnap Victim, Rivers",2024-10-07,2024-10-07,1,2024,1,Rivers,South South,1,5,Caution,92,High,5,11,High Risk
IBD030957,"Bandit vs District Head, Kebbi",2024-10-07,2024-10-07,1,2024,1,Kebbi,North West,1,5,Caution,35,Low,1,7,Moderate Risk
IBD030970,"Gunmen Attack, Plateau",2024-10-07,2024-10-07,3,2024,1,Plateau,North Central,2,8,Avoid Route,24,Low,1,11,High Risk
IBD030944,"Political Crisis, Rivers",2024-10-07,2024-10-07,1,2024,1,Rivers,South South,0,0,Safe,84,High,5,5,Moderate Risk
IBD031083,"Domestic Violence, Ondo",2024-10-07,2024-10-07,1,2024,1,Ondo,South West,0,0,Safe,67,Moderate,3,3,Low Risk
IBD030983,"Migrants Farmers vs Youth Leader, Bayelsa",2024-10-07,2024-10-07,1,2024,1,Bayelsa,South South,0,0,Safe,92,High,5,5,Moderate Risk
IBD030953,"Boat Mishap, Lagos",2024-10-07,2024-10-07,13,2024,1,Lagos,South West,0,5,Caution,86,High,5,10,High Risk
IBD030927,"Extra-Judicial Killing, Benue",2024-10-06,2024-10-06,1,2024,1,Benue,North Central,0,0,Safe,39,Low,1,1,Low Risk
IBD030933,"Cult Killing, Anambra",2024-10-06,2024-10-06,4,2024,1,Anambra,South East,0,3,Safe,57,Moderate,3,6,Moderate Risk
IBD030958,"Gunmen Attack, Anambra",2024-10-06,2024-10-06,5,2024,1,Anambra,South East,2,8,Avoid Route,66,Moderate,3,13,Extreme Danger
IBD030930,"Police vs Kidnappers, Delta",2024-10-06,2024-10-06,3,2024,1,Delta,South South,1,8,Avoid Route,80,High,5,14,Extreme Danger
IBD030937,"Domestic Violence, Kogi",2024-10-06,2024-10-06,1,2024,1,Kogi,North Central,0,0,Safe,44,Low,1,1,Low Risk
IBD030962,"Ritual Killing, Anambra",2024-10-06,2024-10-06,1,2024,1,Anambra,South East,0,0,Safe,59,Moderate,3,3,Low Risk
IBD030952,"Assailant vs Hunter, Ogun",2024-10-05,2024-10-05,1,2024,1,Ogun,South West,0,0,Safe,77,Moderate,3,3,Low Risk
IBD030951,"Food Poisoning, Ondo",2024-10-05,2024-10-05,5,2024,1,Ondo,South West,0,3,Safe,52,Moderate,3,6,Moderate Risk
IBD030977,"Bandits vs APC Chairman, Kebbi",2024-10-05,2024-10-05,1,2024,1,Kebbi,North West,1,5,Caution,47,Low,1,7,Moderate Risk
IBD030936,"Soldiers vs Bandits, Kaduna",2024-10-05,2024-10-05,3,2024,1,Kaduna,North West,1,8,Avoid Route,13,Low,1,10,High Risk
IBD030975,"Train Accident, FCT (Abuja)",2024-10-05,2024-10-05,1,2024,1,FCT,North Central,0,0,Safe,47,Low,1,1,Low Risk
IBD030926,"Domestic Violence, Lagos",2024-10-04,2024-10-04,1,2024,1,Lagos,South West,0,0,Safe,89,High,5,5,Moderate Risk
IBD030941,"Troops vs Boko Haram, Yobe",2024-10-04,2024-10-04,10,2024,1,Yobe,North East,0,5,Caution,36,Low,1,6,Moderate Risk
IBD031174,"Domestic Violence, Ebonyi",2024-10-04,2024-10-04,1,2024,1,Ebonyi,South East,0,0,Safe,11,Low,1,1,Low Risk
IBD030945,"Police vs Gunmen, Imo",2024-10-04,2024-10-04,1,2024,1,Imo,South East,1,5,Caution,76,Moderate,3,9,High Risk
IBD030954,"Flood Incident, Ondo",2024-10-04,2024-10-04,1,2024,1,Ondo,South West,0,0,Safe,67,Moderate,3,3,Low Risk
IBD030929,"Bandits vs Vigilante, Katsina",2024-10-04,2024-10-04,3,2024,1,Katsina,North West,1,8,Avoid Route,45,Low,1,10,High Risk
IBD030928,"Bandits vs Security Agents, Katsina",2024-10-04,2024-10-04,9,2024,1,Katsina,North West,1,8,Avoid Route,27,Low,1,10,High Risk
IBD030923,"Assailants vs Couple, Abia",2024-10-03,2024-10-03,2,2024,1,Abia,South East,0,0,Safe,50,Moderate,3,3,Low Risk
IBD030922,"Gunmen vs Police Officers, Anambra",2024-10-03,2024-10-03,2,2024,1,Anambra,South East,1,5,Caution,60,Moderate,3,9,High Risk
IBD030931,"Building Collapse, Delta",2024-10-03,2024-10-03,1,2024,1,Delta,South South,0,0,Safe,83,High,5,5,Moderate Risk
IBD030921,"Auto Crash, Nasarawa",2024-10-03,2024-10-03,4,2024,1,Nasarawa,North Central,0,3,Safe,35,Low,1,4,Moderate Risk
IBD030925,"Domestic Violence, Lagos",2024-10-03,2024-10-03,1,2024,1,Lagos,South West,0,0,Safe,91,High,5,5,Moderate Risk
IBD030935,"Auto Crash, FCT (Abuja)",2024-10-03,2024-10-03,1,2024,1,FCT,North Central,0,0,Safe,28,Low,1,1,Low Risk
IBD030919,"Soldiers Kill Bandit, Kaduna",2024-10-02,2024-10-02,1,2024,1,Kaduna,North West,1,5,Caution,19,Low,1,7,Moderate Risk
IBD030914,"Gunmen vs Mechanic, Ogun",2024-10-02,2024-10-02,1,2024,1,Ogun,South West,1,5,Caution,78,Moderate,3,9,High Risk
IBD030917,"Assailants vs Fisherman, Ogun",2024-10-02,2024-10-02,1,2024,1,Ogun,South West,0,0,Safe,78,Moderate,3,3,Low Risk
IBD030920,"Banditry, Katsina",2024-10-02,2024-10-02,20,2024,1,Katsina,North West,1,10,Avoid Route,10,Low,1,12,Extreme Danger
IBD030924,"Police vs Commercial Driver, Akwa Ibom",2024-10-02,2024-10-02,1,2024,1,Akwa Ibom,South South,0,0,Safe,94,High,5,5,Moderate Risk
IBD030918,"Electrocution, Lagos",2024-10-01,2024-10-01,1,2024,1,Lagos,South West,0,0,Safe,81,High,5,5,Moderate Risk
IBD030955,"Female Genital Mutilation Victim, Delta",2024-10-01,2024-10-01,1,2024,1,Delta,South South,0,0,Safe,88,High,5,5,Moderate Risk
IBD030960,"Flooding Kills 1, Ebonyi",2024-10-01,2024-10-01,1,2024,1,Ebonyi,South East,0,0,Safe,17,Low,1,1,Low Risk
IBD030916,"Herdsmen Kill Soldiers, Benue",2024-10-01,2024-10-01,7,2024,1,Benue,North Central,1,8,Avoid Route,38,Low,1,10,High Risk
IBD031002,"Fulani Herdsmen vs Boy, Edo",2024-10-01,2024-10-13,15,2024,1,Edo,South South,1,10,Avoid Route,58,Moderate,3,14,Extreme Danger
IBD030961,"Flooding, Ebonyi",2024-10-01,2024-10-01,1,2024,1,Ebonyi,South East,0,0,Safe,47,Low,1,1,Low Risk
IBD030912,"Auto Crash, Lagos",2024-10-01,2024-10-01,10,2024,1,Lagos,South West,0,5,Caution,93,High,5,10,High Risk
IBD030909,"Boko Haram vs Farmers, Borno",2024-10-01,2024-10-01,6,2024,1,Borno,North East,0,3,Safe,22,Low,1,4,Moderate Risk
IBD031146,"Suspected Herdsmen Attacks, Benue",2024-10-01,2024-10-31,38,2024,1,Benue,North Central,2,10,Avoid Route,13,Low,1,13,Extreme Danger
IBD030913,"Boat Mishap, Niger",2024-10-01,2024-10-01,180,2024,1,Niger,North Central,0,5,Caution,40,Low,1,6,Moderate Risk
IBD030878,"Mob vs Bandits, Kaduna",2024-09-30,2024-09-30,2,2024,1,Kaduna,North West,1,5,Caution,13,Low,1,7,Moderate Risk
IBD030915,"Auto Crash, Enugu",2024-09-30,2024-09-30,1,2024,1,Enugu,South East,0,0,Safe,58,Moderate,3,3,Low Risk
IBD030906,"Kidnappers vs Vigilante Commander, Kwara",2024-09-30,2024-09-30,1,2024,1,Kwara,North Central,1,5,Caution,24,Low,1,7,Moderate Risk
IBD030885,"Father vs Son, Delta",2024-09-30,2024-09-30,3,2024,1,Delta,South South,0,3,Safe,85,High,5,8,High Risk
IBD030895,"Auto Crash, Jigawa",2024-09-29,2024-09-29,6,2024,1,Jigawa,North West,0,3,Safe,26,Low,1,4,Moderate Risk
IBD030896,"Auto Crash, Anambra",2024-09-29,2024-09-29,1,2024,1,Anambra,South East,0,0,Safe,55,Moderate,3,3,Low Risk
IBD030986,"Man vs Friends, Kano",2024-09-29,2024-09-29,1,2024,1,Kano,North West,0,0,Safe,26,Low,1,1,Low Risk
IBD030903,"Gunmen vs Farmer, Benue",2024-09-29,2024-09-29,1,2024,1,Benue,North Central,1,5,Caution,14,Low,1,7,Moderate Risk
IBD030911,"Troops vs Boko Haram/ISWAP, Borno",2024-09-29,2024-09-29,5,2024,1,Borno,North East,0,3,Safe,33,Low,1,4,Moderate Risk
IBD030980,"Drowning, Ogun",2024-09-29,2024-09-29,1,2024,1,Ogun,South West,0,0,Safe,53,Moderate,3,3,Low Risk
IBD030900,"Police vs Kidnappers, Akwa Ibom",2024-09-29,2024-09-29,3,2024,1,Akwa Ibom,South South,1,8,Avoid Route,97,High,5,14,Extreme Danger
IBD030898,"Mob vs Cable Thief, Lagos",2024-09-29,2024-09-29,1,2024,1,Lagos,South West,0,0,Safe,99,High,5,5,Moderate Risk
IBD030907,"Extra-Judicial Killing, Yobe",2024-09-29,2024-09-29,1,2024,1,Yobe,North East,0,0,Safe,34,Low,1,1,Low Risk
IBD030899,"Auto Crash, Zamfara",2024-09-29,2024-09-29,6,2024,1,Zamfara,North West,0,3,Safe,21,Low,1,4,Moderate Risk
IBD030886,"Bandits Kills 2, Kaduna",2024-09-29,2024-09-29,2,2024,1,Kaduna,North West,1,5,Caution,38,Low,1,7,Moderate Risk
IBD030905,"Banditry, Zamafara",2024-09-29,2024-09-29,2,2024,1,Unknown,,1,5,Caution,19,Low,1,7,Moderate Risk
IBD030879,"Auto Crash, Ogun",2024-09-29,2024-09-29,2,2024,1,Ogun,South West,0,0,Safe,77,Moderate,3,3,Low Risk
IBD030891,"Police vs Gunman, Anambra",2024-09-29,2024-09-29,1,2024,1,Anambra,South East,0,0,Safe,54,Moderate,3,3,Low Risk
IBD030910,"Auto Crash, FCT (Abuja)",2024-09-28,2024-09-28,2,2024,1,FCT,North Central,0,0,Safe,30,Low,1,1,Low Risk
IBD030888,"Troops vs Terrorists, Kaduna",2024-09-28,2024-09-28,2,2024,1,Kaduna,North West,1,5,Caution,40,Low,1,7,Moderate Risk
IBD030880,"Banditry, Katsina",2024-09-28,2024-09-28,2,2024,1,Katsina,North West,1,5,Caution,13,Low,1,7,Moderate Risk
IBD030882,"Flooding, Imo",2024-09-28,2024-09-28,1,2024,1,Imo,South East,0,0,Safe,60,Moderate,3,3,Low Risk
IBD030887,"Troops vs Terrorist, Kaduna",2024-09-28,2024-09-28,1,2024,1,Kaduna,North West,1,5,Caution,16,Low,1,7,Moderate Risk
IBD030877,"Teenage Girls Drown, Jigawa",2024-09-28,2024-09-28,4,2024,1,Jigawa,North West,0,3,Safe,28,Low,1,4,Moderate Risk
IBD030876,"Lion vs Handler, Ogun",2024-09-28,2024-09-28,1,2024,1,Ogun,South West,0,0,Safe,70,Moderate,3,3,Low Risk
IBD030889,"Banditry, Kaduna",2024-09-28,2024-09-28,1,2024,1,Kaduna,North West,1,5,Caution,18,Low,1,7,Moderate Risk
IBD030981,"Police vs Man, Delta",2024-09-27,2024-09-27,1,2024,1,Delta,South South,0,0,Safe,80,High,5,5,Moderate Risk
IBD030864,"Masqueraders Kill 2, Enugu",2024-09-27,2024-09-27,2,2024,1,Enugu,South East,0,0,Safe,67,Moderate,3,3,Low Risk
IBD030897,"Building Collapse, Lagos",2024-09-27,2024-09-27,1,2024,1,Lagos,South West,0,0,Safe,93,High,5,5,Moderate Risk
IBD030874,"Troops vs Bandit, Kaduna",2024-09-27,2024-09-27,1,2024,1,Kaduna,North West,1,5,Caution,12,Low,1,7,Moderate Risk
IBD030902,"NAF Attack, Kaduna",2024-09-27,2024-09-27,25,2024,1,Kaduna,North West,1,10,Avoid Route,45,Low,1,12,Extreme Danger
IBD030901,"Pastor Died, FCT (Abuja)",2024-09-26,2024-09-26,1,2024,1,FCT,North Central,0,0,Safe,18,Low,1,1,Low Risk
IBD030858,"Flood Incident, Niger",2024-09-25,2024-09-25,1,2024,1,Niger,North Central,0,0,Safe,26,Low,1,1,Low Risk
IBD030831,"Assailant Kills Boy, Ogun",2024-09-25,2024-09-25,1,2024,1,Ogun,South West,0,0,Safe,70,Moderate,3,3,Low Risk
IBD030846,"Army vs Bandits, Zamfara",2024-09-25,2024-09-25,2,2024,1,Zamfara,North West,1,5,Caution,27,Low,1,7,Moderate Risk
IBD030850,"Flood Incident, Niger",2024-09-25,2024-09-25,5,2024,1,Niger,North Central,0,3,Safe,41,Low,1,4,Moderate Risk
IBD030860,"Flood Incident, Niger",2024-09-25,2024-09-25,1,2024,1,Niger,North Central,0,0,Safe,12,Low,1,1,Low Risk
IBD030852,"Flood Incident, Niger",2024-09-25,2024-09-25,2,2024,1,Niger,North Central,0,0,Safe,29,Low,1,1,Low Risk
IBD030854,"Flood Incident, Niger",2024-09-25,2024-09-25,2,2024,1,Niger,North Central,0,0,Safe,17,Low,1,1,Low Risk
IBD030824,"Auto Crash, Kano",2024-09-24,2024-09-24,5,2024,1,Kano,North West,0,3,Safe,11,Low,1,4,Moderate Risk
IBD031072,"Auto Crash, FCT (Abuja)",2024-09-24,2024-09-24,1,2024,1,FCT,North Central,0,0,Safe,17,Low,1,1,Low Risk
IBD030829,"Flood Disaster, Oyo",2024-09-24,2024-09-24,1,2024,1,Oyo,South West,0,0,Safe,19,Low,1,1,Low Risk
IBD031062,"Corpse Found, Gombe",2024-09-23,2024-09-23,1,2024,1,Gombe,North East,0,0,Safe,42,Low,1,1,Low Risk
IBD030828,"Man vs Father, Kano",2024-09-23,2024-09-23,1,2024,1,Kano,North West,0,0,Safe,37,Low,1,1,Low Risk
IBD030812,"Auto Crash, Lagos",2024-09-23,2024-09-23,3,2024,1,Lagos,South West,0,3,Safe,91,High,5,8,High Risk
IBD031109,"Site Engineer Dies, Lagos",2024-09-23,2024-09-23,1,2024,1,Lagos,South West,0,0,Safe,84,High,5,5,Moderate Risk
IBD030825,"Boat Mishap, Borno",2024-09-23,2024-09-23,4,2024,1,Borno,North East,0,3,Safe,47,Low,1,4,Moderate Risk
IBD030814,"Army vs Vandals, Rivers",2024-09-22,2024-09-22,2,2024,1,Rivers,South South,0,0,Safe,84,High,5,5,Moderate Risk
IBD030811,"Train Accident, Lagos",2024-09-22,2024-09-22,1,2024,1,Lagos,South West,0,0,Safe,91,High,5,5,Moderate Risk
IBD030819,"Hippopotamus vs Guard, Kebbi",2024-09-22,2024-09-22,1,2024,1,Kebbi,North West,0,0,Safe,16,Low,1,1,Low Risk
IBD030815,"Troops vs Boko Haram/ISWAP, Yobe",2024-09-22,2024-09-22,4,2024,1,Yobe,North East,0,3,Safe,10,Low,1,4,Moderate Risk
IBD030810,"Troops vs Boko Haram/ISWAP Terrorists, Borno",2024-09-22,2024-09-22,3,2024,1,Borno,North East,1,8,Avoid Route,22,Low,1,10,High Risk
IBD030807,"Bandits vs Imam, FCT (Abuja)",2024-09-22,2024-09-22,1,2024,1,FCT,North Central,1,5,Caution,38,Low,1,7,Moderate Risk
IBD030822,"Troops Kill Boko Haram, Borno",2024-09-22,2024-09-22,5,2024,1,Borno,North East,0,3,Safe,34,Low,1,4,Moderate Risk
IBD030817,"Mob vs Man, Edo",2024-09-22,2024-09-22,2,2024,1,Edo,South South,0,0,Safe,61,Moderate,3,3,Low Risk
IBD030808,"ISWAP Fighters Drown, Yobe",2024-09-22,2024-09-22,17,2024,1,Yobe,North East,0,5,Caution,16,Low,1,6,Moderate Risk
IBD030813,"Troops vs Boko Haram/ISWAP Terrorist, Borno",2024-09-22,2024-09-22,1,2024,1,Borno,North East,1,5,Caution,10,Low,1,7,Moderate Risk
IBD030870,"Food Poisoning, Oyo",2024-09-22,2024-09-22,5,2024,1,Oyo,South West,0,3,Safe,48,Low,1,4,Moderate Risk
IBD030830,"Gunmen Kill Driver, Ekiti",2024-09-22,2024-09-22,1,2024,1,Ekiti,South West,1,5,Caution,24,Low,1,7,Moderate Risk
IBD030806,"Soldier vs NSCDC Officer, Oyo",2024-09-22,2024-09-22,1,2024,1,Oyo,South West,0,0,Safe,12,Low,1,1,Low Risk
IBD030804,"Gunmen vs LG Worker, Osun",2024-09-21,2024-09-21,1,2024,1,Osun,South West,1,5,Caution,22,Low,1,7,Moderate Risk
IBD030904,"2 Killed, Lagos",2024-09-21,2024-09-21,2,2024,1,Lagos,South West,0,0,Safe,87,High,5,5,Moderate Risk
IBD030816,"Bandits vs Army, Zamfara",2024-09-21,2024-09-21,1,2024,1,Zamfara,North West,1,5,Caution,28,Low,1,7,Moderate Risk
IBD030826,"Bandits vs Vigilantes, Kaduna",2024-09-21,2024-09-21,2,2024,1,Kaduna,North West,1,5,Caution,37,Low,1,7,Moderate Risk
IBD030809,"Banditry, Kaduna",2024-09-21,2024-09-21,4,2024,1,Kaduna,North West,1,8,Avoid Route,17,Low,1,10,High Risk
IBD030821,"Hoodlums vs Cyclist, FCT (Abuja)",2024-09-21,2024-09-21,1,2024,1,FCT,North Central,0,0,Safe,37,Low,1,1,Low Risk
IBD030827,"Thief Inside the Tank, Rivers",2024-09-21,2024-09-21,1,2024,1,Rivers,South South,0,0,Safe,83,High,5,5,Moderate Risk
IBD030805,"Electrocution, Ogun",2024-09-20,2024-09-20,1,2024,1,Ogun,South West,0,0,Safe,57,Moderate,3,3,Low Risk
IBD030859,"Cult Killing, Lagos",2024-09-20,2024-09-20,1,2024,1,Lagos,South West,0,0,Safe,83,High,5,5,Moderate Risk
IBD031175,"Domestic Violence, Ebonyi",2024-09-20,2024-09-20,1,2024,1,Ebonyi,South East,0,0,Safe,39,Low,1,1,Low Risk
IBD031608,"Poland Returnee, Abia",2024-09-20,2024-09-20,1,2024,1,Abia,South East,0,0,Safe,56,Moderate,3,3,Low Risk
IBD030857,"Cult Clash, Lagos",2024-09-20,2024-09-20,1,2024,1,Lagos,South West,0,0,Safe,86,High,5,5,Moderate Risk
IBD030856,"Cult Clash, Lagos",2024-09-19,2024-09-19,2,2024,1,Lagos,South West,0,0,Safe,93,High,5,5,Moderate Risk
IBD030802,"Generator Fume, Ogun",2024-09-19,2024-09-19,1,2024,1,Ogun,South West,0,0,Safe,72,Moderate,3,3,Low Risk
IBD030853,"Cult Clash, Lagos",2024-09-19,2024-09-19,1,2024,1,Lagos,South West,0,0,Safe,95,High,5,5,Moderate Risk
IBD030881,"Security Operatives vs Man, Ekiti",2024-09-19,2024-09-19,1,2024,1,Ekiti,South West,0,0,Safe,22,Low,1,1,Low Risk
IBD030823,"Worker vs Colleague, Bauchi",2024-09-19,2024-09-19,1,2024,1,Bauchi,North East,0,0,Safe,18,Low,1,1,Low Risk
IBD030803,"Bandits vs Farmers, Kaduna",2024-09-19,2024-09-19,2,2024,1,Kaduna,North West,1,5,Caution,36,Low,1,7,Moderate Risk
IBD030861,"Cult Clash, Lagos",2024-09-18,2024-09-20,6,2024,1,Lagos,South West,0,3,Safe,97,High,5,8,High Risk
IBD030849,"Cult Clash, Lagos",2024-09-18,2024-09-18,1,2024,1,Lagos,South West,0,0,Safe,85,High,5,5,Moderate Risk
IBD031036,"Victims of Organ Harvesting, Benue",2024-09-18,2024-09-18,2,2024,1,Benue,North Central,0,0,Safe,26,Low,1,1,Low Risk
IBD030801,"Auto Crash, FCT (Abuja)",2024-09-18,2024-09-18,3,2024,1,FCT,North Central,0,3,Safe,14,Low,1,4,Moderate Risk
IBD030855,"Cult Clash, Oyo",2024-09-17,2024-09-18,2,2024,1,Oyo,South West,0,0,Safe,30,Low,1,1,Low Risk
IBD030791,"Police vs Kidnapper, Edo",2024-09-17,2024-09-17,1,2024,1,Edo,South South,1,5,Caution,64,Moderate,3,9,High Risk
IBD030798,"Woman Dies, Lagos",2024-09-17,2024-09-17,1,2024,1,Lagos,South West,0,0,Safe,80,High,5,5,Moderate Risk
IBD030800,"Building Collapse, Osun",2024-09-17,2024-09-17,1,2024,1,Osun,South West,0,0,Safe,18,Low,1,1,Low Risk
IBD030848,"Cult Clash, Imo",2024-09-16,2024-09-23,8,2024,1,Imo,South East,0,3,Safe,57,Moderate,3,6,Moderate Risk
IBD030797,"Man vs Fiancee, Kano",2024-09-16,2024-09-16,1,2024,1,Kano,North West,0,0,Safe,21,Low,1,1,Low Risk
IBD030790,"Gunmen vs PoS Operator, Oyo",2024-09-16,2024-09-16,1,2024,1,Oyo,South West,1,5,Caution,42,Low,1,7,Moderate Risk
IBD030789,"Auto Crash, Ogun",2024-09-16,2024-09-16,11,2024,1,Ogun,South West,0,5,Caution,55,Moderate,3,8,High Risk
IBD030774,"Auto Crash, Kaduna",2024-09-16,2024-09-16,38,2024,1,Kaduna,North West,0,5,Caution,21,Low,1,6,Moderate Risk
IBD030772,"IPOB/ESN vs Police, Anambra",2024-09-16,2024-09-16,2,2024,1,Anambra,South East,0,0,Safe,79,Moderate,3,3,Low Risk
IBD030794,"Auto Crash, Lagos",2024-09-16,2024-09-16,1,2024,1,Lagos,South West,0,0,Safe,80,High,5,5,Moderate Risk
IBD030776,"IPOB/ESN vs Police, Imo",2024-09-16,2024-09-16,3,2024,1,Imo,South East,0,3,Safe,61,Moderate,3,6,Moderate Risk
IBD030792,"Troops vs Bandits, Kaduna",2024-09-16,2024-09-16,2,2024,1,Kaduna,North West,1,5,Caution,48,Low,1,7,Moderate Risk
IBD031067,"Domestic Violence, Kano",2024-09-16,2024-09-16,2,2024,1,Kano,North West,0,0,Safe,42,Low,1,1,Low Risk
IBD030784,"Bandits vs Army, Kaduna",2024-09-16,2024-09-16,2,2024,1,Kaduna,North West,1,5,Caution,25,Low,1,7,Moderate Risk
IBD030873,"Flooding kills 2, Kebbi",2024-09-15,2024-09-21,2,2024,1,Kebbi,North West,0,0,Safe,49,Low,1,1,Low Risk
IBD030871,"Flooding kills 5, Kebbi",2024-09-15,2024-09-21,5,2024,1,Kebbi,North West,0,3,Safe,34,Low,1,4,Moderate Risk
IBD030777,"Neighbours, Lagos",2024-09-15,2024-09-15,2,2024,1,Lagos,South West,0,0,Safe,81,High,5,5,Moderate Risk
IBD031039,"Electrocution, FCT (Abuja)",2024-09-15,2024-09-15,1,2024,1,FCT,North Central,0,0,Safe,28,Low,1,1,Low Risk
IBD030869,"Flooding kills 8, Kebbi",2024-09-15,2024-09-21,8,2024,1,Kebbi,North West,0,3,Safe,13,Low,1,4,Moderate Risk
IBD030867,"Flooding Kills 7, Kebbi",2024-09-15,2024-09-21,7,2024,1,Kebbi,North West,0,3,Safe,46,Low,1,4,Moderate Risk
IBD030767,"Kidnappers Attack, Niger",2024-09-15,2024-09-15,5,2024,1,Niger,North Central,2,8,Avoid Route,18,Low,1,11,High Risk
IBD030782,"Auto Crash, Oyo",2024-09-15,2024-09-15,3,2024,1,Oyo,South West,0,3,Safe,38,Low,1,4,Moderate Risk
IBD030787,"Bike Thief, FCT (Abuja)",2024-09-15,2024-09-15,1,2024,1,FCT,North Central,0,0,Safe,18,Low,1,1,Low Risk
IBD030771,"Cult Clash, Lagos",2024-09-15,2024-09-15,1,2024,1,Lagos,South West,0,0,Safe,88,High,5,5,Moderate Risk
IBD030783,"Assailants vs Man, Yobe",2024-09-15,2024-09-15,1,2024,1,Yobe,North East,0,0,Safe,16,Low,1,1,Low Risk
IBD030775,"Auto Crash, Lagos",2024-09-15,2024-09-15,1,2024,1,Lagos,South West,0,0,Safe,85,High,5,5,Moderate Risk
IBD030778,"Gunmen Kill 5, Plateau",2024-09-15,2024-09-15,5,2024,1,Plateau,North Central,1,8,Avoid Route,45,Low,1,10,High Risk
IBD030781,"Banditary, Kaduna",2024-09-15,2024-09-15,3,2024,1,Kaduna,North West,1,8,Avoid Route,29,Low,1,10,High Risk
IBD030872,"Flooding kills 7, Kebbi",2024-09-15,2024-09-21,7,2024,1,Kebbi,North West,0,3,Safe,37,Low,1,4,Moderate Risk
IBD030779,"Auto Crash, Ondo",2024-09-15,2024-09-15,1,2024,1,Ondo,South West,0,0,Safe,77,Moderate,3,3,Low Risk
IBD030768,"Banditry, Kaduna",2024-09-15,2024-09-15,2,2024,1,Kaduna,North West,1,5,Caution,49,Low,1,7,Moderate Risk
IBD030788,"Witchcraft, Adamawa",2024-09-14,2024-09-14,3,2024,1,Adamawa,North East,0,3,Safe,26,Low,1,4,Moderate Risk
IBD030773,"Auto Crash, Ekiti",2024-09-14,2024-09-14,1,2024,1,Ekiti,South West,0,0,Safe,24,Low,1,1,Low Risk
IBD030757,"Political Violence, Rivers",2024-09-14,2024-09-14,6,2024,1,Rivers,South South,0,3,Safe,86,High,5,8,High Risk
IBD030758,"Auto Crash, Oyo",2024-09-14,2024-09-14,5,2024,1,Oyo,South West,0,3,Safe,37,Low,1,4,Moderate Risk
IBD030762,"Boat Mishap, Zamfara",2024-09-14,2024-09-14,40,2024,1,Zamfara,North West,0,5,Caution,23,Low,1,6,Moderate Risk
IBD030786,"Soldiers vs Bandits, Niger",2024-09-14,2024-09-14,3,2024,1,Niger,North Central,1,8,Avoid Route,13,Low,1,10,High Risk
IBD030760,"Auto Crash, Ogun",2024-09-14,2024-09-14,1,2024,1,Ogun,South West,0,0,Safe,58,Moderate,3,3,Low Risk
IBD030863,"Cult Clash, Lagos",2024-09-14,2024-09-14,6,2024,1,Lagos,South West,0,3,Safe,83,High,5,8,High Risk
IBD031127,"Organ Harvesting, Ebonyi",2024-09-14,2024-09-14,3,2024,1,Ebonyi,South East,0,3,Safe,37,Low,1,4,Moderate Risk
IBD030765,"Vandal Electrocuted, Yobe",2024-09-14,2024-09-14,1,2024,1,Yobe,North East,0,0,Safe,22,Low,1,1,Low Risk
IBD030769,"Auto Crash, Lagos",2024-09-14,2024-09-14,1,2024,1,Lagos,South West,0,0,Safe,82,High,5,5,Moderate Risk
IBD030862,"Cult Killing, Lagos",2024-09-14,2024-09-14,1,2024,1,Lagos,South West,0,0,Safe,89,High,5,5,Moderate Risk
IBD030766,"Gunmen vs Market Leader, Enugu",2024-09-14,2024-09-14,1,2024,1,Enugu,South East,1,5,Caution,53,Moderate,3,9,High Risk
IBD030770,"Assailant vs Man, Plateau",2024-09-14,2024-09-14,1,2024,1,Plateau,North Central,0,0,Safe,24,Low,1,1,Low Risk
IBD030755,"Stampede, Borno",2024-09-13,2024-09-13,2,2024,1,Borno,North East,0,0,Safe,48,Low,1,1,Low Risk
IBD030748,"NAF vs Bandits, Zamfara",2024-09-13,2024-09-13,39,2024,1,Zamfara,North West,1,10,Avoid Route,46,Low,1,12,Extreme Danger
IBD030763,"Ritual Killing, Anambra",2024-09-13,2024-09-13,2,2024,1,Anambra,South East,0,0,Safe,72,Moderate,3,3,Low Risk
IBD030785,"Police vs Bandits, Niger",2024-09-13,2024-09-13,2,2024,1,Niger,North Central,1,5,Caution,33,Low,1,7,Moderate Risk
IBD030799,"Police vs Kidnapper, Rivers",2024-09-13,2024-09-13,1,2024,1,Rivers,South South,1,5,Caution,93,High,5,11,High Risk
IBD030733,"Banditry, Zamfara",2024-09-12,2024-09-12,8,2024,1,Zamfara,North West,1,8,Avoid Route,19,Low,1,10,High Risk
IBD030759,"Auto Crash, Anambra",2024-09-12,2024-09-12,1,2024,1,Anambra,South East,0,0,Safe,51,Moderate,3,3,Low Risk
IBD030741,"Police vs Kidnappers, Rivers",2024-09-12,2024-09-12,4,2024,1,Rivers,South South,1,8,Avoid Route,88,High,5,14,Extreme Danger
IBD030754,"Auto Crash, Edo",2024-09-12,2024-09-12,5,2024,1,Edo,South South,0,3,Safe,61,Moderate,3,6,Moderate Risk
IBD030738,"Auto Crash, Osun",2024-09-12,2024-09-12,24,2024,1,Osun,South West,0,5,Caution,25,Low,1,6,Moderate Risk
IBD030793,"Students vs Colleague, Oyo",2024-09-12,2024-09-12,1,2024,1,Oyo,South West,0,0,Safe,17,Low,1,1,Low Risk
IBD030734,"Auto Crash, Kaduna",2024-09-12,2024-09-12,21,2024,1,Kaduna,North West,0,5,Caution,25,Low,1,6,Moderate Risk
IBD030818,"Housewife vs Stepson, Benue",2024-09-12,2024-09-12,1,2024,1,Benue,North Central,0,0,Safe,44,Low,1,1,Low Risk
IBD030752,"Auto Crash, Edo",2024-09-12,2024-09-12,7,2024,1,Edo,South South,0,3,Safe,63,Moderate,3,6,Moderate Risk
IBD030739,"Gunmen vs Woman, Kogi",2024-09-11,2024-09-11,1,2024,1,Kogi,North Central,1,5,Caution,40,Low,1,7,Moderate Risk
IBD030737,"Auto crash, Ondo",2024-09-11,2024-09-11,2,2024,1,Ondo,South West,0,0,Safe,78,Moderate,3,3,Low Risk
IBD031908,"Police vs Kidnapper, Imo",2024-09-11,2024-09-11,1,2024,1,Imo,South East,1,5,Caution,62,Moderate,3,9,High Risk
IBD030724,"Security Operatives vs Boko Haram, Niger",2024-09-11,2024-09-11,23,2024,1,Niger,North Central,0,5,Caution,29,Low,1,6,Moderate Risk
IBD030725,"Auto Crash, Anambra",2024-09-11,2024-09-11,3,2024,1,Anambra,South East,0,3,Safe,57,Moderate,3,6,Moderate Risk
IBD031559,"Cultists Kill Man, Rivers",2024-09-11,2024-09-11,1,2024,1,Rivers,South South,0,0,Safe,91,High,5,5,Moderate Risk
IBD030726,"Army vs Bandits, Kaduna",2024-09-10,2024-09-10,4,2024,1,Kaduna,North West,1,8,Avoid Route,40,Low,1,10,High Risk
IBD030796,"Shop Demolition, Oyo",2024-09-10,2024-09-10,1,2024,1,Oyo,South West,0,0,Safe,18,Low,1,1,Low Risk
IBD030716,"Herdsmen Attack, Benue",2024-09-10,2024-09-10,7,2024,1,Benue,North Central,2,8,Avoid Route,40,Low,1,11,High Risk
IBD030625,"Auto Crash, Lagos",2024-09-10,2024-09-10,1,2024,1,Lagos,South West,0,0,Safe,82,High,5,5,Moderate Risk
IBD030820,"Assailant vs Girl, Kaduna",2024-09-10,2024-09-10,1,2024,1,Kaduna,North West,0,0,Safe,36,Low,1,1,Low Risk
IBD030746,"Herdsmen vs Farmers, Benue",2024-09-10,2024-09-10,2,2024,1,Benue,North Central,1,5,Caution,14,Low,1,7,Moderate Risk
IBD030718,"Charcoal Dealers, Bauchi",2024-09-10,2024-09-10,2,2024,1,Bauchi,North East,0,0,Safe,17,Low,1,1,Low Risk
IBD030727,"Hoodlum vs Man, FCT (Abuja)",2024-09-10,2024-09-10,1,2024,1,FCT,North Central,0,0,Safe,13,Low,1,1,Low Risk
IBD030744,"Gas Explosion, Ebonyi",2024-09-10,2024-09-11,2,2024,1,Ebonyi,South East,0,0,Safe,27,Low,1,1,Low Risk
IBD030742,"Banditry, Kaduna",2024-09-10,2024-09-10,3,2024,1,Kaduna,North West,1,8,Avoid Route,18,Low,1,10,High Risk
IBD030728,"Auto Crash, Kano",2024-09-10,2024-09-10,6,2024,1,Kano,North West,0,3,Safe,26,Low,1,4,Moderate Risk
IBD030745,"Electrocution, FCT (Abuja)",2024-09-10,2024-09-10,1,2024,1,FCT,North Central,0,0,Safe,12,Low,1,1,Low Risk
IBD030714,"Gunmen Kill 3, Anambra",2024-09-09,2024-09-09,3,2024,1,Anambra,South East,1,8,Avoid Route,60,Moderate,3,12,Extreme Danger
IBD030723,"Flooding, Borno",2024-09-09,2024-09-09,62,2024,1,Borno,North East,0,5,Caution,26,Low,1,6,Moderate Risk
IBD030721,"Girl vs Friend, Lagos",2024-09-09,2024-09-09,1,2024,1,Lagos,South West,0,0,Safe,86,High,5,5,Moderate Risk
IBD030719,"Electrocution, Lagos",2024-09-09,2024-09-09,1,2024,1,Lagos,South West,0,0,Safe,94,High,5,5,Moderate Risk
IBD030710,"Gunmen Attack, Delta",2024-09-09,2024-09-09,3,2024,1,Delta,South South,2,8,Avoid Route,96,High,5,15,Extreme Danger
IBD030720,"Security Operatives vs Bandits, FCT (Abuja)",2024-09-09,2024-09-09,5,2024,1,FCT,North Central,1,8,Avoid Route,42,Low,1,10,High Risk
IBD030715,"Auto Crash, FCT (Abuja)",2024-09-09,2024-09-09,2,2024,1,FCT,North Central,0,0,Safe,26,Low,1,1,Low Risk
IBD030705,"Flood Disaster, Kaduna",2024-09-08,2024-09-08,2,2024,1,Kaduna,North West,0,0,Safe,35,Low,1,1,Low Risk
IBD030703,"Banditary, Kaduna",2024-09-08,2024-09-08,6,2024,1,Kaduna,North West,1,8,Avoid Route,16,Low,1,10,High Risk
IBD030708,"Gunmen vs Pastor's Aide, Imo",2024-09-08,2024-09-08,1,2024,1,Imo,South East,1,5,Caution,76,Moderate,3,9,High Risk
IBD030695,"Auto Crash, Niger",2024-09-08,2024-09-08,64,2024,1,Niger,North Central,0,5,Caution,49,Low,1,6,Moderate Risk
IBD030700,"Auto Crash, Lagos",2024-09-08,2024-09-08,3,2024,1,Lagos,South West,0,3,Safe,81,High,5,8,High Risk
IBD030707,"Auto Crash, Niger",2024-09-08,2024-09-08,1,2024,1,Niger,North Central,0,0,Safe,25,Low,1,1,Low Risk
IBD030704,"Banditry, Kaduna",2024-09-08,2024-09-08,1,2024,1,Kaduna,North West,1,5,Caution,21,Low,1,7,Moderate Risk
IBD030712,"Banditry, Kaduna",2024-09-08,2024-09-08,6,2024,1,Kaduna,North West,1,8,Avoid Route,44,Low,1,10,High Risk
IBD030717,"Banditry, Kaduna",2024-09-08,2024-09-08,1,2024,1,Kaduna,North West,1,5,Caution,41,Low,1,7,Moderate Risk
IBD030709,"Ritual Killing, Oyo",2024-09-08,2024-09-08,2,2024,1,Oyo,South West,0,0,Safe,24,Low,1,1,Low Risk
IBD030706,"Banditry, Sokoto",2024-09-08,2024-09-08,1,2024,1,Sokoto,North West,1,5,Caution,30,Low,1,7,Moderate Risk
IBD030711,"Gunmen vs Businessman, Anambra",2024-09-08,2024-09-08,1,2024,1,Anambra,South East,1,5,Caution,60,Moderate,3,9,High Risk
IBD030731,"Hunter vs Teenager, Lagos",2024-09-08,2024-09-08,1,2024,1,Lagos,South West,0,0,Safe,85,High,5,5,Moderate Risk
IBD030698,"Domestic Violence, Delta",2024-09-07,2024-09-07,1,2024,1,Delta,South South,0,0,Safe,94,High,5,5,Moderate Risk
IBD030697,"Boy Drowns, Kano",2024-09-07,2024-09-07,1,2024,1,Kano,North West,0,0,Safe,15,Low,1,1,Low Risk
IBD030701,"Auto Crash, FCT (Abuja)",2024-09-07,2024-09-07,8,2024,1,FCT,North Central,0,3,Safe,13,Low,1,4,Moderate Risk
IBD030696,"Man Found Dead, Kano",2024-09-07,2024-09-07,1,2024,1,Kano,North West,0,0,Safe,16,Low,1,1,Low Risk
IBD030702,"Building Collapse, Kano",2024-09-07,2024-09-07,1,2024,1,Kano,North West,0,0,Safe,12,Low,1,1,Low Risk
IBD030699,"Drowns, Jigawa",2024-09-07,2024-09-07,1,2024,1,Jigawa,North West,0,0,Safe,44,Low,1,1,Low Risk
IBD030694,"Soldiers vs IPOB Members, Anambra",2024-09-06,2024-09-06,5,2024,1,Anambra,South East,0,3,Safe,67,Moderate,3,6,Moderate Risk
IBD030691,"Gunmen Kill Man, Lagos",2024-09-06,2024-09-06,1,2024,1,Lagos,South West,1,5,Caution,87,High,5,11,High Risk
IBD030686,"Man vs Lover, Edo",2024-09-06,2024-09-06,1,2024,1,Edo,South South,0,0,Safe,66,Moderate,3,3,Low Risk
IBD030689,"Auto Crash, Kano",2024-09-06,2024-09-06,4,2024,1,Kano,North West,0,3,Safe,41,Low,1,4,Moderate Risk
IBD030692,"Police vs Bandit, Kebbi",2024-09-06,2024-09-06,1,2024,1,Kebbi,North West,1,5,Caution,32,Low,1,7,Moderate Risk
IBD030681,"Vigilante Kills IPOB Coordinator, Anambra",2024-09-05,2024-09-05,1,2024,1,Anambra,South East,0,0,Safe,62,Moderate,3,3,Low Risk
IBD030680,"Boat Mishap, Nasarawa",2024-09-05,2024-09-05,4,2024,1,Nasarawa,North Central,0,3,Safe,48,Low,1,4,Moderate Risk
IBD030688,"Flood Disaster, Anambra",2024-09-05,2024-09-05,2,2024,1,Anambra,South East,0,0,Safe,53,Moderate,3,3,Low Risk
IBD030679,"Gunmen kill 1, Oyo",2024-09-04,2024-09-04,1,2024,1,Oyo,South West,1,5,Caution,31,Low,1,7,Moderate Risk
IBD031122,"Domestic Violence, Ebonyi",2024-09-04,2024-09-04,1,2024,1,Ebonyi,South East,0,0,Safe,25,Low,1,1,Low Risk
IBD030682,"Police Officer vs Student, Kwara",2024-09-04,2024-09-04,1,2024,1,Kwara,North Central,0,0,Safe,20,Low,1,1,Low Risk
IBD030664,"Building Collapse, Kano",2024-09-04,2024-09-04,3,2024,1,Kano,North West,0,3,Safe,32,Low,1,4,Moderate Risk
IBD030713,"Kidnappers Kill Teenager, Ogun",2024-09-04,2024-09-04,1,2024,1,Ogun,South West,1,5,Caution,64,Moderate,3,9,High Risk
IBD031173,"Domestic Violence, Ebonyi",2024-09-04,2024-09-04,1,2024,1,Ebonyi,South East,0,0,Safe,23,Low,1,1,Low Risk
IBD030654,"Gunmen Attack, Imo",2024-09-04,2024-09-04,3,2024,1,Imo,South East,2,8,Avoid Route,64,Moderate,3,13,Extreme Danger
IBD030666,"Security Operatives vs Man, Anambra",2024-09-04,2024-09-04,1,2024,1,Anambra,South East,0,0,Safe,63,Moderate,3,3,Low Risk
IBD030735,"Student Kidnap Colleague, Kogi",2024-09-04,2024-09-04,1,2024,1,Kogi,North Central,1,5,Caution,48,Low,1,7,Moderate Risk
IBD030644,"IPOB/ESN vs Police, Anambra",2024-09-03,2024-09-03,1,2024,1,Anambra,South East,0,0,Safe,56,Moderate,3,3,Low Risk
IBD030655,"Fulani Herdsmen Attack, Plateau",2024-09-03,2024-09-03,11,2024,1,Plateau,North Central,2,10,Avoid Route,17,Low,1,13,Extreme Danger
IBD030656,"Gunmen vs Policeman, Imo",2024-09-03,2024-09-03,1,2024,1,Imo,South East,1,5,Caution,52,Moderate,3,9,High Risk
IBD030732,"Man Kills Teenager, Lagos",2024-09-03,2024-09-03,1,2024,1,Lagos,South West,0,0,Safe,82,High,5,5,Moderate Risk
IBD030667,"Auto Crash, Ogun",2024-09-03,2024-09-03,1,2024,1,Ogun,South West,0,0,Safe,75,Moderate,3,3,Low Risk
IBD030647,"Gunmen vs Politician, Benue",2024-09-03,2024-09-03,1,2024,1,Benue,North Central,1,5,Caution,43,Low,1,7,Moderate Risk
IBD030658,"Ritual, Abia",2024-09-03,2024-09-03,1,2024,1,Abia,South East,0,0,Safe,73,Moderate,3,3,Low Risk
IBD030662,"Boko Haram vs Farmers, Niger",2024-09-03,2024-09-03,2,2024,1,Niger,North Central,0,0,Safe,21,Low,1,1,Low Risk
IBD030663,"Gunmen Attack, Rivers",2024-09-03,2024-09-03,2,2024,1,Rivers,South South,2,5,Caution,87,High,5,12,Extreme Danger
IBD030665,"Medical Quackery, Nasarawa",2024-09-03,2024-09-03,1,2024,1,Nasarawa,North Central,0,0,Safe,38,Low,1,1,Low Risk
IBD030659,"Herders vs Farmer, FCT (Abuja)",2024-09-03,2024-09-03,1,2024,1,FCT,North Central,0,0,Safe,28,Low,1,1,Low Risk
IBD030736,"Cult Clash, Lagos",2024-09-03,2024-09-03,1,2024,1,Lagos,South West,0,0,Safe,92,High,5,5,Moderate Risk
IBD030645,"Electrocution, Benue",2024-09-03,2024-09-03,1,2024,1,Benue,North Central,0,0,Safe,17,Low,1,1,Low Risk
IBD030660,"Mob Lynch Man, Ogun",2024-09-03,2024-09-03,1,2024,1,Ogun,South West,0,0,Safe,79,Moderate,3,3,Low Risk
IBD030661,"Soldiers vs Bandits, Kaduna",2024-09-02,2024-09-02,2,2024,1,Kaduna,North West,1,5,Caution,49,Low,1,7,Moderate Risk
IBD030657,"Gunmen vs Lawyer, Abia",2024-09-02,2024-09-02,1,2024,1,Abia,South East,1,5,Caution,62,Moderate,3,9,High Risk
IBD030649,"Youths vs Couple, Imo",2024-09-02,2024-09-02,2,2024,1,Imo,South East,0,0,Safe,67,Moderate,3,3,Low Risk
IBD030648,"Police vs Bandits, Sokoto",2024-09-02,2024-09-02,1,2024,1,Sokoto,North West,1,5,Caution,12,Low,1,7,Moderate Risk
IBD030652,"Hunters vs Bandits, Kaduna",2024-09-02,2024-09-02,2,2024,1,Kaduna,North West,1,5,Caution,26,Low,1,7,Moderate Risk
IBD030908,"Ritual Killing, Kwara",2024-09-02,2024-09-02,1,2024,1,Kwara,North Central,0,0,Safe,37,Low,1,1,Low Risk
IBD030646,"Security Personnel Kills 2, Adamawa",2024-09-02,2024-09-02,2,2024,1,Adamawa,North East,0,0,Safe,40,Low,1,1,Low Risk
IBD030635,"Gunmen Attack, Sokoto",2024-09-02,2024-09-02,2,2024,1,Sokoto,North West,2,5,Caution,15,Low,1,8,High Risk
IBD030637,"Kidnappers Kill 3, Delta",2024-09-02,2024-09-02,3,2024,1,Delta,South South,1,8,Avoid Route,90,High,5,14,Extreme Danger
IBD030638,"Hoodlums Kill 1, Niger",2024-09-02,2024-09-02,1,2024,1,Niger,North Central,0,0,Safe,19,Low,1,1,Low Risk
IBD030624,"Auto Crash, Ogun",2024-09-01,2024-09-01,2,2024,1,Ogun,South West,0,0,Safe,72,Moderate,3,3,Low Risk
IBD030548,"Mysterious Deaths, Enugu",2024-09-01,2024-09-01,4,2024,1,Enugu,South East,0,3,Safe,54,Moderate,3,6,Moderate Risk
IBD030651,"Banditry, Kaduna",2024-09-01,2024-09-01,2,2024,1,Kaduna,North West,1,5,Caution,19,Low,1,7,Moderate Risk
IBD030632,"Boko Haram Attack, Yobe",2024-09-01,2024-09-01,74,2024,1,Yobe,North East,1,10,Avoid Route,44,Low,1,12,Extreme Danger
IBD030629,"Soldiers Kill Bandits, Kaduna",2024-09-01,2024-09-01,3,2024,1,Kaduna,North West,1,8,Avoid Route,47,Low,1,10,High Risk
IBD030650,"Army vs Boko Haram/ISWAP Terrorists, Borno",2024-09-01,2024-09-01,2,2024,1,Borno,North East,1,5,Caution,12,Low,1,7,Moderate Risk
IBD030685,"Army vs Terrorists, Kaduna",2024-09-01,2024-09-07,76,2024,1,Kaduna,North West,1,10,Avoid Route,32,Low,1,12,Extreme Danger
IBD030683,"Banditry, Katsina",2024-09-01,2024-09-07,76,2024,1,Katsina,North West,1,10,Avoid Route,13,Low,1,12,Extreme Danger
IBD030628,"Kidnappers vs School Girl, Ogun",2024-09-01,2024-09-01,1,2024,1,Ogun,South West,1,5,Caution,74,Moderate,3,9,High Risk
IBD030671,"Auto Crash, Ogun",2024-09-01,2024-09-01,1,2024,1,Ogun,South West,0,0,Safe,65,Moderate,3,3,Low Risk
IBD030631,"Native Doctor vs Client, Edo",2024-09-01,2024-09-01,1,2024,1,Edo,South South,0,0,Safe,56,Moderate,3,3,Low Risk
IBD030636,"Auto Crash, Niger",2024-09-01,2024-09-01,2,2024,1,Niger,North Central,0,0,Safe,13,Low,1,1,Low Risk
IBD030623,"NAF vs Terrorists, Kaduna",2024-08-31,2024-08-31,5,2024,1,Kaduna,North West,1,8,Avoid Route,23,Low,1,10,High Risk
IBD030634,"Gunmen vs Assembly's Aide, Edo",2024-08-31,2024-08-31,1,2024,1,Edo,South South,1,5,Caution,75,Moderate,3,9,High Risk
IBD030619,"Auto Crash, Osun",2024-08-31,2024-08-31,4,2024,1,Osun,South West,0,3,Safe,13,Low,1,4,Moderate Risk
IBD030639,"Youths vs Bandits, Kaduna",2024-08-31,2024-08-31,1,2024,1,Kaduna,North West,1,5,Caution,20,Low,1,7,Moderate Risk
IBD030643,"Gunmen vs Vigilantes, Kogi",2024-08-31,2024-08-31,3,2024,1,Kogi,North Central,1,8,Avoid Route,45,Low,1,10,High Risk
IBD030630,"Auto Crash, Niger",2024-08-31,2024-08-31,4,2024,1,Niger,North Central,0,3,Safe,26,Low,1,4,Moderate Risk
IBD030642,"Gunmen Attack, Ekiti",2024-08-31,2024-08-31,2,2024,1,Ekiti,South West,2,5,Caution,20,Low,1,8,High Risk
IBD030626,"Cult Clash, Lagos",2024-08-31,2024-08-31,2,2024,1,Lagos,South West,0,0,Safe,99,High,5,5,Moderate Risk
IBD030614,"Boko Haram vs Students, Yobe",2024-08-30,2024-08-30,3,2024,1,Yobe,North East,0,3,Safe,28,Low,1,4,Moderate Risk
IBD030618,"Auto Crash, Ogun",2024-08-30,2024-08-30,6,2024,1,Ogun,South West,0,3,Safe,50,Moderate,3,6,Moderate Risk
IBD030743,"Herdsmen Attack, Ondo",2024-08-30,2024-08-30,2,2024,1,Ondo,South West,2,5,Caution,55,Moderate,3,10,High Risk
IBD030641,"Kidnap Victim, Nasarawa",2024-08-30,2024-09-30,1,2024,1,Nasarawa,North Central,1,5,Caution,49,Low,1,7,Moderate Risk
IBD030938,"Assailant vs Lady, Ogun",2024-08-30,2024-08-30,1,2024,1,Ogun,South West,0,0,Safe,68,Moderate,3,3,Low Risk
IBD031023,"Assailant vs Man, Adamawa",2024-08-30,2024-08-30,1,2024,1,Adamawa,North East,0,0,Safe,44,Low,1,1,Low Risk
IBD030627,"Hoodlums vs Motorcyclist, Niger",2024-08-30,2024-08-30,1,2024,1,Niger,North Central,0,0,Safe,40,Low,1,1,Low Risk
IBD030617,"Herdsmen Kill 3 Farmers, Benue",2024-08-29,2024-08-29,3,2024,1,Benue,North Central,1,8,Avoid Route,19,Low,1,10,High Risk
IBD030616,"Banditry, FCT (Abuja)",2024-08-29,2024-08-29,1,2024,1,FCT,North Central,1,5,Caution,11,Low,1,7,Moderate Risk
IBD030606,"Army vs Bandits, Kaduna",2024-08-29,2024-08-29,8,2024,1,Kaduna,North West,1,8,Avoid Route,31,Low,1,10,High Risk
IBD030615,"Army Kills 1, Kaduna",2024-08-29,2024-08-29,1,2024,1,Kaduna,North West,0,0,Safe,32,Low,1,1,Low Risk
IBD030610,"Residents vs Bandits, Zamfara",2024-08-28,2024-08-28,38,2024,1,Zamfara,North West,1,10,Avoid Route,14,Low,1,12,Extreme Danger
IBD030611,"Banditry, Kaduna",2024-08-28,2024-08-28,3,2024,1,Kaduna,North West,1,8,Avoid Route,26,Low,1,10,High Risk
IBD030621,"Boat Mishap, Bauchi",2024-08-28,2024-08-28,17,2024,1,Bauchi,North East,0,5,Caution,40,Low,1,6,Moderate Risk
IBD030747,"Flooding, Katsina",2024-08-28,2024-09-04,3,2024,1,Katsina,North West,0,3,Safe,46,Low,1,4,Moderate Risk
IBD030750,"Flooding, Katsina",2024-08-28,2024-09-04,3,2024,1,Katsina,North West,0,3,Safe,10,Low,1,4,Moderate Risk
IBD030751,"Flooding, Katsina",2024-08-28,2024-09-04,3,2024,1,Katsina,North West,0,3,Safe,46,Low,1,4,Moderate Risk
IBD030749,"Flooding, Katsina",2024-08-28,2024-09-04,3,2024,1,Katsina,North West,0,3,Safe,15,Low,1,4,Moderate Risk
IBD030753,"Flooding, Katsina",2024-08-28,2024-09-04,3,2024,1,Katsina,North West,0,3,Safe,15,Low,1,4,Moderate Risk
IBD030608,"Police vs Kidnap Kingpin, Cross River",2024-08-28,2024-08-28,1,2024,1,Cross River,South South,1,5,Caution,97,High,5,11,High Risk
IBD030622,"Building Collapse, Kano",2024-08-27,2024-08-27,1,2024,1,Kano,North West,0,0,Safe,10,Low,1,1,Low Risk
IBD030612,"Boy Drowns, Jigawa",2024-08-27,2024-08-27,1,2024,1,Jigawa,North West,0,0,Safe,32,Low,1,1,Low Risk
IBD030601,"Farmers vs Herders, Niger",2024-08-27,2024-08-27,3,2024,1,Niger,North Central,0,3,Safe,44,Low,1,4,Moderate Risk
IBD030579,"Train Accident, Lagos",2024-08-27,2024-08-27,1,2024,1,Lagos,South West,0,0,Safe,91,High,5,5,Moderate Risk
IBD030604,"Soldier vs Bandits, Kaduna",2024-08-27,2024-08-27,2,2024,1,Kaduna,North West,1,5,Caution,11,Low,1,7,Moderate Risk
IBD030729,"Herders vs Farmer, Oyo",2024-08-27,2024-08-27,10,2024,1,Oyo,South West,0,5,Caution,22,Low,1,6,Moderate Risk
IBD030597,"Man vs Neighbour's Daughter, Enugu",2024-08-27,2024-08-27,1,2024,1,Enugu,South East,0,0,Safe,67,Moderate,3,3,Low Risk
IBD030580,"Flooding, Jigawa",2024-08-27,2024-08-27,5,2024,1,Jigawa,North West,0,3,Safe,43,Low,1,4,Moderate Risk
IBD030602,"Security Operatives vs Robber, Kaduna",2024-08-27,2024-08-27,1,2024,1,Kaduna,North West,0,0,Safe,44,Low,1,1,Low Risk
IBD030588,"Medical Negligence, Lagos",2024-08-27,2024-08-27,1,2024,1,Lagos,South West,0,0,Safe,95,High,5,5,Moderate Risk
IBD030586,"Auto Crash, Ogun",2024-08-27,2024-08-27,2,2024,1,Ogun,South West,0,0,Safe,69,Moderate,3,3,Low Risk
IBD030583,"Hoodlums vs Farmer, FCT (Abuja)",2024-08-26,2024-08-26,1,2024,1,FCT,North Central,0,0,Safe,19,Low,1,1,Low Risk
IBD030585,"Auto Crash, Ondo",2024-08-26,2024-08-26,16,2024,1,Ondo,South West,0,5,Caution,71,Moderate,3,8,High Risk
IBD030576,"Gunmen vs Monarch's Son, Lagos",2024-08-26,2024-08-26,1,2024,1,Lagos,South West,1,5,Caution,86,High,5,11,High Risk
IBD030570,"Boat Capsize, Bayelsa",2024-08-25,2024-08-25,1,2024,1,Bayelsa,South South,0,0,Safe,93,High,5,5,Moderate Risk
IBD030575,"Police vs Kidnappers, Katsina",2024-08-25,2024-08-25,2,2024,1,Katsina,North West,1,5,Caution,40,Low,1,7,Moderate Risk
IBD030563,"Shi'ite vs Police, FCT (Abuja)",2024-08-25,2024-08-25,12,2024,1,FCT,North Central,0,5,Caution,46,Low,1,6,Moderate Risk
IBD030577,"Army vs Bandits, Kaduna",2024-08-25,2024-08-25,1,2024,1,Kaduna,North West,1,5,Caution,14,Low,1,7,Moderate Risk
IBD030605,"Mob vs Thief, FCT (Abuja)",2024-08-25,2024-08-25,1,2024,1,FCT,North Central,0,0,Safe,49,Low,1,1,Low Risk
IBD030567,"Childbirth Complications, Edo",2024-08-24,2024-08-24,1,2024,1,Edo,South South,0,0,Safe,60,Moderate,3,3,Low Risk
IBD030581,"Bandits vs Vigilante, Kaduna",2024-08-24,2024-08-24,1,2024,1,Kaduna,North West,1,5,Caution,12,Low,1,7,Moderate Risk
IBD030574,"Gunmen vs Woman, Benue",2024-08-24,2024-08-24,1,2024,1,Benue,North Central,1,5,Caution,34,Low,1,7,Moderate Risk
IBD030569,"Flood Incident, Adamawa",2024-08-24,2024-08-24,7,2024,1,Adamawa,North East,0,3,Safe,33,Low,1,4,Moderate Risk
IBD030564,"Assailants vs Motorcyclist, Ondo",2024-08-24,2024-08-24,1,2024,1,Ondo,South West,0,0,Safe,76,Moderate,3,3,Low Risk
IBD030609,"Soldier Kill Police, Kebbi",2024-08-24,2024-08-24,1,2024,1,Kebbi,North West,0,0,Safe,25,Low,1,1,Low Risk
IBD030578,"Gunmen vs Teacher, Nasarawa",2024-08-23,2024-08-23,1,2024,1,Nasarawa,North Central,1,5,Caution,48,Low,1,7,Moderate Risk
IBD030566,"Auto Crash, Ogun",2024-08-23,2024-08-23,6,2024,1,Ogun,South West,0,3,Safe,75,Moderate,3,6,Moderate Risk
IBD030678,"Cult Clash, Lagos",2024-08-23,2024-08-23,1,2024,1,Lagos,South West,0,0,Safe,100,High,5,5,Moderate Risk
IBD030571,"Gunmen Kill 5, Benue",2024-08-23,2024-08-23,5,2024,1,Benue,North Central,1,8,Avoid Route,37,Low,1,10,High Risk
IBD030620,"Domestic Violence, Lagos",2024-08-23,2024-08-23,1,2024,1,Lagos,South West,0,0,Safe,89,High,5,5,Moderate Risk
IBD030558,"Auto Crash, Ogun",2024-08-23,2024-08-23,2,2024,1,Ogun,South West,0,0,Safe,60,Moderate,3,3,Low Risk
IBD030565,"Security Operatives vs Kidnappers, Benue",2024-08-23,2024-08-23,1,2024,1,Benue,North Central,1,5,Caution,29,Low,1,7,Moderate Risk
IBD030568,"Gunmen Kill 1, Benue",2024-08-23,2024-08-23,1,2024,1,Benue,North Central,1,5,Caution,46,Low,1,7,Moderate Risk
IBD030573,"Rape Victim, FCT (Abuja)",2024-08-23,2024-08-23,1,2024,1,FCT,North Central,0,0,Safe,33,Low,1,1,Low Risk
IBD030559,"Auto Crash, Lagos",2024-08-22,2024-08-22,1,2024,1,Lagos,South West,0,0,Safe,92,High,5,5,Moderate Risk
IBD030556,"Boko Haram vs Farmers, Borno",2024-08-22,2024-08-22,4,2024,1,Borno,North East,0,3,Safe,26,Low,1,4,Moderate Risk
IBD030613,"Army vs Boko Haram, Borno",2024-08-22,2024-08-26,40,2024,1,Borno,North East,0,5,Caution,30,Low,1,6,Moderate Risk
IBD030554,"Auto Crash, Osun",2024-08-22,2024-08-22,1,2024,1,Osun,South West,0,0,Safe,42,Low,1,1,Low Risk
IBD030562,"Soldiers Kills 3, Kaduna",2024-08-22,2024-08-22,3,2024,1,Kaduna,North West,0,3,Safe,10,Low,1,4,Moderate Risk
IBD030552,"Boat Mishap, Kano",2024-08-21,2024-08-21,4,2024,1,Kano,North West,0,3,Safe,37,Low,1,4,Moderate Risk
IBD030555,"Herders vs Farmers, Niger",2024-08-21,2024-08-21,5,2024,1,Niger,North Central,0,3,Safe,31,Low,1,4,Moderate Risk
IBD030544,"Police vs Gunmen, Enugu",2024-08-21,2024-08-21,28,2024,1,Enugu,South East,1,10,Avoid Route,76,Moderate,3,14,Extreme Danger
IBD030550,"Boat Mishap, Taraba",2024-08-21,2024-08-21,4,2024,1,Taraba,North East,0,3,Safe,28,Low,1,4,Moderate Risk
IBD030543,"Terrorists vs Monarch, Sokoto",2024-08-21,2024-08-21,1,2024,1,Sokoto,North West,1,5,Caution,13,Low,1,7,Moderate Risk
IBD030572,"NAF vs Bandits, Kaduna",2024-08-21,2024-08-21,20,2024,1,Kaduna,North West,1,10,Avoid Route,33,Low,1,12,Extreme Danger
IBD030522,"Bandits Kill Farmers, Niger",2024-08-21,2024-08-21,13,2024,1,Niger,North Central,1,10,Avoid Route,14,Low,1,12,Extreme Danger
IBD030560,"Mysterious Death, Rivers",2024-08-20,2024-08-20,1,2024,1,Rivers,South South,0,0,Safe,87,High,5,5,Moderate Risk
IBD030561,"Gunmen vs Travellers, Kaduna",2024-08-20,2024-08-20,4,2024,1,Kaduna,North West,1,8,Avoid Route,44,Low,1,10,High Risk
PAR012636,"Driver Kill Employer, Kwara",2024-08-20,2024-08-20,1,2024,1,Kwara,North Central,0,0,Safe,36,Low,1,1,Low Risk
IBD030677,"Cult Clash, Lagos",2024-08-20,2024-08-20,1,2024,1,Lagos,South West,0,0,Safe,91,High,5,5,Moderate Risk
IBD030676,"Cult Killing, Lagos",2024-08-20,2024-08-20,1,2024,1,Lagos,South West,0,0,Safe,84,High,5,5,Moderate Risk
IBD030584,"Fisherman, Rivers",2024-08-20,2024-08-20,1,2024,1,Rivers,South South,0,0,Safe,94,High,5,5,Moderate Risk
IBD030525,"Auto Crash, Delta",2024-08-19,2024-08-19,1,2024,1,Delta,South South,0,0,Safe,88,High,5,5,Moderate Risk
IBD030531,"Banditry, Kaduna",2024-08-19,2024-08-19,2,2024,1,Kaduna,North West,1,5,Caution,14,Low,1,7,Moderate Risk
IBD030540,"Hunters vs Herders, Ogun",2024-08-19,2024-08-19,1,2024,1,Ogun,South West,0,0,Safe,50,Moderate,3,3,Low Risk
IBD030582,"Tea Vendor vs Man, Jigawa",2024-08-19,2024-08-19,1,2024,1,Jigawa,North West,0,0,Safe,30,Low,1,1,Low Risk
IBD030539,"Rape Victim, Kano",2024-08-19,2024-08-19,1,2024,1,Kano,North West,0,0,Safe,33,Low,1,1,Low Risk
IBD030551,"Gunmen Kill 3, Kaduna",2024-08-19,2024-08-19,3,2024,1,Kaduna,North West,1,8,Avoid Route,37,Low,1,10,High Risk
IBD030669,"Kidnapper vs Student, Lagos",2024-08-19,2024-08-19,1,2024,1,Lagos,South West,1,5,Caution,83,High,5,11,High Risk
IBD030537,"Fasting, Lagos",2024-08-19,2024-08-19,1,2024,1,Lagos,South West,0,0,Safe,84,High,5,5,Moderate Risk
IBD030527,"Inferno, Lagos",2024-08-19,2024-08-19,1,2024,1,Lagos,South West,0,0,Safe,100,High,5,5,Moderate Risk
IBD030546,"Army vs Bandits, Plateau",2024-08-19,2024-08-19,20,2024,1,Plateau,North Central,1,10,Avoid Route,16,Low,1,12,Extreme Danger
IBD030532,"Corpse Found, FCT (Abuja)",2024-08-19,2024-08-19,1,2024,1,FCT,North Central,0,0,Safe,42,Low,1,1,Low Risk
IBD031660,"Drug Addict vs Girl, Enugu",2024-08-18,2024-08-18,1,2024,1,Enugu,South East,0,0,Safe,74,Moderate,3,3,Low Risk
IBD030518,"Auto Crash, Ogun",2024-08-18,2024-08-18,1,2024,1,Ogun,South West,0,0,Safe,67,Moderate,3,3,Low Risk
IBD030530,"Gunmen Attack, Katsina",2024-08-18,2024-08-18,1,2024,1,Katsina,North West,2,5,Caution,46,Low,1,8,High Risk
IBD030674,"Cult Clash, Lagos",2024-08-18,2024-08-18,3,2024,1,Lagos,South West,0,3,Safe,91,High,5,8,High Risk
IBD030534,"Gunmen vs Police, Enugu",2024-08-18,2024-08-18,4,2024,1,Enugu,South East,1,8,Avoid Route,54,Moderate,3,12,Extreme Danger
IBD030533,"Banditry, Katsina",2024-08-18,2024-08-18,3,2024,1,Katsina,North West,1,8,Avoid Route,48,Low,1,10,High Risk
IBD030894,"3 Killed, Akwa Ibom",2024-08-18,2024-08-18,3,2024,1,Akwa Ibom,South South,0,3,Safe,82,High,5,8,High Risk
IBD030549,"Herders vs Bandits, Kaduna",2024-08-18,2024-08-18,2,2024,1,Kaduna,North West,1,5,Caution,49,Low,1,7,Moderate Risk
IBD030526,"Mob vs Armed Robbers, Bauchi",2024-08-18,2024-08-18,3,2024,1,Bauchi,North East,0,3,Safe,26,Low,1,4,Moderate Risk
IBD030764,"Man Kills Friend, Ogun",2024-08-18,2024-08-18,1,2024,1,Ogun,South West,0,0,Safe,51,Moderate,3,3,Low Risk
IBD030557,"Assailant vs Provision Seller, Nasarawa",2024-08-18,2024-08-18,1,2024,1,Nasarawa,North Central,0,0,Safe,27,Low,1,1,Low Risk
IBD030545,"NAF vs Boko Harm, Borno",2024-08-18,2024-08-18,40,2024,1,Borno,North East,0,5,Caution,41,Low,1,6,Moderate Risk
IBD030520,"Inferno, Borno",2024-08-18,2024-08-18,4,2024,1,Borno,North East,0,3,Safe,13,Low,1,4,Moderate Risk
IBD030538,"Miners Killed, Niger",2024-08-17,2024-08-17,2,2024,1,Niger,North Central,0,0,Safe,48,Low,1,1,Low Risk
IBD030521,"Army vs Bandits, Kaduna",2024-08-17,2024-08-17,2,2024,1,Kaduna,North West,1,5,Caution,35,Low,1,7,Moderate Risk
IBD030535,"Food Poison, Kwara",2024-08-17,2024-08-19,4,2024,1,Kwara,North Central,0,3,Safe,34,Low,1,4,Moderate Risk
IBD030607,"Vigilantes vs Undergraduate, Anambra",2024-08-17,2024-08-17,1,2024,1,Anambra,South East,0,0,Safe,71,Moderate,3,3,Low Risk
IBD030519,"Army vs Boko Haram Commander, Borno",2024-08-17,2024-08-17,3,2024,1,Borno,North East,0,3,Safe,29,Low,1,4,Moderate Risk
IBD030517,"Building Collapse, Kano",2024-08-17,2024-08-17,2,2024,1,Kano,North West,0,0,Safe,37,Low,1,1,Low Risk
IBD030523,"Terrorists vs Governor's Aide, Katsina",2024-08-16,2024-08-16,1,2024,1,Katsina,North West,1,5,Caution,22,Low,1,7,Moderate Risk
IBD030524,"Food Poison, Sokoto",2024-08-16,2024-08-19,5,2024,1,Sokoto,North West,0,3,Safe,44,Low,1,4,Moderate Risk
IBD030516,"Gunmen vs Police, Anambra",2024-08-16,2024-08-16,1,2024,1,Anambra,South East,1,5,Caution,52,Moderate,3,9,High Risk
IBD030512,"Gunmen vs Project Coordinator, Nasarawa",2024-08-16,2024-08-16,1,2024,1,Nasarawa,North Central,1,5,Caution,23,Low,1,7,Moderate Risk
IBD030523,"Terrorists vs Governor's Aide, Katsina",2024-08-16,2024-08-16,1,2024,1,Katsina,North West,1,5,Caution,45,Low,1,7,Moderate Risk
IBD030509,"Auto Crash, Anambra",2024-08-15,2024-08-15,1,2024,1,Anambra,South East,0,0,Safe,78,Moderate,3,3,Low Risk
IBD030541,"Auto Crash, FCT (Abuja)",2024-08-15,2024-08-15,1,2024,1,FCT,North Central,0,0,Safe,37,Low,1,1,Low Risk
IBD030633,"Boko Haram Kills 2, Yobe",2024-08-15,2024-08-15,2,2024,1,Yobe,North East,0,0,Safe,32,Low,1,1,Low Risk
IBD030653,"Inferno, Kano",2024-08-15,2024-08-15,3,2024,1,Kano,North West,0,3,Safe,24,Low,1,4,Moderate Risk
IBD030675,"Cultist Kill 1, Lagos",2024-08-15,2024-08-15,1,2024,1,Lagos,South West,0,0,Safe,81,High,5,5,Moderate Risk
IBD030851,"Cult Killing, Lagos",2024-08-15,2024-08-15,1,2024,1,Lagos,South West,0,0,Safe,89,High,5,5,Moderate Risk
IBD030501,"Farmers vs Herders, Adamawa",2024-08-14,2024-08-14,5,2024,1,Adamawa,North East,0,3,Safe,46,Low,1,4,Moderate Risk
IBD030508,"Communal Clash, Kwara",2024-08-14,2024-08-14,2,2024,1,Kwara,North Central,0,0,Safe,42,Low,1,1,Low Risk
IBD030500,"Auto Crash, Abia",2024-08-14,2024-08-14,11,2024,1,Abia,South East,0,5,Caution,61,Moderate,3,8,High Risk
IBD030502,"Communal Clash, Niger",2024-08-14,2024-08-14,1,2024,1,Niger,North Central,0,0,Safe,41,Low,1,1,Low Risk
IBD030505,"Man Dies, Niger",2024-08-14,2024-08-14,1,2024,1,Niger,North Central,0,0,Safe,25,Low,1,1,Low Risk
IBD030529,"Farmer vs Herders, FCT",2024-08-14,2024-08-14,1,2024,1,FCT,North Central,0,0,Safe,24,Low,1,1,Low Risk
IBD030510,"Police vs Truck Driver, Abia",2024-08-14,2024-08-14,1,2024,1,Abia,South East,0,0,Safe,66,Moderate,3,3,Low Risk
IBD030722,"Pastor vs Wife, Anambra",2024-08-13,2024-08-13,1,2024,1,Anambra,South East,0,0,Safe,74,Moderate,3,3,Low Risk
IBD030499,"Baby Found Dead, Anambra",2024-08-13,2024-08-13,1,2024,1,Anambra,South East,0,0,Safe,61,Moderate,3,3,Low Risk
IBD030468,"Auto Crash, Ogun",2024-08-13,2024-08-13,12,2024,1,Ogun,South West,0,5,Caution,61,Moderate,3,8,High Risk
IBD030487,"Herdsmen vs Farmer, Ondo",2024-08-13,2024-08-13,1,2024,1,Ondo,South West,1,5,Caution,62,Moderate,3,9,High Risk
IBD030515,"Food Poisoning, Kano",2024-08-13,2024-08-13,6,2024,1,Kano,North West,0,3,Safe,34,Low,1,4,Moderate Risk
IBD030542,"Food Poison, Nasarawa",2024-08-13,2024-08-13,6,2024,1,Nasarawa,North Central,0,3,Safe,48,Low,1,4,Moderate Risk
IBD030479,"Banditry, Kaduna",2024-08-13,2024-08-13,1,2024,1,Kaduna,North West,1,5,Caution,16,Low,1,7,Moderate Risk
IBD030507,"Man Stabs Friend, FCT (Abuja)",2024-08-13,2024-08-13,1,2024,1,FCT,North Central,0,0,Safe,34,Low,1,1,Low Risk
IBD030472,"Auto Crash, Oyo",2024-08-13,2024-08-13,16,2024,1,Oyo,South West,0,5,Caution,22,Low,1,6,Moderate Risk
IBD030457,"Auto Crash, Ogun",2024-08-12,2024-08-12,2,2024,1,Ogun,South West,0,0,Safe,53,Moderate,3,3,Low Risk
IBD030452,"Gunmen Attack, Zamfara",2024-08-12,2024-08-12,2,2024,1,Zamfara,North West,2,5,Caution,28,Low,1,8,High Risk
IBD030640,"Police vs Robber, Kaduna",2024-08-12,2024-09-02,1,2024,1,Kaduna,North West,0,0,Safe,13,Low,1,1,Low Risk
IBD030471,"Flooding, Bauchi",2024-08-12,2024-08-12,1,2024,1,Bauchi,North East,0,0,Safe,35,Low,1,1,Low Risk
IBD030474,"Baby Found Dead, Niger",2024-08-12,2024-08-12,1,2024,1,Niger,North Central,0,0,Safe,36,Low,1,1,Low Risk
IBD030451,"Gunmen vs Travellers, Taraba",2024-08-12,2024-08-12,7,2024,1,Taraba,North East,1,8,Avoid Route,18,Low,1,10,High Risk
IBD030470,"Flooding, Bauchi",2024-08-12,2024-08-12,1,2024,1,Bauchi,North East,0,0,Safe,43,Low,1,1,Low Risk
IBD030504,"Boy Drowns, FCT (Abuja)",2024-08-12,2024-08-12,1,2024,1,FCT,North Central,0,0,Safe,48,Low,1,1,Low Risk
IBD030456,"Gunmen vs Doctor, Kaduna",2024-08-12,2024-08-12,1,2024,1,Kaduna,North West,1,5,Caution,17,Low,1,7,Moderate Risk
IBD030467,"Army vs Boko Haram, Borno",2024-08-12,2024-08-12,5,2024,1,Borno,North East,0,3,Safe,47,Low,1,4,Moderate Risk
IBD030478,"Communal Clash, Enugu",2024-08-12,2024-08-12,4,2024,1,Enugu,South East,0,3,Safe,59,Moderate,3,6,Moderate Risk
IBD030498,"Drowns, Jigawa",2024-08-12,2024-08-12,2,2024,1,Jigawa,North West,0,0,Safe,27,Low,1,1,Low Risk
IBD030473,"Gunmen vs Monarch, Kogi",2024-08-12,2024-08-12,1,2024,1,Kogi,North Central,1,5,Caution,12,Low,1,7,Moderate Risk
IBD030469,"Flooding, Bauchi",2024-08-12,2024-08-12,1,2024,1,Bauchi,North East,0,0,Safe,42,Low,1,1,Low Risk
IBD030453,"Guard, Osun",2024-08-12,2024-08-12,1,2024,1,Osun,South West,0,0,Safe,31,Low,1,1,Low Risk
IBD030490,"Flooding Kills 1, Jigawa",2024-08-11,2024-08-12,1,2024,1,Jigawa,North West,0,0,Safe,16,Low,1,1,Low Risk
IBD030496,"Flooding, Jigawa",2024-08-11,2024-08-12,1,2024,1,Jigawa,North West,0,0,Safe,30,Low,1,1,Low Risk
IBD030454,"Banditry, Niger",2024-08-11,2024-08-11,1,2024,1,Niger,North Central,1,5,Caution,24,Low,1,7,Moderate Risk
IBD030476,"Bandits Kill Farm Manager, Niger",2024-08-11,2024-08-11,1,2024,1,Niger,North Central,1,5,Caution,24,Low,1,7,Moderate Risk
IBD030492,"Flooding, Jigawa",2024-08-11,2024-08-12,1,2024,1,Jigawa,North West,0,0,Safe,33,Low,1,1,Low Risk
IBD030486,"Flooding, Jigawa",2024-08-11,2024-08-11,2,2024,1,Jigawa,North West,0,0,Safe,28,Low,1,1,Low Risk
IBD030450,"Flooding/Building Collapse, Jigawa",2024-08-11,2024-08-11,2,2024,1,Jigawa,North West,0,0,Safe,45,Low,1,1,Low Risk
IBD030465,"Banditry, Kaduna",2024-08-11,2024-08-11,1,2024,1,Kaduna,North West,1,5,Caution,18,Low,1,7,Moderate Risk
IBD030462,"Cult Clash, Ogun",2024-08-11,2024-08-11,1,2024,1,Ogun,South West,0,0,Safe,79,Moderate,3,3,Low Risk
IBD030485,"Flooding Kills 1, Jigawa",2024-08-11,2024-08-11,2,2024,1,Jigawa,North West,0,0,Safe,17,Low,1,1,Low Risk
IBD030497,"Flooding, Jigawa",2024-08-11,2024-08-11,1,2024,1,Jigawa,North West,0,0,Safe,43,Low,1,1,Low Risk
IBD030488,"Flooding Kills 1, Jiagawa",2024-08-11,2024-08-11,2,2024,1,Unknown,,0,0,Safe,20,Low,1,1,Low Risk
IBD030424,"Auto Crash, Abia",2024-08-11,2024-08-11,7,2024,1,Abia,South East,0,3,Safe,79,Moderate,3,6,Moderate Risk
IBD030475,"Gunmen Kill 1, Benue",2024-08-11,2024-08-11,1,2024,1,Benue,North Central,1,5,Caution,23,Low,1,7,Moderate Risk
IBD030494,"Flooding, Jigawa",2024-08-11,2024-08-12,1,2024,1,Jigawa,North West,0,0,Safe,40,Low,1,1,Low Risk
IBD030495,"Flooding, Jigawa",2024-08-11,2024-08-12,1,2024,1,Jigawa,North West,0,0,Safe,28,Low,1,1,Low Risk
IBD030441,"Boat Mishap, Sokoto",2024-08-11,2024-08-11,12,2024,1,Sokoto,North West,0,5,Caution,42,Low,1,6,Moderate Risk
IBD030489,"Flooding, Jigawa",2024-08-11,2024-08-11,1,2024,1,Jigawa,North West,0,0,Safe,40,Low,1,1,Low Risk
IBD030459,"Auto Crash, Ekiti",2024-08-11,2024-08-11,1,2024,1,Ekiti,South West,0,0,Safe,48,Low,1,1,Low Risk
IBD030480,"Ritual Killing, Oyo",2024-08-11,2024-08-11,1,2024,1,Oyo,South West,0,0,Safe,49,Low,1,1,Low Risk
IBD030493,"Flooding, Jigawa",2024-08-11,2024-08-11,1,2024,1,Jigawa,North West,0,0,Safe,36,Low,1,1,Low Risk
IBD030482,"Hunters vs Thief, Yobe",2024-08-11,2024-08-11,2,2024,1,Yobe,North East,0,0,Safe,40,Low,1,1,Low Risk
IBD030455,"Banditry, Niger",2024-08-11,2024-08-11,1,2024,1,Niger,North Central,1,5,Caution,14,Low,1,7,Moderate Risk
IBD030483,"Mob vs Motorcycle Thief, FCT (Abuja)",2024-08-11,2024-08-11,1,2024,1,FCT,North Central,0,0,Safe,27,Low,1,1,Low Risk
IBD030440,"Four Die, Imo",2024-08-10,2024-08-10,4,2024,1,Imo,South East,0,3,Safe,59,Moderate,3,6,Moderate Risk
IBD030449,"Herders vs Farmer, Ondo",2024-08-10,2024-08-10,1,2024,1,Ondo,South West,0,0,Safe,61,Moderate,3,3,Low Risk
IBD030506,"Banditry, Kaduna",2024-08-10,2024-08-10,1,2024,1,Kaduna,North West,1,5,Caution,40,Low,1,7,Moderate Risk
IBD030443,"Bandit vs Army, Sokoto",2024-08-10,2024-08-10,4,2024,1,Sokoto,North West,1,8,Avoid Route,32,Low,1,10,High Risk
IBD030447,"Drown, Jigawa",2024-08-10,2024-08-10,3,2024,1,Jigawa,North West,0,3,Safe,19,Low,1,4,Moderate Risk
IBD030445,"Food Poisoning, Sokoto",2024-08-10,2024-08-10,7,2024,1,Sokoto,North West,0,3,Safe,23,Low,1,4,Moderate Risk
IBD030446,"Ritual Killing, Oyo",2024-08-10,2024-08-10,1,2024,1,Oyo,South West,0,0,Safe,19,Low,1,1,Low Risk
IBD030536,"Ritual Killing, Kwara",2024-08-09,2024-08-09,1,2024,1,Kwara,North Central,0,0,Safe,12,Low,1,1,Low Risk
IBD030461,"Hoodlums Clash, Niger",2024-08-09,2024-08-09,3,2024,1,Niger,North Central,0,3,Safe,11,Low,1,4,Moderate Risk
IBD030429,"Auto Crash, Kaduna",2024-08-09,2024-08-09,11,2024,1,Kaduna,North West,0,5,Caution,29,Low,1,6,Moderate Risk
IBD030442,"Cult Killing, Ogun",2024-08-09,2024-08-09,2,2024,1,Ogun,South West,0,0,Safe,70,Moderate,3,3,Low Risk
IBD030432,"Gunmen vs Humanitarian Worker, Benue",2024-08-09,2024-08-09,1,2024,1,Benue,North Central,1,5,Caution,16,Low,1,7,Moderate Risk
IBD030430,"Gunmen vs Police, Anambra",2024-08-09,2024-08-09,1,2024,1,Anambra,South East,1,5,Caution,51,Moderate,3,9,High Risk
IBD030416,"Gunmen Attack, FCT (Abuja)",2024-08-08,2024-08-08,1,2024,1,FCT,North Central,2,5,Caution,28,Low,1,8,High Risk
IBD030412,"Boat Mishap, Jigawa",2024-08-08,2024-08-08,5,2024,1,Jigawa,North West,0,3,Safe,18,Low,1,4,Moderate Risk
IBD030422,"Electrocution, Akwa Ibom",2024-08-08,2024-08-08,1,2024,1,Akwa Ibom,South South,0,0,Safe,90,High,5,5,Moderate Risk
IBD030425,"Man Dies, Delta",2024-08-08,2024-08-08,1,2024,1,Delta,South South,0,0,Safe,93,High,5,5,Moderate Risk
IBD030460,"Banditry, Kaduna",2024-08-08,2024-08-08,3,2024,1,Kaduna,North West,1,8,Avoid Route,16,Low,1,10,High Risk
IBD030423,"Electrocution, Akwa Ibom",2024-08-08,2024-08-08,1,2024,1,Akwa Ibom,South South,0,0,Safe,82,High,5,5,Moderate Risk
IBD030421,"Banditry, Benue",2024-08-08,2024-08-08,50,2024,1,Benue,North Central,1,10,Avoid Route,44,Low,1,12,Extreme Danger
IBD030426,"Gunmen Kill Hotelier, Kwara",2024-08-08,2024-08-08,1,2024,1,Kwara,North Central,1,5,Caution,44,Low,1,7,Moderate Risk
IBD030448,"Boko Haram Attack, Borno",2024-08-08,2024-08-08,2,2024,1,Borno,North East,1,5,Caution,40,Low,1,7,Moderate Risk
IBD030458,"Communal Clash, Kwara",2024-08-08,2024-08-08,2,2024,1,Kwara,North Central,0,0,Safe,46,Low,1,1,Low Risk
IBD030418,"Vigilantes vs Bandits, Kaduna",2024-08-08,2024-08-08,9,2024,1,Kaduna,North West,1,8,Avoid Route,10,Low,1,10,High Risk
IBD030491,"Police vs Kidnappers, Delta",2024-08-08,2024-08-08,1,2024,1,Delta,South South,1,5,Caution,81,High,5,11,High Risk
IBD030431,"Auto Crash, Ogun",2024-08-08,2024-08-08,3,2024,1,Ogun,South West,0,3,Safe,78,Moderate,3,6,Moderate Risk
IBD030413,"Boat Mishap, Bayelsa",2024-08-07,2024-08-07,20,2024,1,Bayelsa,South South,0,5,Caution,96,High,5,10,High Risk
IBD030415,"Crossdresser Found Dead, FCT (Abuja)",2024-08-07,2024-08-07,1,2024,1,FCT,North Central,0,0,Safe,14,Low,1,1,Low Risk
IBD030407,"Banditry, Kaduna",2024-08-07,2024-08-07,6,2024,1,Kaduna,North West,1,8,Avoid Route,24,Low,1,10,High Risk
IBD030419,"Cultist vs Man, Bayelsa",2024-08-07,2024-08-07,1,2024,1,Bayelsa,South South,0,0,Safe,85,High,5,5,Moderate Risk
IBD030414,"Generator Fume Kills 5, Abia",2024-08-07,2024-08-07,5,2024,1,Abia,South East,0,3,Safe,64,Moderate,3,6,Moderate Risk
IBD030427,"Gunmen vs Woman, Plateau",2024-08-07,2024-08-07,1,2024,1,Plateau,North Central,1,5,Caution,15,Low,1,7,Moderate Risk
IBD030410,"Army vs Bandits, Kaduna",2024-08-07,2024-08-07,2,2024,1,Kaduna,North West,1,5,Caution,29,Low,1,7,Moderate Risk
IBD030420,"Hoodlums vs Cyclist, FCT (Abuja)",2024-08-07,2024-08-07,1,2024,1,FCT,North Central,0,0,Safe,21,Low,1,1,Low Risk
IBD030400,"Protesters vs Security Operatives, Kaduna",2024-08-06,2024-08-06,1,2024,1,Kaduna,North West,0,0,Safe,35,Low,1,1,Low Risk
IBD030444,"Security Operatives vs Man, Bauchi",2024-08-06,2024-08-06,1,2024,1,Bauchi,North East,0,0,Safe,21,Low,1,1,Low Risk
IBD030411,"Auto Crash, Ogun",2024-08-06,2024-08-06,1,2024,1,Ogun,South West,0,0,Safe,69,Moderate,3,3,Low Risk
IBD030409,"Army vs PDP Supporters, Bauchi",2024-08-06,2024-08-06,1,2024,1,Bauchi,North East,0,0,Safe,35,Low,1,1,Low Risk
IBD030404,"Food Poisoning, Kogi",2024-08-06,2024-08-06,6,2024,1,Kogi,North Central,0,3,Safe,49,Low,1,4,Moderate Risk
IBD030401,"Cultists vs Barber, Ogun",2024-08-05,2024-08-05,1,2024,1,Ogun,South West,0,0,Safe,72,Moderate,3,3,Low Risk
IBD030403,"Flood Disaster, Kebbi",2024-08-05,2024-08-05,2,2024,1,Kebbi,North West,0,0,Safe,29,Low,1,1,Low Risk
IBD030402,"Food Poisoning, Kwara",2024-08-05,2024-08-05,4,2024,1,Kwara,North Central,0,3,Safe,13,Low,1,4,Moderate Risk
IBD030463,"Ex-Soldiers vs Tricycle Rider, Borno",2024-08-05,2024-08-05,1,2024,1,Borno,North East,0,0,Safe,49,Low,1,1,Low Risk
IBD030481,"Man vs Son, Lagos",2024-08-05,2024-08-05,1,2024,1,Lagos,South West,0,0,Safe,87,High,5,5,Moderate Risk
IBD030408,"Assailants vs Motorcyclists, Ondo",2024-08-05,2024-08-05,2,2024,1,Ondo,South West,0,0,Safe,78,Moderate,3,3,Low Risk
IBD030395,"Protesters vs Security Operatives, Bauchi",2024-08-05,2024-08-05,1,2024,1,Bauchi,North East,0,0,Safe,32,Low,1,1,Low Risk
IBD030388,"Gunmen Kill Youth Leader, Kogi",2024-08-05,2024-08-05,1,2024,1,Kogi,North Central,1,5,Caution,24,Low,1,7,Moderate Risk
IBD030406,"Bandits Kill Man, Katsina",2024-08-05,2024-08-05,1,2024,1,Katsina,North West,1,5,Caution,48,Low,1,7,Moderate Risk
IBD030756,"Ritual Killing, Kogi",2024-08-04,2024-08-04,1,2024,1,Kogi,North Central,0,0,Safe,35,Low,1,1,Low Risk
IBD030387,"Corpse Found Inside Well, Kwara",2024-08-04,2024-08-04,1,2024,1,Kwara,North Central,0,0,Safe,43,Low,1,1,Low Risk
IBD030398,"Soldiers vs Kidnappers, Kaduna",2024-08-04,2024-08-04,3,2024,1,Kaduna,North West,1,8,Avoid Route,48,Low,1,10,High Risk
IBD030503,"Man vs Boy, Bauchi",2024-08-04,2024-08-04,1,2024,1,Bauchi,North East,0,0,Safe,39,Low,1,1,Low Risk
IBD030405,"Herder vs Rustler, Benue",2024-08-03,2024-08-03,1,2024,1,Benue,North Central,0,0,Safe,44,Low,1,1,Low Risk
IBD030399,"Cult Clash, Delta",2024-08-03,2024-08-04,4,2024,1,Delta,South South,0,3,Safe,99,High,5,8,High Risk
IBD030384,"Protesters vs Security Operatives, Kano",2024-08-03,2024-08-03,4,2024,1,Kano,North West,0,3,Safe,43,Low,1,4,Moderate Risk
IBD030668,"Stray Bullet, Ebonyi",2024-08-03,2024-08-03,1,2024,1,Ebonyi,South East,0,0,Safe,14,Low,1,1,Low Risk
IBD030396,"Protesters vs Security Operatives, Kano",2024-08-03,2024-08-03,8,2024,1,Kano,North West,0,3,Safe,46,Low,1,4,Moderate Risk
IBD030466,"Boko Haram vs ISWAP, Borno",2024-08-03,2024-08-03,100,2024,1,Borno,North East,0,5,Caution,22,Low,1,6,Moderate Risk
IBD030386,"Gunmen Kill 7, Imo",2024-08-03,2024-08-03,7,2024,1,Imo,South East,1,8,Avoid Route,77,Moderate,3,12,Extreme Danger
IBD030393,"Bandits Kill Farmers, Sokoto",2024-08-02,2024-08-02,8,2024,1,Sokoto,North West,1,8,Avoid Route,43,Low,1,10,High Risk
IBD030389,"Baby Corpse, FCT (Abuja)",2024-08-02,2024-08-02,1,2024,1,FCT,North Central,0,0,Safe,33,Low,1,1,Low Risk
IBD030417,"Army vs Boko Haram, Borno",2024-08-02,2024-08-02,10,2024,1,Borno,North East,0,5,Caution,39,Low,1,6,Moderate Risk
IBD030437,"Electrocution, Lagos",2024-08-02,2024-08-02,1,2024,1,Lagos,South West,0,0,Safe,97,High,5,5,Moderate Risk
IBD030372,"Protesters vs Security Operatives, Abuja",2024-08-01,2024-08-01,1,2024,1,Unknown,,0,0,Safe,28,Low,1,1,Low Risk
IBD030371,"Protesters vs Security Operatives, Kano",2024-08-01,2024-08-01,1,2024,1,Kano,North West,0,0,Safe,11,Low,1,1,Low Risk
IBD031787,"Political Crisis, Kano",2024-08-01,2024-08-10,10,2024,1,Kano,North West,0,5,Caution,16,Low,1,6,Moderate Risk
IBD030390,"Banditary, Kaduna",2024-08-01,2024-08-01,1,2024,1,Kaduna,North West,1,5,Caution,36,Low,1,7,Moderate Risk
IBD030366,"Protesters vs Security Operatives, Kaduna",2024-08-01,2024-08-01,3,2024,1,Kaduna,North West,0,3,Safe,20,Low,1,4,Moderate Risk
IBD030464,"Food Poisoning, Gombe",2024-08-01,2024-08-01,1,2024,1,Gombe,North East,0,0,Safe,36,Low,1,1,Low Risk
IBD030369,"Protesters vs Security Operatives, Jigawa",2024-08-01,2024-08-01,3,2024,1,Jigawa,North West,0,3,Safe,21,Low,1,4,Moderate Risk
IBD030397,"Protesters vs Security Operatives, Niger",2024-08-01,2024-08-01,3,2024,1,Niger,North Central,0,3,Safe,30,Low,1,4,Moderate Risk
IBD030362,"Protesters vs Security Operatives, Niger",2024-08-01,2024-08-01,5,2024,1,Niger,North Central,0,3,Safe,45,Low,1,4,Moderate Risk
IBD030385,"Protesters vs Security Operatives, Katsina",2024-08-01,2024-08-01,1,2024,1,Katsina,North West,0,0,Safe,48,Low,1,1,Low Risk
IBD030684,"Flood Disaster, Yobe",2024-08-01,2024-08-31,20,2024,1,Yobe,North East,0,5,Caution,14,Low,1,6,Moderate Risk
IBD030367,"Protesters vs Security Operatives, Kebbi",2024-08-01,2024-08-01,1,2024,1,Kebbi,North West,0,0,Safe,24,Low,1,1,Low Risk
IBD030364,"Protesters vs Security Operatives, Borno",2024-08-01,2024-08-01,4,2024,1,Borno,North East,0,3,Safe,30,Low,1,4,Moderate Risk
IBD030374,"Boko Haram Suicide Attack, Borno",2024-07-31,2024-07-31,16,2024,1,Borno,North East,1,10,Avoid Route,48,Low,1,12,Extreme Danger
IBD030373,"Soldiers vs Bandits, Kaduna",2024-07-31,2024-07-31,2,2024,1,Kaduna,North West,1,5,Caution,15,Low,1,7,Moderate Risk
IBD030428,"Boat Mishap, Rivers",2024-07-30,2024-07-30,1,2024,1,Rivers,South South,0,0,Safe,100,High,5,5,Moderate Risk
IBD030375,"One Killed, Lagos",2024-07-30,2024-07-30,1,2024,1,Lagos,South West,0,0,Safe,88,High,5,5,Moderate Risk
IBD030354,"Gunmen Attack, Imo",2024-07-30,2024-07-30,1,2024,1,Imo,South East,2,5,Caution,65,Moderate,3,10,High Risk
IBD030382,"Gunmen Attack, Imo",2024-07-30,2024-07-30,3,2024,1,Imo,South East,2,8,Avoid Route,56,Moderate,3,13,Extreme Danger
IBD030377,"Soldiers vs Bandit, Taraba",2024-07-30,2024-07-30,1,2024,1,Taraba,North East,1,5,Caution,19,Low,1,7,Moderate Risk
IBD030352,"Gunmen Attack, Delta",2024-07-30,2024-07-30,2,2024,1,Delta,South South,2,5,Caution,89,High,5,12,Extreme Danger
IBD030358,"Soldiers Kill Bandit, Benue",2024-07-30,2024-07-30,1,2024,1,Benue,North Central,1,5,Caution,38,Low,1,7,Moderate Risk
IBD030379,"Hoodlums Clash, Gombe",2024-07-30,2024-07-30,3,2024,1,Gombe,North East,0,3,Safe,40,Low,1,4,Moderate Risk
IBD030365,"Banditry, Sokoto",2024-07-30,2024-07-30,2,2024,1,Sokoto,North West,1,5,Caution,34,Low,1,7,Moderate Risk
IBD030363,"Domestic Staff vs Boss, Lagos",2024-07-30,2024-07-30,1,2024,1,Lagos,South West,0,0,Safe,97,High,5,5,Moderate Risk
IBD030380,"Food Poisoning, Anambra",2024-07-29,2024-07-29,5,2024,1,Anambra,South East,0,3,Safe,62,Moderate,3,6,Moderate Risk
IBD030360,"Domestic Violence, Niger",2024-07-29,2024-07-29,1,2024,1,Niger,North Central,0,0,Safe,41,Low,1,1,Low Risk
IBD030350,"Soldiers vs Gunmen, Abia",2024-07-29,2024-07-29,1,2024,1,Abia,South East,1,5,Caution,73,Moderate,3,9,High Risk
IBD030349,"Tiv Hoolums vs Farmer, Nasarawa",2024-07-29,2024-07-29,1,2024,1,Nasarawa,North Central,0,0,Safe,33,Low,1,1,Low Risk
IBD030359,"Boko Haram Explosion, Borno",2024-07-29,2024-07-29,1,2024,1,Borno,North East,0,0,Safe,10,Low,1,1,Low Risk
IBD030355,"Auto Crash, Cross River",2024-07-29,2024-07-29,3,2024,1,Cross River,South South,0,3,Safe,85,High,5,8,High Risk
IBD030353,"Domestic Violence, FCT (Abuja)",2024-07-29,2024-07-29,1,2024,1,FCT,North Central,0,0,Safe,43,Low,1,1,Low Risk
IBD030370,"Herder vs Farmer, FCT (Abuja)",2024-07-29,2024-07-29,1,2024,1,FCT,North Central,0,0,Safe,46,Low,1,1,Low Risk
IBD030368,"Auto Crash, Bauchi",2024-07-29,2024-07-29,4,2024,1,Bauchi,North East,0,3,Safe,33,Low,1,4,Moderate Risk
IBD030346,"Gunmen vs Police, Imo",2024-07-29,2024-07-29,5,2024,1,Imo,South East,1,8,Avoid Route,60,Moderate,3,12,Extreme Danger
IBD030484,"Man Dies, Edo",2024-07-29,2024-07-29,1,2024,1,Edo,South South,0,0,Safe,61,Moderate,3,3,Low Risk
IBD030342,"Army vs Boko Haram, Borno",2024-07-28,2024-07-28,8,2024,1,Borno,North East,0,3,Safe,38,Low,1,4,Moderate Risk
IBD030394,"Inferno, Ogun",2024-07-28,2024-07-28,1,2024,1,Ogun,South West,0,0,Safe,52,Moderate,3,3,Low Risk
IBD030356,"Cult Killings, Anambra",2024-07-28,2024-07-29,4,2024,1,Anambra,South East,0,3,Safe,68,Moderate,3,6,Moderate Risk
IBD030348,"Hospital Negligence, FCT",2024-07-28,2024-07-28,1,2024,1,FCT,North Central,0,0,Safe,40,Low,1,1,Low Risk
IBD030333,"Boko Haram Attack, Borno",2024-07-28,2024-07-28,2,2024,1,Borno,North East,1,5,Caution,30,Low,1,7,Moderate Risk
IBD030381,"Female Caterer Murdered, Ondo",2024-07-28,2024-07-28,1,2024,1,Ondo,South West,0,0,Safe,50,Moderate,3,3,Low Risk
IBD030344,"Army vs Robbers, Ebonyi",2024-07-28,2024-07-28,1,2024,1,Ebonyi,South East,0,0,Safe,41,Low,1,1,Low Risk
IBD030361,"Corpse Found, Kaduna",2024-07-28,2024-07-28,2,2024,1,Kaduna,North West,0,0,Safe,13,Low,1,1,Low Risk
IBD030337,"Auto Crash, Ogun",2024-07-28,2024-07-28,1,2024,1,Ogun,South West,0,0,Safe,54,Moderate,3,3,Low Risk
IBD030338,"Auto Crash, Ogun",2024-07-28,2024-07-28,1,2024,1,Ogun,South West,0,0,Safe,63,Moderate,3,3,Low Risk
IBD030347,"Hunters vs Man, Taraba",2024-07-27,2024-07-27,4,2024,1,Taraba,North East,0,3,Safe,46,Low,1,4,Moderate Risk
IBD030332,"Building Collapse, Jigawa",2024-07-27,2024-07-27,3,2024,1,Jigawa,North West,0,3,Safe,48,Low,1,4,Moderate Risk
IBD030341,"Mob vs Armed Robber, Benue",2024-07-27,2024-07-27,1,2024,1,Benue,North Central,0,0,Safe,45,Low,1,1,Low Risk
IBD030343,"Police vs Bandits, Benue",2024-07-27,2024-07-27,6,2024,1,Benue,North Central,1,8,Avoid Route,27,Low,1,10,High Risk
IBD030331,"Explosion, Yobe",2024-07-26,2024-07-26,1,2024,1,Yobe,North East,0,0,Safe,27,Low,1,1,Low Risk
IBD030336,"Female Undergraduate, Bauchi",2024-07-26,2024-07-26,1,2024,1,Bauchi,North East,0,0,Safe,31,Low,1,1,Low Risk
IBD030325,"Auto Crash, Niger",2024-07-25,2024-07-25,1,2024,1,Niger,North Central,0,0,Safe,10,Low,1,1,Low Risk
IBD030320,"Vigilantes vs Kidnappers, Edo",2024-07-25,2024-07-25,1,2024,1,Edo,South South,1,5,Caution,76,Moderate,3,9,High Risk
IBD030339,"Gunmen Kill Officer, Kebbi",2024-07-25,2024-07-25,1,2024,1,Kebbi,North West,1,5,Caution,30,Low,1,7,Moderate Risk
IBD030357,"Police vs Kidnappers, Delta",2024-07-25,2024-07-25,1,2024,1,Delta,South South,1,5,Caution,98,High,5,11,High Risk
IBD030340,"Gunmen vs Vigilantes, Nasarawa",2024-07-25,2024-07-25,1,2024,1,Nasarawa,North Central,1,5,Caution,10,Low,1,7,Moderate Risk
IBD030345,"Hoodlums Kill Teacher, FCT (Abuja)",2024-07-25,2024-07-25,1,2024,1,FCT,North Central,0,0,Safe,25,Low,1,1,Low Risk
IBD030322,"Medical Negligence, Oyo",2024-07-25,2024-07-25,1,2024,1,Oyo,South West,0,0,Safe,32,Low,1,1,Low Risk
IBD030310,"Building Collapse, Lagos",2024-07-25,2024-07-25,5,2024,1,Lagos,South West,0,3,Safe,86,High,5,8,High Risk
IBD030318,"Auto Crash, Kogi",2024-07-25,2024-07-25,5,2024,1,Kogi,North Central,0,3,Safe,38,Low,1,4,Moderate Risk
IBD030317,"Security Operatives vs Bandits, Niger",2024-07-24,2024-07-24,65,2024,1,Niger,North Central,1,10,Avoid Route,45,Low,1,12,Extreme Danger
IBD030335,"Building Collapse, Delta",2024-07-24,2024-07-24,1,2024,1,Delta,South South,0,0,Safe,93,High,5,5,Moderate Risk
IBD030321,"Gunmen Attack, Nasarawa",2024-07-24,2024-07-24,15,2024,1,Nasarawa,North Central,2,10,Avoid Route,31,Low,1,13,Extreme Danger
IBD030323,"Gunmen Kill Man, Delta",2024-07-24,2024-07-24,1,2024,1,Delta,South South,1,5,Caution,94,High,5,11,High Risk
IBD030314,"Chieftaincy Tittle, Osun",2024-07-23,2024-07-23,2,2024,1,Osun,South West,0,0,Safe,24,Low,1,1,Low Risk
IBD030319,"Soldiers vs Bandits, Kaduna",2024-07-23,2024-07-23,2,2024,1,Kaduna,North West,1,5,Caution,30,Low,1,7,Moderate Risk
IBD030316,"Auto Crash, Edo",2024-07-23,2024-07-23,1,2024,1,Edo,South South,0,0,Safe,64,Moderate,3,3,Low Risk
IBD030328,"Army vs ISWAP/Boko Haram, Borno",2024-07-23,2024-07-23,13,2024,1,Borno,North East,0,5,Caution,10,Low,1,6,Moderate Risk
IBD031229,"Robbery Gang Kills Man, Oyo",2024-07-23,2024-07-23,1,2024,1,Oyo,South West,0,0,Safe,25,Low,1,1,Low Risk
IBD030311,"Corpse Found, Rivers",2024-07-23,2024-07-23,1,2024,1,Rivers,South South,0,0,Safe,98,High,5,5,Moderate Risk
IBD030392,"Kidnappers Kill 1, Ekiti",2024-07-23,2024-07-23,1,2024,1,Ekiti,South West,1,5,Caution,19,Low,1,7,Moderate Risk
IBD030313,"Boat Mishap, Ebonyi",2024-07-23,2024-07-23,1,2024,1,Ebonyi,South East,0,0,Safe,45,Low,1,1,Low Risk
IBD030297,"Auto Crash, Ondo",2024-07-22,2024-07-22,2,2024,1,Ondo,South West,0,0,Safe,69,Moderate,3,3,Low Risk
IBD030334,"Man vs Grandpa, Osun",2024-07-22,2024-07-22,1,2024,1,Osun,South West,0,0,Safe,34,Low,1,1,Low Risk
IBD030307,"Auto Crash, FCT (Abuja)",2024-07-22,2024-07-22,2,2024,1,FCT,North Central,0,0,Safe,25,Low,1,1,Low Risk
IBD030391,"Suitor vs Woman, Kano",2024-07-22,2024-07-22,1,2024,1,Kano,North West,0,0,Safe,42,Low,1,1,Low Risk
IBD030295,"Businessman, Bayelsa",2024-07-22,2024-07-22,1,2024,1,Bayelsa,South South,0,0,Safe,90,High,5,5,Moderate Risk
IBD030302,"Woman Found Dead, Plateau",2024-07-21,2024-07-21,1,2024,1,Plateau,North Central,0,0,Safe,40,Low,1,1,Low Risk
IBD030306,"Thugs vs Man, Anambra",2024-07-21,2024-07-21,1,2024,1,Anambra,South East,0,0,Safe,57,Moderate,3,3,Low Risk
IBD030299,"Man vs Friend, Adamawa",2024-07-21,2024-07-21,1,2024,1,Adamawa,North East,0,0,Safe,15,Low,1,1,Low Risk
IBD030305,"Police vs Bandits, Benue",2024-07-21,2024-07-21,3,2024,1,Benue,North Central,1,8,Avoid Route,47,Low,1,10,High Risk
IBD030304,"Police vs Father, Borno",2024-07-21,2024-07-21,1,2024,1,Borno,North East,0,0,Safe,11,Low,1,1,Low Risk
IBD030293,"Gunmen vs Student, Ondo",2024-07-21,2024-07-21,1,2024,1,Ondo,South West,1,5,Caution,72,Moderate,3,9,High Risk
IBD030291,"Gunmen Attack, Abia",2024-07-21,2024-07-21,6,2024,1,Abia,South East,2,8,Avoid Route,78,Moderate,3,13,Extreme Danger
IBD030326,"Land Dispute, Nasarawa",2024-07-20,2024-07-20,2,2024,1,Nasarawa,North Central,0,0,Safe,20,Low,1,1,Low Risk
IBD030188,"Auto Crash, Anambra",2024-07-20,2024-07-20,1,2024,1,Anambra,South East,0,0,Safe,72,Moderate,3,3,Low Risk
IBD030282,"Kidnappers Kill 2, Ondo",2024-07-20,2024-07-20,2,2024,1,Ondo,South West,1,5,Caution,68,Moderate,3,9,High Risk
IBD030284,"Bandits Kill 18, Benue",2024-07-19,2024-07-19,18,2024,1,Benue,North Central,1,10,Avoid Route,43,Low,1,12,Extreme Danger
IBD030286,"Man Kill friend, Kaduna",2024-07-19,2024-07-19,1,2024,1,Kaduna,North West,0,0,Safe,32,Low,1,1,Low Risk
IBD030308,"Army vs Bandits, Kaduna",2024-07-19,2024-07-19,8,2024,1,Kaduna,North West,1,8,Avoid Route,40,Low,1,10,High Risk
IBD030285,"Gunmen Kill Traditional Ruler, Taraba",2024-07-19,2024-07-19,2,2024,1,Taraba,North East,1,5,Caution,26,Low,1,7,Moderate Risk
IBD030269,"Auto Crash, Kwara",2024-07-18,2024-07-18,2,2024,1,Kwara,North Central,0,0,Safe,26,Low,1,1,Low Risk
IBD030271,"Gunmen vs Policeman, Edo",2024-07-18,2024-07-18,1,2024,1,Edo,South South,1,5,Caution,71,Moderate,3,9,High Risk
IBD030315,"Flood Disaster, Ebonyi",2024-07-18,2024-07-20,1,2024,1,Ebonyi,South East,0,0,Safe,22,Low,1,1,Low Risk
IBD030274,"Gunmen Kill Soldier, Plateau",2024-07-17,2024-07-17,1,2024,1,Plateau,North Central,1,5,Caution,26,Low,1,7,Moderate Risk
IBD030272,"Man vs Grandfather, Borno",2024-07-17,2024-07-17,1,2024,1,Borno,North East,0,0,Safe,25,Low,1,1,Low Risk
IBD030273,"Woman vs Husband, Borno",2024-07-17,2024-07-17,1,2024,1,Borno,North East,0,0,Safe,47,Low,1,1,Low Risk
IBD030309,"Witchcraft, Adamawa",2024-07-17,2024-07-17,3,2024,1,Adamawa,North East,0,3,Safe,44,Low,1,4,Moderate Risk
IBD030327,"Gunmen Attack, Benue",2024-07-17,2024-07-17,6,2024,1,Benue,North Central,2,8,Avoid Route,32,Low,1,11,High Risk
IBD030260,"Inferno, Kano",2024-07-17,2024-07-17,3,2024,1,Kano,North West,0,3,Safe,22,Low,1,4,Moderate Risk
IBD030378,"Kidnap VIctim, Ekiti",2024-07-16,2024-07-16,1,2024,1,Ekiti,South West,1,5,Caution,37,Low,1,7,Moderate Risk
IBD030219,"Kidnappers vs Passenger, Ondo",2024-07-16,2024-07-16,2,2024,1,Ondo,South West,1,5,Caution,79,Moderate,3,9,High Risk
IBD030278,"Hunters vs Bandits, Kaduna",2024-07-16,2024-07-16,1,2024,1,Kaduna,North West,1,5,Caution,24,Low,1,7,Moderate Risk
IBD030267,"Man Kills Rival, Delta",2024-07-16,2024-07-16,2,2024,1,Delta,South South,0,0,Safe,94,High,5,5,Moderate Risk
IBD030266,"Bandits Attack, Kaduna",2024-07-16,2024-07-16,1,2024,1,Kaduna,North West,2,5,Caution,45,Low,1,8,High Risk
IBD030301,"Banditry, Zamfara",2024-07-16,2024-07-16,11,2024,1,Zamfara,North West,1,10,Avoid Route,41,Low,1,12,Extreme Danger
IBD030265,"Bandits vs Chief, Kaduna",2024-07-16,2024-07-16,1,2024,1,Kaduna,North West,1,5,Caution,43,Low,1,7,Moderate Risk
IBD030261,"Motorcyclist, Delta",2024-07-16,2024-07-16,1,2024,1,Delta,South South,0,0,Safe,96,High,5,5,Moderate Risk
IBD030275,"Brothers Drown, FCT (Abuja)",2024-07-16,2024-07-16,1,2024,1,FCT,North Central,0,0,Safe,40,Low,1,1,Low Risk
IBD030254,"Inferno In The Hotel, Edo",2024-07-16,2024-07-16,3,2024,1,Edo,South South,0,3,Safe,50,Moderate,3,6,Moderate Risk
IBD030603,"Electrocution, Kwara",2024-07-16,2024-07-16,1,2024,1,Kwara,North Central,0,0,Safe,49,Low,1,1,Low Risk
IBD030433,"Cult Clash, Osun",2024-07-15,2024-07-15,8,2024,1,Osun,South West,0,3,Safe,10,Low,1,4,Moderate Risk
IBD030257,"Herdsmen vs Rustler, FCT (Abuja)",2024-07-15,2024-07-15,1,2024,1,FCT,North Central,1,5,Caution,48,Low,1,7,Moderate Risk
IBD030279,"Assailant Kill 2, Osun",2024-07-15,2024-07-15,2,2024,1,Osun,South West,0,0,Safe,45,Low,1,1,Low Risk
IBD030256,"Gunmen vs Farmer, Kaduna",2024-07-15,2024-07-15,1,2024,1,Kaduna,North West,1,5,Caution,12,Low,1,7,Moderate Risk
IBD030300,"Banditry, Zamfara",2024-07-15,2024-07-15,10,2024,1,Zamfara,North West,1,10,Avoid Route,39,Low,1,12,Extreme Danger
IBD030258,"Youths vs Students, Bayelsa",2024-07-15,2024-07-15,1,2024,1,Bayelsa,South South,0,0,Safe,83,High,5,5,Moderate Risk
IBD030252,"Auto Crash, Jigawa",2024-07-15,2024-07-15,14,2024,1,Jigawa,North West,0,5,Caution,23,Low,1,6,Moderate Risk
IBD030223,"Cult Clash, Edo",2024-07-15,2024-07-15,1,2024,1,Edo,South South,0,0,Safe,66,Moderate,3,3,Low Risk
IBD030259,"Assailants vs Activist, Edo",2024-07-14,2024-07-14,1,2024,1,Edo,South South,0,0,Safe,56,Moderate,3,3,Low Risk
IBD030247,"Herders Attack, Benue",2024-07-14,2024-07-14,11,2024,1,Benue,North Central,1,10,Avoid Route,44,Low,1,12,Extreme Danger
IBD030249,"Auto Crash, FCT (Abuja)",2024-07-14,2024-07-14,2,2024,1,FCT,North Central,0,0,Safe,45,Low,1,1,Low Risk
IBD030251,"Banditry, Zamfara",2024-07-14,2024-07-14,13,2024,1,Zamfara,North West,1,10,Avoid Route,31,Low,1,12,Extreme Danger
IBD030264,"Piracy, Rivers (Offshore)",2024-07-14,2024-07-14,1,2024,1,Rivers,South South,0,0,Safe,80,High,5,5,Moderate Risk
IBD030248,"Herders Attack, Benue",2024-07-14,2024-07-14,1,2024,1,Benue,North Central,1,5,Caution,49,Low,1,7,Moderate Risk
IBD030245,"Man vs Neighbour's Wife, Edo",2024-07-13,2024-07-13,1,2024,1,Edo,South South,0,0,Safe,68,Moderate,3,3,Low Risk
IBD030298,"Banditry, Zamfara",2024-07-13,2024-07-13,1,2024,1,Zamfara,North West,1,5,Caution,10,Low,1,7,Moderate Risk
IBD030243,"Robbers vs Police, FCT (Abuja)",2024-07-13,2024-07-13,1,2024,1,FCT,North Central,0,0,Safe,10,Low,1,1,Low Risk
IBD030244,"Maize Farmer, Ogun",2024-07-13,2024-07-13,1,2024,1,Ogun,South West,0,0,Safe,53,Moderate,3,3,Low Risk
IBD030238,"Kidnap Victims, Anambra",2024-07-13,2024-07-13,1,2024,1,Anambra,South East,1,5,Caution,59,Moderate,3,9,High Risk
IBD030246,"Auto Crash, Ogun",2024-07-13,2024-07-13,2,2024,1,Ogun,South West,0,0,Safe,62,Moderate,3,3,Low Risk
IBD030263,"Hoodlums vs NDLEA Official, FCT (Abuja)",2024-07-13,2024-07-13,1,2024,1,FCT,North Central,0,0,Safe,10,Low,1,1,Low Risk
IBD030220,"Smugglers vs Customs Officer, Jigawa",2024-07-12,2024-07-12,1,2024,1,Jigawa,North West,0,0,Safe,47,Low,1,1,Low Risk
IBD030233,"NAF VS Terrorists, Kaduna",2024-07-12,2024-07-12,20,2024,1,Kaduna,North West,1,10,Avoid Route,13,Low,1,12,Extreme Danger
IBD030216,"Witchcraft Suspect, Kwara",2024-07-12,2024-07-12,1,2024,1,Kwara,North Central,0,0,Safe,11,Low,1,1,Low Risk
IBD030235,"Armed Robber, Cross River",2024-07-12,2024-07-12,1,2024,1,Cross River,South South,0,0,Safe,100,High,5,5,Moderate Risk
IBD030277,"Hoodlums vs Vigilante, Lagos",2024-07-12,2024-07-12,1,2024,1,Lagos,South West,0,0,Safe,99,High,5,5,Moderate Risk
IBD030296,"Banditry, Zamfara",2024-07-12,2024-07-12,11,2024,1,Zamfara,North West,1,10,Avoid Route,34,Low,1,12,Extreme Danger
IBD030178,"Missing Student, Enugu",2024-07-12,2024-07-12,1,2024,1,Enugu,South East,0,0,Safe,53,Moderate,3,3,Low Risk
IBD030189,"Robbers Kill Security Guard, Akwa Ibom",2024-07-12,2024-07-12,1,2024,1,Akwa Ibom,South South,0,0,Safe,89,High,5,5,Moderate Risk
IBD030439,"Cult Killing, Anambra",2024-07-12,2024-07-12,3,2024,1,Anambra,South East,0,3,Safe,60,Moderate,3,6,Moderate Risk
IBD030221,"Building Collapse, Plateau",2024-07-12,2024-07-12,19,2024,1,Plateau,North Central,0,5,Caution,13,Low,1,6,Moderate Risk
IBD030255,Building Collapse FCT (Abuja),2024-07-12,2024-07-13,1,2024,1,FCT,North Central,0,0,Safe,11,Low,1,1,Low Risk
IBD030232,"NAF VS Terrorists, Kaduna",2024-07-12,2024-07-12,20,2024,1,Kaduna,North West,1,10,Avoid Route,15,Low,1,12,Extreme Danger
IBD030312,"Man vs Commercial Motorcyclist, Akwa Ibom",2024-07-11,2024-07-11,1,2024,1,Akwa Ibom,South South,0,0,Safe,92,High,5,5,Moderate Risk
IBD030222,"Dead Corpse, Lagos",2024-07-11,2024-07-11,1,2024,1,Lagos,South West,0,0,Safe,85,High,5,5,Moderate Risk
IBD030241,"Guardian vs Boy, Lagos",2024-07-11,2024-07-11,1,2024,1,Lagos,South West,0,0,Safe,83,High,5,5,Moderate Risk
IBD030214,"Miners, Niger",2024-07-10,2024-07-10,12,2024,1,Niger,North Central,0,5,Caution,30,Low,1,6,Moderate Risk
IBD030434,"Cult Clash, Lagos",2024-07-10,2024-07-10,1,2024,1,Lagos,South West,0,0,Safe,94,High,5,5,Moderate Risk
IBD030213,"Gunmen vs Vigilante, Rivers",2024-07-10,2024-07-10,1,2024,1,Rivers,South South,1,5,Caution,80,High,5,11,High Risk
IBD030212,"Assailants vs Student, Enugu",2024-07-10,2024-07-10,1,2024,1,Enugu,South East,0,0,Safe,72,Moderate,3,3,Low Risk
IBD030262,"Gunrunners vs Police, Plateau",2024-07-10,2024-07-10,1,2024,1,Plateau,North Central,0,0,Safe,20,Low,1,1,Low Risk
IBD030217,"Bandits Kill Farmers, Kaduna",2024-07-10,2024-07-10,2,2024,1,Kaduna,North West,1,5,Caution,31,Low,1,7,Moderate Risk
IBD030250,"Gunmen Attack, Benue",2024-07-10,2024-07-11,5,2024,1,Benue,North Central,2,8,Avoid Route,41,Low,1,11,High Risk
IBD030324,"Man vs NDLEA Officer, Kano",2024-07-10,2024-07-10,1,2024,1,Kano,North West,0,0,Safe,41,Low,1,1,Low Risk
IBD030205,"Herdsmen vs Farmer, Delta",2024-07-09,2024-07-09,1,2024,1,Delta,South South,1,5,Caution,83,High,5,11,High Risk
IBD030209,"Herdsmen Attack, Benue",2024-07-09,2024-07-09,12,2024,1,Benue,North Central,2,10,Avoid Route,29,Low,1,13,Extreme Danger
IBD030208,"Army vs Terrorist, Katsina",2024-07-09,2024-07-09,1,2024,1,Katsina,North West,1,5,Caution,43,Low,1,7,Moderate Risk
IBD030330,"Ritual Killing, Osun",2024-07-09,2024-07-09,1,2024,1,Osun,South West,0,0,Safe,32,Low,1,1,Low Risk
IBD030276,"Man vs Girlfriend, Lagos",2024-07-09,2024-07-09,1,2024,1,Lagos,South West,0,0,Safe,88,High,5,5,Moderate Risk
IBD030303,"3 Men Kill Labourer, Kwara",2024-07-09,2024-07-09,1,2024,1,Kwara,North Central,0,0,Safe,41,Low,1,1,Low Risk
IBD030199,"Auto Crash, Anambra",2024-07-09,2024-07-09,5,2024,1,Anambra,South East,0,3,Safe,70,Moderate,3,6,Moderate Risk
IBD030206,"Man vs Mother, Delta",2024-07-09,2024-07-09,1,2024,1,Delta,South South,0,0,Safe,96,High,5,5,Moderate Risk
IBD030180,"Downpour Kills 4, Edo",2024-07-08,2024-07-08,4,2024,1,Edo,South South,0,3,Safe,54,Moderate,3,6,Moderate Risk
IBD030201,"Police vs Kidnapper, Delta",2024-07-08,2024-07-08,1,2024,1,Delta,South South,1,5,Caution,83,High,5,11,High Risk
IBD030203,"Assailant vs Man, Edo",2024-07-08,2024-07-08,1,2024,1,Edo,South South,0,0,Safe,78,Moderate,3,3,Low Risk
IBD030242,"Soldiers vs Boko Haram, Borno",2024-07-08,2024-07-08,2,2024,1,Borno,North East,0,0,Safe,35,Low,1,1,Low Risk
IBD030253,"Auto Crash, Ogun",2024-07-08,2024-07-08,2,2024,1,Ogun,South West,0,0,Safe,62,Moderate,3,3,Low Risk
IBD030198,"Banditry, Plateau",2024-07-08,2024-07-08,3,2024,1,Plateau,North Central,1,8,Avoid Route,48,Low,1,10,High Risk
IBD030294,"Banditry, Zamfara",2024-07-08,2024-07-08,1,2024,1,Zamfara,North West,1,5,Caution,47,Low,1,7,Moderate Risk
IBD030191,"Auto Crash, Lagos",2024-07-08,2024-07-08,1,2024,1,Lagos,South West,0,0,Safe,98,High,5,5,Moderate Risk
IBD030185,"Gunmen Kill 4, Imo",2024-07-08,2024-07-08,4,2024,1,Imo,South East,1,8,Avoid Route,76,Moderate,3,12,Extreme Danger
IBD030207,"Army vs Kidnapper, Taraba",2024-07-08,2024-07-08,1,2024,1,Taraba,North East,1,5,Caution,46,Low,1,7,Moderate Risk
IBD030182,"Cult Killing, Akwa Ibom",2024-07-07,2024-07-07,1,2024,1,Akwa Ibom,South South,0,0,Safe,99,High,5,5,Moderate Risk
IBD030215,Vigilantes vs Bandits,2024-07-07,2024-07-07,2,2024,1,Unknown,,1,5,Caution,48,Low,1,7,Moderate Risk
IBD030186,"Cult Killing, Anambra",2024-07-07,2024-07-07,1,2024,1,Anambra,South East,0,0,Safe,56,Moderate,3,3,Low Risk
IBD030183,"Boat Mishap, Jigawa",2024-07-07,2024-07-07,2,2024,1,Jigawa,North West,0,0,Safe,27,Low,1,1,Low Risk
IBD030204,"Bandits Kill 2, Kaduna",2024-07-07,2024-07-07,3,2024,1,Kaduna,North West,1,8,Avoid Route,48,Low,1,10,High Risk
IBD030290,"Man vs Online Girlfriend, Oyo",2024-07-07,2024-07-07,1,2024,1,Oyo,South West,0,0,Safe,14,Low,1,1,Low Risk
IBD030435,"Cult Clash, Lagos",2024-07-07,2024-07-07,9,2024,1,Lagos,South West,0,3,Safe,87,High,5,8,High Risk
IBD030181,"Security Operatives vs Man, Abia",2024-07-07,2024-07-07,1,2024,1,Abia,South East,0,0,Safe,58,Moderate,3,3,Low Risk
IBD030184,"Cult Killing, Anambra",2024-07-07,2024-07-07,1,2024,1,Anambra,South East,0,0,Safe,68,Moderate,3,3,Low Risk
IBD030202,"Cult Clash, Oyo",2024-07-07,2024-07-07,1,2024,1,Oyo,South West,0,0,Safe,43,Low,1,1,Low Risk
IBD030438,"Cult Clash, Rivers",2024-07-07,2024-07-07,7,2024,1,Rivers,South South,0,3,Safe,88,High,5,8,High Risk
IBD030289,"IPOB/ESN vs Vigilante, Imo",2024-07-07,2024-07-07,4,2024,1,Imo,South East,0,3,Safe,58,Moderate,3,6,Moderate Risk
IBD030179,"Cult Killing, Lagos",2024-07-07,2024-07-07,2,2024,1,Lagos,South West,0,0,Safe,89,High,5,5,Moderate Risk
IBD030197,"Hoodlums vs Man, Edo",2024-07-07,2024-07-07,6,2024,1,Edo,South South,0,3,Safe,54,Moderate,3,6,Moderate Risk
IBD030195,"Tractor Driver, Yobe",2024-07-07,2024-07-07,1,2024,1,Yobe,North East,0,0,Safe,24,Low,1,1,Low Risk
IBD030187,"Cult Killing, Imo",2024-07-07,2024-07-07,4,2024,1,Imo,South East,0,3,Safe,70,Moderate,3,6,Moderate Risk
IBD030190,"Man kills Woman, Bauchi",2024-07-07,2024-07-07,1,2024,1,Bauchi,North East,0,0,Safe,32,Low,1,1,Low Risk
IBD030436,"Cult Killing, Lagos",2024-07-06,2024-07-06,3,2024,1,Lagos,South West,0,3,Safe,87,High,5,8,High Risk
IBD030175,"Engine Roller Kill Worker, Ogun",2024-07-06,2024-07-06,1,2024,1,Ogun,South West,0,0,Safe,55,Moderate,3,3,Low Risk
IBD030177,"Youths vs Kidnappers, Kwara",2024-07-06,2024-07-06,2,2024,1,Kwara,North Central,1,5,Caution,44,Low,1,7,Moderate Risk
IBD030170,"Gas Explosion, Ogun",2024-07-06,2024-07-06,2,2024,1,Ogun,South West,0,0,Safe,78,Moderate,3,3,Low Risk
IBD030176,"Gunmen Kill 3, Benue",2024-07-06,2024-07-06,3,2024,1,Benue,North Central,1,8,Avoid Route,27,Low,1,10,High Risk
IBD030268,"Hoodlums vs Man, Lagos",2024-07-06,2024-07-06,1,2024,1,Lagos,South West,0,0,Safe,96,High,5,5,Moderate Risk
IBD030174,"Extra Judicial Killing, Ogun",2024-07-06,2024-07-06,1,2024,1,Ogun,South West,0,0,Safe,54,Moderate,3,3,Low Risk
IBD030194,"Domestic Violence, FCT (Abuja)",2024-07-06,2024-07-06,1,2024,1,FCT,North Central,0,0,Safe,29,Low,1,1,Low Risk
IBD030167,"Robbers Kill Woman, Ekiti",2024-07-06,2024-07-06,1,2024,1,Ekiti,South West,0,0,Safe,17,Low,1,1,Low Risk
IBD030171,"Boko Haram vs Army, Borno",2024-07-06,2024-07-06,11,2024,1,Borno,North East,0,5,Caution,28,Low,1,6,Moderate Risk
IBD030192,"Banditry, Katsina",2024-07-06,2024-07-06,1,2024,1,Katsina,North West,1,5,Caution,28,Low,1,7,Moderate Risk
IBD030218,"Huter vs Trader, Kwara",2024-07-05,2024-07-05,1,2024,1,Kwara,North Central,0,0,Safe,32,Low,1,1,Low Risk
IBD030270,"Man vs Apprentice, Lagos",2024-07-05,2024-07-05,1,2024,1,Lagos,South West,0,0,Safe,86,High,5,5,Moderate Risk
IBD030173,"Police vs Kidnappers, Delta",2024-07-05,2024-07-05,1,2024,1,Delta,South South,1,5,Caution,89,High,5,11,High Risk
IBD030166,"Man vs Friend, Osun",2024-07-04,2024-07-04,2,2024,1,Osun,South West,0,0,Safe,47,Low,1,1,Low Risk
IBD030165,"Kidnappers vs Police, Lagos",2024-07-04,2024-07-04,9,2024,1,Lagos,South West,1,8,Avoid Route,98,High,5,14,Extreme Danger
IBD030196,"Corpse Found, FCT (Abuja)",2024-07-04,2024-07-04,1,2024,1,FCT,North Central,0,0,Safe,14,Low,1,1,Low Risk
IBD030155,"Cultists vs Final Year Student, Ogun",2024-07-04,2024-07-04,1,2024,1,Ogun,South West,0,0,Safe,76,Moderate,3,3,Low Risk
IBD030292,"Robbers vs Man, Oyo",2024-07-04,2024-07-04,2,2024,1,Oyo,South West,0,0,Safe,37,Low,1,1,Low Risk
IBD030200,"Bandits vs Army, Kaduna",2024-07-04,2024-07-04,5,2024,1,Kaduna,North West,1,8,Avoid Route,14,Low,1,10,High Risk
IBD030162,"Building Collapse, Anambra",2024-07-04,2024-07-04,8,2024,1,Anambra,South East,0,3,Safe,70,Moderate,3,6,Moderate Risk
IBD030159,"Student Stabs Colleague, Gombe",2024-07-03,2024-07-03,1,2024,1,Gombe,North East,0,0,Safe,16,Low,1,1,Low Risk
IBD030149,"Flooding, Lagos",2024-07-03,2024-07-03,1,2024,1,Lagos,South West,0,0,Safe,95,High,5,5,Moderate Risk
IBD030144,"Man vs Father, Delta",2024-07-03,2024-07-03,1,2024,1,Delta,South South,0,0,Safe,83,High,5,5,Moderate Risk
IBD030156,"Building Collapse, Lagos",2024-07-03,2024-07-03,1,2024,1,Lagos,South West,0,0,Safe,90,High,5,5,Moderate Risk
IBD030164,"Assailants vs Ex-convict, Ogun",2024-07-03,2024-07-03,1,2024,1,Ogun,South West,0,0,Safe,75,Moderate,3,3,Low Risk
IBD030150,"Community Leader, Delta",2024-07-03,2024-07-03,1,2024,1,Delta,South South,0,0,Safe,100,High,5,5,Moderate Risk
IBD030145,"Auto Crash, Oyo",2024-07-03,2024-07-03,1,2024,1,Oyo,South West,0,0,Safe,13,Low,1,1,Low Risk
IBD030157,"Army vs Boko Haram, Borno",2024-07-03,2024-07-03,10,2024,1,Borno,North East,0,5,Caution,23,Low,1,6,Moderate Risk
IBD030940,"Assailant vs Lady, Ogun",2024-07-03,2024-07-03,1,2024,1,Ogun,South West,0,0,Safe,66,Moderate,3,3,Low Risk
IBD030158,"Lightening, delta",2024-07-02,2024-07-02,2,2024,1,Delta,South South,0,0,Safe,86,High,5,5,Moderate Risk
IBD030147,"Farmers vs Herders, Jigawa",2024-07-02,2024-07-02,2,2024,1,Jigawa,North West,0,0,Safe,28,Low,1,1,Low Risk
IBD030141,"Banditry, Kaduna",2024-07-02,2024-07-02,1,2024,1,Kaduna,North West,1,5,Caution,12,Low,1,7,Moderate Risk
IBD030224,"Domestic Violence, Kebbi",2024-07-02,2024-07-02,1,2024,1,Kebbi,North West,0,0,Safe,22,Low,1,1,Low Risk
IBD030139,"Kidnap Victim, Kaduna",2024-07-02,2024-07-02,1,2024,1,Kaduna,North West,1,5,Caution,40,Low,1,7,Moderate Risk
IBD030135,"Bandits Kill Lecturer, Katsina",2024-07-02,2024-07-02,1,2024,1,Katsina,North West,1,5,Caution,16,Low,1,7,Moderate Risk
IBD030161,"Soldiers Kill 2 Terrorists, Kaduna",2024-07-02,2024-07-02,2,2024,1,Kaduna,North West,1,5,Caution,19,Low,1,7,Moderate Risk
IBD030153,"Fulani Herders Attack, Benue",2024-07-01,2024-07-01,2,2024,1,Benue,North Central,1,5,Caution,12,Low,1,7,Moderate Risk
IBD030136,"Work-Related Violence, Oyo",2024-07-01,2024-07-01,1,2024,1,Oyo,South West,0,0,Safe,15,Low,1,1,Low Risk
IBD030143,"Cult Clash, Benue",2024-07-01,2024-07-01,9,2024,1,Benue,North Central,0,3,Safe,29,Low,1,4,Moderate Risk
IBD030133,"Banditry, Kaduna",2024-07-01,2024-07-01,4,2024,1,Kaduna,North West,1,8,Avoid Route,45,Low,1,10,High Risk
IBD030134,"Auto Crash, Ogun",2024-07-01,2024-07-01,2,2024,1,Ogun,South West,0,0,Safe,76,Moderate,3,3,Low Risk
IBD030123,"Auto Crash, Kano",2024-07-01,2024-07-01,25,2024,1,Kano,North West,0,5,Caution,33,Low,1,6,Moderate Risk
IBD030154,"Gunmen Attack, Benue",2024-07-01,2024-07-01,1,2024,1,Benue,North Central,2,5,Caution,18,Low,1,8,High Risk
IBD030138,"Kidnap Victim, Katsina",2024-07-01,2024-07-01,5,2024,1,Katsina,North West,1,8,Avoid Route,37,Low,1,10,High Risk
IBD030152,"Gunmen Attack, Benue",2024-07-01,2024-07-01,3,2024,1,Benue,North Central,2,8,Avoid Route,48,Low,1,11,High Risk
IBD030118,"Auto Crash, FCT (Abuja)",2024-06-30,2024-06-30,11,2024,1,FCT,North Central,0,5,Caution,28,Low,1,6,Moderate Risk
IBD030114,"Boy Kill Friend, Niger",2024-06-30,2024-06-30,1,2024,1,Niger,North Central,0,0,Safe,41,Low,1,1,Low Risk
IBD030146,"Police vs Kidnappers, Ogun",2024-06-30,2024-06-30,2,2024,1,Ogun,South West,1,5,Caution,76,Moderate,3,9,High Risk
IBD030113,"Bandits vs Policemen, Katsina",2024-06-30,2024-06-30,5,2024,1,Katsina,North West,1,8,Avoid Route,18,Low,1,10,High Risk
IBD031964,"Farmer vs Herder, Adamawa",2024-06-30,2024-06-30,1,2024,1,Adamawa,North East,0,0,Safe,23,Low,1,1,Low Risk
IBD030129,"Auto Crash, Ogun",2024-06-30,2024-06-30,1,2024,1,Ogun,South West,0,0,Safe,59,Moderate,3,3,Low Risk
IBD030119,"Flooding, Yobe",2024-06-30,2024-06-30,3,2024,1,Yobe,North East,0,3,Safe,28,Low,1,4,Moderate Risk
IBD030127,"Police vs Bandits, Benue",2024-06-30,2024-06-30,2,2024,1,Benue,North Central,1,5,Caution,45,Low,1,7,Moderate Risk
IBD030115,"Auto Crash, Niger",2024-06-30,2024-06-30,2,2024,1,Niger,North Central,0,0,Safe,13,Low,1,1,Low Risk
IBD030116,"Police vs Kidnappers, Akwa Ibom",2024-06-30,2024-06-30,2,2024,1,Akwa Ibom,South South,1,5,Caution,86,High,5,11,High Risk
IBD030137,"Auto Crash, Borno",2024-06-30,2024-06-30,1,2024,1,Borno,North East,0,0,Safe,29,Low,1,1,Low Risk
IBD030121,"Banditry, FCT (Abuja)",2024-06-30,2024-06-30,1,2024,1,FCT,North Central,1,5,Caution,47,Low,1,7,Moderate Risk
IBD030111,"Drug Addict, Oyo",2024-06-29,2024-06-29,1,2024,1,Oyo,South West,0,0,Safe,12,Low,1,1,Low Risk
IBD030117,"Farmers vs Herders, Jigawa",2024-06-29,2024-06-29,8,2024,1,Jigawa,North West,0,3,Safe,35,Low,1,4,Moderate Risk
IBD030122,"NAF vs Terrorists, Niger",2024-06-29,2024-06-29,10,2024,1,Niger,North Central,1,10,Avoid Route,21,Low,1,12,Extreme Danger
IBD030108,"Boko Haram Suicide Attacks, Borno",2024-06-29,2024-06-29,32,2024,1,Borno,North East,1,10,Avoid Route,29,Low,1,12,Extreme Danger
IBD030109,"Auto Crash, Lagos",2024-06-29,2024-06-29,1,2024,1,Lagos,South West,0,0,Safe,80,High,5,5,Moderate Risk
IBD030120,"NAF vs Terrorists, Niger",2024-06-29,2024-06-29,40,2024,1,Niger,North Central,1,10,Avoid Route,20,Low,1,12,Extreme Danger
IBD030112,"Corpse Found, Lagos",2024-06-29,2024-06-29,1,2024,1,Lagos,South West,0,0,Safe,95,High,5,5,Moderate Risk
IBD030110,"Hoodlums Attack, Kano",2024-06-29,2024-06-29,2,2024,1,Kano,North West,1,5,Caution,12,Low,1,7,Moderate Risk
IBD030172,"Woman Murdered, Ogun",2024-06-29,2024-06-29,1,2024,1,Ogun,South West,0,0,Safe,58,Moderate,3,3,Low Risk
IBD030105,"Electrocution, Enugu",2024-06-28,2024-06-28,1,2024,1,Enugu,South East,0,0,Safe,66,Moderate,3,3,Low Risk
IBD030283,"DSS vs Kidnapper, Kaduna",2024-06-28,2024-06-28,1,2024,1,Kaduna,North West,1,5,Caution,36,Low,1,7,Moderate Risk
IBD030126,"Security Operatives Kill Herder, Plateau",2024-06-28,2024-06-28,1,2024,1,Plateau,North Central,0,0,Safe,25,Low,1,1,Low Risk
IBD029930,"Gunmen vs Policemen, Abia",2024-06-28,2024-06-28,2,2024,1,Abia,South East,1,5,Caution,54,Moderate,3,9,High Risk
IBD030131,"Banditry, Katsina",2024-06-28,2024-06-28,11,2024,1,Katsina,North West,1,10,Avoid Route,37,Low,1,12,Extreme Danger
IBD030102,"Auto Crash, Kano",2024-06-28,2024-06-28,14,2024,1,Kano,North West,0,5,Caution,25,Low,1,6,Moderate Risk
IBD030107,"Building Collapse, Kano",2024-06-27,2024-06-27,7,2024,1,Kano,North West,0,3,Safe,19,Low,1,4,Moderate Risk
IBD030101,"Troops Kill Terrorists, Sokoto",2024-06-27,2024-06-27,5,2024,1,Sokoto,North West,1,8,Avoid Route,11,Low,1,10,High Risk
IBD030106,"Gunmen Attack, Taraba",2024-06-27,2024-06-27,3,2024,1,Taraba,North East,2,8,Avoid Route,15,Low,1,11,High Risk
IBD030104,"Gunmen vs Traders, Imo",2024-06-27,2024-06-27,6,2024,1,Imo,South East,1,8,Avoid Route,75,Moderate,3,12,Extreme Danger
IBD030287,"Mob kill Mentally Challenged Man, Oyo",2024-06-27,2024-06-27,1,2024,1,Oyo,South West,0,0,Safe,11,Low,1,1,Low Risk
IBD030128,"Electrocution, Ogun",2024-06-27,2024-06-27,1,2024,1,Ogun,South West,0,0,Safe,78,Moderate,3,3,Low Risk
IBD030125,"Farmers vs Herders, Ogun",2024-06-27,2024-06-27,1,2024,1,Ogun,South West,0,0,Safe,78,Moderate,3,3,Low Risk
IBD030098,"Police vs Gunmen, Ebonyi",2024-06-26,2024-06-26,5,2024,1,Ebonyi,South East,1,8,Avoid Route,22,Low,1,10,High Risk
IBD030099,"Ritual Killing, Ogun",2024-06-26,2024-06-26,1,2024,1,Ogun,South West,0,0,Safe,78,Moderate,3,3,Low Risk
IBD030211,"Ex-boyfriend vs Lady, Kano",2024-06-26,2024-06-26,1,2024,1,Kano,North West,0,0,Safe,48,Low,1,1,Low Risk
IBD030089,"Explosion, Rivers",2024-06-25,2024-06-25,1,2024,1,Rivers,South South,0,0,Safe,95,High,5,5,Moderate Risk
IBD030091,"Students Drown, Kaduna",2024-06-25,2024-06-25,7,2024,1,Kaduna,North West,0,3,Safe,41,Low,1,4,Moderate Risk
IBD030094,"Bandits vs Vigilantes, Kaduna",2024-06-25,2024-06-25,3,2024,1,Kaduna,North West,1,8,Avoid Route,16,Low,1,10,High Risk
IBD030103,"Assailants Kill 2, Bauchi",2024-06-25,2024-06-25,2,2024,1,Bauchi,North East,0,0,Safe,31,Low,1,1,Low Risk
IBD030096,"Wife vs Husband, Yobe",2024-06-25,2024-06-25,1,2024,1,Yobe,North East,0,0,Safe,24,Low,1,1,Low Risk
IBD030085,"Rape Victim, Ebonyi",2024-06-25,2024-06-25,1,2024,1,Ebonyi,South East,0,0,Safe,25,Low,1,1,Low Risk
IBD030084,"Communal Clash, Nasarawa",2024-06-25,2024-06-25,6,2024,1,Nasarawa,North Central,0,3,Safe,42,Low,1,4,Moderate Risk
IBD030076,"Bandits Kill Lecture, Zamfara",2024-06-24,2024-06-24,1,2024,1,Zamfara,North West,1,5,Caution,24,Low,1,7,Moderate Risk
IBD030077,"Flood Incident, Ogun",2024-06-24,2024-06-24,1,2024,1,Ogun,South West,0,0,Safe,55,Moderate,3,3,Low Risk
IBD029957,"Auto Crash, Abia",2024-06-24,2024-06-24,1,2024,1,Abia,South East,0,0,Safe,61,Moderate,3,3,Low Risk
IBD030092,"Mining Pit Collapse, Bauchi",2024-06-24,2024-06-24,1,2024,1,Bauchi,North East,0,0,Safe,34,Low,1,1,Low Risk
IBD030093,"Auto Crash, Ogun",2024-06-24,2024-06-24,7,2024,1,Ogun,South West,0,3,Safe,53,Moderate,3,6,Moderate Risk
IBD030083,"Auto Crash, Abia",2024-06-24,2024-06-24,7,2024,1,Abia,South East,0,3,Safe,55,Moderate,3,6,Moderate Risk
IBD030376,"Kidnap Victim, Edo",2024-06-24,2024-06-24,1,2024,1,Edo,South South,1,5,Caution,54,Moderate,3,9,High Risk
IBD030095,"Auto Crash, Ogun",2024-06-24,2024-06-24,2,2024,1,Ogun,South West,0,0,Safe,75,Moderate,3,3,Low Risk
IBD030140,"Siblings Kill Man, Oyo",2024-06-23,2024-06-23,1,2024,1,Oyo,South West,0,0,Safe,38,Low,1,1,Low Risk
IBD030073,"Naval School Student, Kaduna",2024-06-23,2024-06-23,1,2024,1,Kaduna,North West,0,0,Safe,21,Low,1,1,Low Risk
IBD030097,"Police vs Fun-seeker, Enugu",2024-06-23,2024-06-23,1,2024,1,Enugu,South East,0,0,Safe,70,Moderate,3,3,Low Risk
IBD030078,"Electrocution, Lagos",2024-06-23,2024-06-23,1,2024,1,Lagos,South West,0,0,Safe,82,High,5,5,Moderate Risk
IBD030100,"Communal Clash, Osun",2024-06-23,2024-06-23,1,2024,1,Osun,South West,0,0,Safe,46,Low,1,1,Low Risk
IBD030081,"Banditary, Kaduna",2024-06-23,2024-06-23,5,2024,1,Kaduna,North West,1,8,Avoid Route,22,Low,1,10,High Risk
IBD030080,"Gunmen Kill 6, Benue",2024-06-23,2024-06-23,3,2024,1,Benue,North Central,1,8,Avoid Route,18,Low,1,10,High Risk
IBD030067,"Armed Robbery, FCT (Abuja)",2024-06-22,2024-06-22,1,2024,1,FCT,North Central,0,0,Safe,15,Low,1,1,Low Risk
IBD030071,"Banditry, Katsina",2024-06-22,2024-06-22,8,2024,1,Katsina,North West,1,8,Avoid Route,44,Low,1,10,High Risk
IBD030063,"Naval Officer vs Police Inspector, Lagos",2024-06-22,2024-06-22,1,2024,1,Lagos,South West,0,0,Safe,91,High,5,5,Moderate Risk
IBD030068,"Electrocution, Benue",2024-06-22,2024-06-22,1,2024,1,Benue,North Central,0,0,Safe,34,Low,1,1,Low Risk
IBD030075,"Police vs Kidnapper, Akwa Ibom",2024-06-22,2024-06-22,1,2024,1,Akwa Ibom,South South,1,5,Caution,91,High,5,11,High Risk
IBD030160,"Extra-Judicial Killing, FCT (Abuja)",2024-06-21,2024-06-21,1,2024,1,FCT,North Central,0,0,Safe,46,Low,1,1,Low Risk
IBD030060,"Army vs Bandit, Kaduna",2024-06-21,2024-06-21,30,2024,1,Kaduna,North West,1,10,Avoid Route,41,Low,1,12,Extreme Danger
IBD030072,"Assailants vs Man, Lagos",2024-06-21,2024-06-21,1,2024,1,Lagos,South West,0,0,Safe,91,High,5,5,Moderate Risk
IBD030528,"Police vs Man, Lagos",2024-06-21,2024-06-21,1,2024,1,Lagos,South West,0,0,Safe,80,High,5,5,Moderate Risk
IBD030069,"Cult Killing, Edo",2024-06-20,2024-06-20,1,2024,1,Edo,South South,0,0,Safe,56,Moderate,3,3,Low Risk
IBD030070,"Boat Mishap, Niger",2024-06-20,2024-06-20,2,2024,1,Niger,North Central,0,0,Safe,49,Low,1,1,Low Risk
IBD030049,"Gunmen Kill Man, Ekiti",2024-06-20,2024-06-20,1,2024,1,Ekiti,South West,1,5,Caution,22,Low,1,7,Moderate Risk
IBD030055,"Auto Crash, FCT (Abuja)",2024-06-20,2024-06-20,3,2024,1,FCT,North Central,0,3,Safe,43,Low,1,4,Moderate Risk
IBD030056,"Police vs Kidnapper, Delta",2024-06-20,2024-06-20,1,2024,1,Delta,South South,1,5,Caution,92,High,5,11,High Risk
IBD030074,"Boat Mishap, Niger",2024-06-20,2024-06-20,2,2024,1,Niger,North Central,0,0,Safe,10,Low,1,1,Low Risk
IBD030054,"Soldier vs Man, FCT (Abuja)",2024-06-20,2024-06-20,1,2024,1,FCT,North Central,0,0,Safe,48,Low,1,1,Low Risk
IBD030050,"Gunmen Kill Hawker, Ekiti",2024-06-20,2024-06-20,1,2024,1,Ekiti,South West,1,5,Caution,27,Low,1,7,Moderate Risk
IBD030058,"Boko Haram, Borno",2024-06-20,2024-06-20,1,2024,1,Borno,North East,0,0,Safe,31,Low,1,1,Low Risk
IBD030079,"Banditry, Kaduna",2024-06-20,2024-06-20,1,2024,1,Kaduna,North West,1,5,Caution,24,Low,1,7,Moderate Risk
IBD030057,"Assailant vs Mechanic, FCT (Abuja)",2024-06-20,2024-06-20,1,2024,1,FCT,North Central,0,0,Safe,29,Low,1,1,Low Risk
IBD030061,"Soldiers Kill Kidnapper, Kogi",2024-06-20,2024-06-20,1,2024,1,Kogi,North Central,1,5,Caution,39,Low,1,7,Moderate Risk
IBD030062,"Gunmen Kill 1, Ekiti",2024-06-19,2024-06-19,2,2024,1,Ekiti,South West,1,5,Caution,49,Low,1,7,Moderate Risk
IBD030059,"Flood Disaster, Kaduna",2024-06-19,2024-06-19,1,2024,1,Kaduna,North West,0,0,Safe,11,Low,1,1,Low Risk
IBD030052,"Medical Negligence, Ogun",2024-06-19,2024-06-19,1,2024,1,Ogun,South West,0,0,Safe,70,Moderate,3,3,Low Risk
IBD030047,"Mob vs Man, Bauchi",2024-06-19,2024-06-19,1,2024,1,Bauchi,North East,0,0,Safe,12,Low,1,1,Low Risk
IBD030053,"Hoodlums vs Vigilantes, Niger",2024-06-19,2024-06-19,1,2024,1,Niger,North Central,0,0,Safe,28,Low,1,1,Low Risk
IBD030041,"Gunmen Attack, Benue",2024-06-18,2024-06-18,6,2024,1,Benue,North Central,2,8,Avoid Route,31,Low,1,11,High Risk
IBD030032,"Political Violence, Rivers",2024-06-18,2024-06-18,2,2024,1,Rivers,South South,0,0,Safe,80,High,5,5,Moderate Risk
IBD030033,"Auto Crash, FCT (Abuja)",2024-06-18,2024-06-18,3,2024,1,FCT,North Central,0,3,Safe,21,Low,1,4,Moderate Risk
IBD030044,"Vigilante Leader, Kano",2024-06-18,2024-06-18,1,2024,1,Kano,North West,0,0,Safe,41,Low,1,1,Low Risk
IBD030090,"Auto Crash, Ogun",2024-06-18,2024-06-18,2,2024,1,Ogun,South West,0,0,Safe,52,Moderate,3,3,Low Risk
IBD030029,"Task Force vs Trader, Plateau",2024-06-18,2024-06-18,1,2024,1,Plateau,North Central,0,0,Safe,47,Low,1,1,Low Risk
IBD030040,"Auto Crash, Ogun",2024-06-18,2024-06-18,2,2024,1,Ogun,South West,0,0,Safe,73,Moderate,3,3,Low Risk
IBD030086,"Medical Quackery, Ogun",2024-06-18,2024-06-18,1,2024,1,Ogun,South West,0,0,Safe,77,Moderate,3,3,Low Risk
IBD030043,"Electrocution, Kwara",2024-06-18,2024-06-18,1,2024,1,Kwara,North Central,0,0,Safe,33,Low,1,1,Low Risk
IBD030028,"Banditry, Kaduna",2024-06-18,2024-06-18,6,2024,1,Kaduna,North West,1,8,Avoid Route,43,Low,1,10,High Risk
IBD030034,"Cult Killing/Political Violence, Rivers",2024-06-18,2024-06-18,1,2024,1,Rivers,South South,0,0,Safe,99,High,5,5,Moderate Risk
IBD030030,"Gunmen Kill Ticketer, Ekiti",2024-06-18,2024-06-18,1,2024,1,Ekiti,South West,1,5,Caution,34,Low,1,7,Moderate Risk
IBD030151,"Assailant vs Woman, Edo",2024-06-17,2024-06-17,1,2024,1,Edo,South South,0,0,Safe,74,Moderate,3,3,Low Risk
IBD030036,"Mob vs Man, Taraba",2024-06-17,2024-06-17,2,2024,1,Taraba,North East,0,0,Safe,22,Low,1,1,Low Risk
IBD029980,"Army vs Boko Haram, Borno",2024-06-17,2024-06-17,1,2024,1,Borno,North East,0,0,Safe,21,Low,1,1,Low Risk
IBD030027,"Gunmen Attack, Anambra",2024-06-17,2024-06-17,3,2024,1,Anambra,South East,2,8,Avoid Route,67,Moderate,3,13,Extreme Danger
IBD030005,"Gunmen vs Fishermen, Anambra",2024-06-17,2024-06-17,4,2024,1,Anambra,South East,1,8,Avoid Route,75,Moderate,3,12,Extreme Danger
IBD030024,"Gunmen Attack, Anambra",2024-06-17,2024-06-17,2,2024,1,Anambra,South East,2,5,Caution,64,Moderate,3,10,High Risk
IBD030088,"Auto Crash, Ogun",2024-06-17,2024-06-17,7,2024,1,Ogun,South West,0,3,Safe,57,Moderate,3,6,Moderate Risk
IBD030039,"Security Operatives vs Man, Delta",2024-06-16,2024-06-16,1,2024,1,Delta,South South,0,0,Safe,98,High,5,5,Moderate Risk
IBD030014,"Auto Crash, Ogun",2024-06-16,2024-06-16,2,2024,1,Ogun,South West,0,0,Safe,69,Moderate,3,3,Low Risk
IBD030011,"Gunmen Attack, Sokoto",2024-06-16,2024-06-16,6,2024,1,Sokoto,North West,2,8,Avoid Route,43,Low,1,11,High Risk
IBD030022,"Man vs Wife, Ogun",2024-06-16,2024-06-16,1,2024,1,Ogun,South West,0,0,Safe,74,Moderate,3,3,Low Risk
IBD030026,"Gunmen vs Businesswoman, Oyo",2024-06-16,2024-06-16,1,2024,1,Oyo,South West,1,5,Caution,27,Low,1,7,Moderate Risk
IBD030025,"Herders Attack, Taraba",2024-06-16,2024-06-16,14,2024,1,Taraba,North East,1,10,Avoid Route,23,Low,1,12,Extreme Danger
IBD030023,"Men vs Lady, FCT (Abuja)",2024-06-16,2024-06-16,1,2024,1,FCT,North Central,0,0,Safe,13,Low,1,1,Low Risk
IBD030017,"Auto Crash, Osun",2024-06-16,2024-06-16,3,2024,1,Osun,South West,0,3,Safe,49,Low,1,4,Moderate Risk
IBD030730,"Flooding, Kano",2024-06-16,2024-06-22,23,2024,1,Kano,North West,0,5,Caution,40,Low,1,6,Moderate Risk
IBD030021,"NAF vs Bandits, Katsina",2024-06-15,2024-06-15,87,2024,1,Katsina,North West,1,10,Avoid Route,26,Low,1,12,Extreme Danger
IBD030015,"Robbers vs DJ, FCT (Abuja)",2024-06-15,2024-06-15,1,2024,1,FCT,North Central,0,0,Safe,41,Low,1,1,Low Risk
IBD030019,"Police vs Kidnapper, Edo",2024-06-15,2024-06-15,1,2024,1,Edo,South South,1,5,Caution,68,Moderate,3,9,High Risk
IBD030020,"Soldiers vs Bandit, Kaduna",2024-06-15,2024-06-15,3,2024,1,Kaduna,North West,1,8,Avoid Route,26,Low,1,10,High Risk
IBD030142,"Inferno, Kano",2024-06-15,2024-06-15,5,2024,1,Kano,North West,0,3,Safe,37,Low,1,4,Moderate Risk
IBD030016,"Man vs Daughter, Delta",2024-06-15,2024-06-15,1,2024,1,Delta,South South,0,0,Safe,89,High,5,5,Moderate Risk
IBD030051,"Banditry, Kaduna",2024-06-15,2024-06-15,4,2024,1,Kaduna,North West,1,8,Avoid Route,11,Low,1,10,High Risk
IBD030045,"Bandits Kills Man, Kaduna",2024-06-15,2024-06-15,1,2024,1,Kaduna,North West,1,5,Caution,32,Low,1,7,Moderate Risk
IBD030048,"Assailants vs Journalist, FCT (Abuja)",2024-06-14,2024-06-14,1,2024,1,FCT,North Central,0,0,Safe,17,Low,1,1,Low Risk
IBD030010,"Herders vs Guards, Benue",2024-06-14,2024-06-14,2,2024,1,Benue,North Central,0,0,Safe,49,Low,1,1,Low Risk
IBD030007,"Man vs Mother, Ondo",2024-06-14,2024-06-14,1,2024,1,Ondo,South West,0,0,Safe,64,Moderate,3,3,Low Risk
IBD030064,"Gunmen vs Man, Ekiti",2024-06-14,2024-06-14,1,2024,1,Ekiti,South West,1,5,Caution,11,Low,1,7,Moderate Risk
IBD030046,"Kidnap Victim, Benue",2024-06-13,2024-06-13,1,2024,1,Benue,North Central,1,5,Caution,47,Low,1,7,Moderate Risk
IBD029995,"Banditry, Kaduna",2024-06-13,2024-06-13,36,2024,1,Kaduna,North West,1,10,Avoid Route,12,Low,1,12,Extreme Danger
IBD030035,"Assailant vs Graduate, Edo",2024-06-13,2024-06-13,1,2024,1,Edo,South South,0,0,Safe,75,Moderate,3,3,Low Risk
IBD030013,"Found Dead, Ondo",2024-06-13,2024-06-13,2,2024,1,Ondo,South West,0,0,Safe,50,Moderate,3,3,Low Risk
IBD030031,"Security Guard, Lagos",2024-06-13,2024-06-13,1,2024,1,Lagos,South West,0,0,Safe,82,High,5,5,Moderate Risk
IBD030037,"Assailants vs Security Guard, Lagos",2024-06-13,2024-06-13,1,2024,1,Lagos,South West,0,0,Safe,91,High,5,5,Moderate Risk
IBD030012,"Assailants vs Man, Oyo",2024-06-13,2024-06-13,1,2024,1,Oyo,South West,0,0,Safe,44,Low,1,1,Low Risk
IBD030002,"Bank Robbers, FCT (Abuja)",2024-06-13,2024-06-13,3,2024,1,FCT,North Central,0,3,Safe,36,Low,1,4,Moderate Risk
IBD030004,"Auto Crash, Kwara",2024-06-13,2024-06-13,19,2024,1,Kwara,North Central,0,5,Caution,49,Low,1,6,Moderate Risk
IBD030000,"Police Inspector vs Man, Kebbi",2024-06-13,2024-06-13,1,2024,1,Kebbi,North West,0,0,Safe,30,Low,1,1,Low Risk
IBD029999,"Landslide, Niger",2024-06-13,2024-06-13,3,2024,1,Niger,North Central,0,3,Safe,20,Low,1,4,Moderate Risk
IBD030008,"Police vs Bandits, FCT (Abuja)",2024-06-13,2024-06-13,1,2024,1,FCT,North Central,1,5,Caution,39,Low,1,7,Moderate Risk
IBD030003,"Army vs Bandits, Kaduna",2024-06-13,2024-06-13,6,2024,1,Kaduna,North West,1,8,Avoid Route,41,Low,1,10,High Risk
IBD030082,"Motorcyclist vs Guard, Lagos",2024-06-13,2024-06-13,1,2024,1,Lagos,South West,0,0,Safe,89,High,5,5,Moderate Risk
IBD030006,"Man Drowns, Ogun",2024-06-12,2024-06-12,1,2024,1,Ogun,South West,0,0,Safe,50,Moderate,3,3,Low Risk
IBD029990,"Boko Haram Attack, Niger",2024-06-12,2024-06-12,3,2024,1,Niger,North Central,1,8,Avoid Route,29,Low,1,10,High Risk
IBD029922,"Car Snatcher, Lagos",2024-06-12,2024-06-12,2,2024,1,Lagos,South West,0,0,Safe,93,High,5,5,Moderate Risk
IBD029989,"Police vs IPOB/ESN, Enugu",2024-06-12,2024-06-12,2,2024,1,Enugu,South East,0,0,Safe,73,Moderate,3,3,Low Risk
IBD029996,"Farmers vs Herders, Niger",2024-06-12,2024-06-12,3,2024,1,Niger,North Central,0,3,Safe,28,Low,1,4,Moderate Risk
IBD029992,"Building Collapse, Anambra",2024-06-12,2024-06-12,2,2024,1,Anambra,South East,0,0,Safe,61,Moderate,3,3,Low Risk
IBD029962,"Suspected Kidnapper, Benue",2024-06-11,2024-06-11,1,2024,1,Benue,North Central,1,5,Caution,37,Low,1,7,Moderate Risk
IBD029988,"NAF Airstrikes, Katsina",2024-06-11,2024-06-11,29,2024,1,Katsina,North West,0,5,Caution,29,Low,1,6,Moderate Risk
IBD029974,"Windstorm, Kebbi",2024-06-11,2024-06-11,1,2024,1,Kebbi,North West,0,0,Safe,10,Low,1,1,Low Risk
IBD029997,"Armed Robbers vs Rider Manager, Bayelsa",2024-06-11,2024-06-11,1,2024,1,Bayelsa,South South,0,0,Safe,87,High,5,5,Moderate Risk
IBD029972,"Windstorm, Kebbi",2024-06-11,2024-06-11,4,2024,1,Kebbi,North West,0,3,Safe,41,Low,1,4,Moderate Risk
IBD029983,"Banditry, Kaduna",2024-06-11,2024-06-11,1,2024,1,Kaduna,North West,1,5,Caution,21,Low,1,7,Moderate Risk
IBD029982,"Security Guard vs Man, Ogun",2024-06-11,2024-06-11,1,2024,1,Ogun,South West,0,0,Safe,51,Moderate,3,3,Low Risk
IBD029975,"Gunmen Attack, Imo",2024-06-11,2024-06-11,3,2024,1,Imo,South East,2,8,Avoid Route,62,Moderate,3,13,Extreme Danger
IBD029985,"Auto Crash, Enugu",2024-06-11,2024-06-11,4,2024,1,Enugu,South East,0,3,Safe,54,Moderate,3,6,Moderate Risk
IBD029960,"Banditry, Kaduna",2024-06-10,2024-06-10,2,2024,1,Kaduna,North West,1,5,Caution,48,Low,1,7,Moderate Risk
IBD029987,"Banditry, Zamfara",2024-06-10,2024-06-10,1,2024,1,Zamfara,North West,1,5,Caution,48,Low,1,7,Moderate Risk
IBD029970,"Mob vs Tricycle Thief, Akwa Ibom",2024-06-10,2024-06-10,1,2024,1,Akwa Ibom,South South,0,0,Safe,99,High,5,5,Moderate Risk
IBD029964,"Banditry, Katsina",2024-06-10,2024-06-10,28,2024,1,Katsina,North West,1,10,Avoid Route,38,Low,1,12,Extreme Danger
IBD029998,"Gunmen Attack, Delta",2024-06-10,2024-06-10,1,2024,1,Delta,South South,2,5,Caution,88,High,5,12,Extreme Danger
IBD029971,"Auto Crash, Bayelsa",2024-06-10,2024-06-10,4,2024,1,Bayelsa,South South,0,3,Safe,85,High,5,8,High Risk
IBD029966,"Soldiers vs Bandit, Niger",2024-06-10,2024-06-10,1,2024,1,Niger,North Central,1,5,Caution,37,Low,1,7,Moderate Risk
IBD029984,"Gunmen Attack, Katsina",2024-06-10,2024-06-10,50,2024,1,Katsina,North West,2,10,Avoid Route,38,Low,1,13,Extreme Danger
IBD029986,"Army vs Terrorist, Zamfara",2024-06-10,2024-06-10,2,2024,1,Zamfara,North West,1,5,Caution,47,Low,1,7,Moderate Risk
IBD030281,"Graduate, Anambra",2024-06-09,2024-06-09,1,2024,1,Anambra,South East,0,0,Safe,54,Moderate,3,3,Low Risk
IBD029977,"Corpse Found, Niger",2024-06-09,2024-06-09,2,2024,1,Niger,North Central,0,0,Safe,17,Low,1,1,Low Risk
IBD030018,"Assailant vs Bussinessman, Lagos",2024-06-09,2024-06-09,1,2024,1,Lagos,South West,0,0,Safe,92,High,5,5,Moderate Risk
IBD029965,"Soldiers vs Drivers, Kwara",2024-06-09,2024-06-09,1,2024,1,Kwara,North Central,0,0,Safe,24,Low,1,1,Low Risk
IBD030210,"Brother vs Dad, Adamawa",2024-06-09,2024-06-09,1,2024,1,Adamawa,North East,0,0,Safe,41,Low,1,1,Low Risk
IBD029991,"Vigilante vs Kidnapper, Edo",2024-06-09,2024-06-09,1,2024,1,Edo,South South,1,5,Caution,51,Moderate,3,9,High Risk
IBD029967,"Terrorists Attack, Katsina",2024-06-09,2024-06-10,65,2024,1,Katsina,North West,2,10,Avoid Route,20,Low,1,13,Extreme Danger
IBD029953,"Troops vs Banditry, Kaduna",2024-06-09,2024-06-09,5,2024,1,Kaduna,North West,1,8,Avoid Route,13,Low,1,10,High Risk
IBD029952,"Army vs IPOB, Abia",2024-06-08,2024-06-08,6,2024,1,Abia,South East,0,3,Safe,62,Moderate,3,6,Moderate Risk
IBD029976,"Banditry, Zamfara",2024-06-08,2024-06-08,2,2024,1,Zamfara,North West,1,5,Caution,47,Low,1,7,Moderate Risk
IBD029954,"Flooding, Niger",2024-06-08,2024-06-08,2,2024,1,Niger,North Central,0,0,Safe,36,Low,1,1,Low Risk
IBD029955,"Banditry, Kaduna",2024-06-08,2024-06-08,2,2024,1,Kaduna,North West,1,5,Caution,14,Low,1,7,Moderate Risk
IBD029958,"Building Collapse, Abia",2024-06-08,2024-06-08,5,2024,1,Abia,South East,0,3,Safe,58,Moderate,3,6,Moderate Risk
IBD030009,"Police vs Kidnapper, Kogi",2024-06-08,2024-06-08,1,2024,1,Kogi,North Central,1,5,Caution,47,Low,1,7,Moderate Risk
IBD029956,"Security Operatives vs Kidnapper, Edo",2024-06-08,2024-06-08,1,2024,1,Edo,South South,1,5,Caution,58,Moderate,3,9,High Risk
IBD029973,"Auto Crash, Lagos",2024-06-07,2024-06-07,4,2024,1,Lagos,South West,0,3,Safe,94,High,5,8,High Risk
IBD029950,"Police vs Bandits, Katsina",2024-06-07,2024-06-07,3,2024,1,Katsina,North West,1,8,Avoid Route,41,Low,1,10,High Risk
IBD029959,"Undergraduate Student, Akwa Ibom",2024-06-07,2024-06-07,1,2024,1,Akwa Ibom,South South,0,0,Safe,99,High,5,5,Moderate Risk
IBD029949,"Boundary Clash, Abia",2024-06-07,2024-06-07,1,2024,1,Abia,South East,0,0,Safe,65,Moderate,3,3,Low Risk
IBD029947,"Gunmen vs Politician, Enugu",2024-06-07,2024-06-07,1,2024,1,Enugu,South East,1,5,Caution,66,Moderate,3,9,High Risk
IBD029951,"Banditry, Katsina",2024-06-06,2024-06-06,5,2024,1,Katsina,North West,1,8,Avoid Route,19,Low,1,10,High Risk
IBD029939,"Banditry, Zamfara",2024-06-06,2024-06-06,12,2024,1,Zamfara,North West,1,10,Avoid Route,27,Low,1,12,Extreme Danger
IBD030038,"Ritual Killings, Ondo",2024-06-06,2024-06-19,10,2024,1,Ondo,South West,0,5,Caution,74,Moderate,3,8,High Risk
IBD029946,"Electrocution, Rivers",2024-06-06,2024-06-06,1,2024,1,Rivers,South South,0,0,Safe,82,High,5,5,Moderate Risk
IBD030042,"Assailants vs Security Guard, Lagos",2024-06-06,2024-06-06,1,2024,1,Lagos,South West,0,0,Safe,92,High,5,5,Moderate Risk
IBD029937,"Construction Workers Drown, Osun",2024-06-06,2024-06-06,2,2024,1,Osun,South West,0,0,Safe,34,Low,1,1,Low Risk
IBD030553,"Assailants vs Man, Lagos",2024-06-06,2024-06-06,1,2024,1,Lagos,South West,0,0,Safe,98,High,5,5,Moderate Risk
IBD029938,"Woman Dies, FCT (Abuja)",2024-06-06,2024-06-06,1,2024,1,FCT,North Central,0,0,Safe,19,Low,1,1,Low Risk
IBD030148,"Man Kill Farmer, Ondo",2024-06-06,2024-06-06,1,2024,1,Ondo,South West,0,0,Safe,54,Moderate,3,3,Low Risk
IBD029944,"Boko Haram Attack, Niger",2024-06-06,2024-06-06,12,2024,1,Niger,North Central,1,10,Avoid Route,20,Low,1,12,Extreme Danger
IBD029948,"Hunters vs Teenager, Adamawa",2024-06-05,2024-06-05,1,2024,1,Adamawa,North East,0,0,Safe,49,Low,1,1,Low Risk
IBD030932,"ISWAP Attack, Yobe",2024-06-05,2024-06-05,1,2024,1,Yobe,North East,1,5,Caution,40,Low,1,7,Moderate Risk
IBD029945,"Boko Haram vs Passengers, Borno",2024-06-05,2024-06-05,3,2024,1,Borno,North East,0,3,Safe,31,Low,1,4,Moderate Risk
IBD031334,"Kidnap Victim, Rivers",2024-06-05,2024-06-05,1,2024,1,Rivers,South South,1,5,Caution,98,High,5,11,High Risk
IBD029929,"Police vs Kidnappers, Plateau",2024-06-04,2024-06-04,2,2024,1,Plateau,North Central,1,5,Caution,46,Low,1,7,Moderate Risk
IBD029934,"Auto Crash, Ebonyi",2024-06-04,2024-06-04,1,2024,1,Ebonyi,South East,0,0,Safe,13,Low,1,1,Low Risk
IBD029979,"Auto Crash, Anambra",2024-06-04,2024-06-04,2,2024,1,Anambra,South East,0,0,Safe,78,Moderate,3,3,Low Risk
IBD029933,"Building Demolition, Akwa Ibom",2024-06-04,2024-06-04,2,2024,1,Akwa Ibom,South South,0,0,Safe,98,High,5,5,Moderate Risk
IBD029932,"Mob vs Motorcycle Thief, FCT (Abuja)",2024-06-04,2024-06-04,2,2024,1,FCT,North Central,0,0,Safe,43,Low,1,1,Low Risk
IBD029918,"Tanker Explosion, Rivers",2024-06-04,2024-06-04,3,2024,1,Rivers,South South,0,3,Safe,88,High,5,8,High Risk
IBD029940,"Banditry, Katsina",2024-06-04,2024-06-04,20,2024,1,Katsina,North West,1,10,Avoid Route,44,Low,1,12,Extreme Danger
IBD029942,"Banditry, Katsina",2024-06-04,2024-06-06,23,2024,1,Katsina,North West,1,10,Avoid Route,23,Low,1,12,Extreme Danger
IBD029927,"Gunmen Kills Two, Ebonyi",2024-06-03,2024-06-03,2,2024,1,Ebonyi,South East,1,5,Caution,25,Low,1,7,Moderate Risk
IBD029919,"Mining Site Collapses, Niger",2024-06-03,2024-06-03,2,2024,1,Niger,North Central,0,0,Safe,47,Low,1,1,Low Risk
IBD029920,"Security Operatives vs Smugglers, Lagos",2024-06-02,2024-06-02,1,2024,1,Lagos,South West,0,0,Safe,87,High,5,5,Moderate Risk
IBD029908,"Gunmen vs Monarch, Taraba",2024-06-02,2024-06-02,1,2024,1,Taraba,North East,1,5,Caution,25,Low,1,7,Moderate Risk
IBD029924,"Army vs Boko Terrorists, Borno",2024-06-02,2024-06-02,6,2024,1,Borno,North East,1,8,Avoid Route,47,Low,1,10,High Risk
IBD029915,"Gunmen Attack, Katsina",2024-06-02,2024-06-02,1,2024,1,Katsina,North West,2,5,Caution,33,Low,1,8,High Risk
IBD029943,"Domestic Violence, Imo",2024-06-02,2024-06-02,1,2024,1,Imo,South East,0,0,Safe,62,Moderate,3,3,Low Risk
IBD029906,"Auto Crash, Anambra",2024-06-02,2024-06-02,5,2024,1,Anambra,South East,0,3,Safe,50,Moderate,3,6,Moderate Risk
IBD029963,"Domestic Violence, Imo",2024-06-02,2024-06-02,1,2024,1,Imo,South East,0,0,Safe,72,Moderate,3,3,Low Risk
IBD029907,"Auto Crash, Ogun",2024-06-02,2024-06-02,1,2024,1,Ogun,South West,0,0,Safe,58,Moderate,3,3,Low Risk
IBD029931,"Gunmen Kill 5, Plateau",2024-06-02,2024-06-02,5,2024,1,Plateau,North Central,1,8,Avoid Route,12,Low,1,10,High Risk
IBD029914,"Army vs Rustlers, Kaduna",2024-06-02,2024-06-02,2,2024,1,Kaduna,North West,0,0,Safe,43,Low,1,1,Low Risk
IBD029911,"Assailants vs Housewife, Kano",2024-06-02,2024-06-02,1,2024,1,Kano,North West,0,0,Safe,47,Low,1,1,Low Risk
IBD029910,"Auto Crash, Lagos",2024-06-02,2024-06-02,1,2024,1,Lagos,South West,0,0,Safe,84,High,5,5,Moderate Risk
IBD029913,"Gang Kill Man, Ondo",2024-06-01,2024-06-01,1,2024,1,Ondo,South West,0,0,Safe,74,Moderate,3,3,Low Risk
IBD029917,"Landlord Dies, Ogun",2024-06-01,2024-06-01,1,2024,1,Ogun,South West,0,0,Safe,61,Moderate,3,3,Low Risk
IBD029898,"Auto Crash, Bauchi",2024-06-01,2024-06-01,2,2024,1,Bauchi,North East,0,0,Safe,37,Low,1,1,Low Risk
IBD029901,"Rainstorm Kills 4, Bauchi",2024-06-01,2024-06-01,4,2024,1,Bauchi,North East,0,3,Safe,30,Low,1,4,Moderate Risk
IBD029902,"Woman vs Husband, Ondo",2024-06-01,2024-06-01,1,2024,1,Ondo,South West,0,0,Safe,60,Moderate,3,3,Low Risk
IBD030001,"Kidnap Victim, Ebonyi",2024-06-01,2024-06-01,1,2024,1,Ebonyi,South East,1,5,Caution,33,Low,1,7,Moderate Risk
IBD029936,"Assailants Kills One, Delta",2024-06-01,2024-06-01,1,2024,1,Delta,South South,0,0,Safe,82,High,5,5,Moderate Risk
IBD029900,"Auto Crash, Anambra",2024-05-31,2024-05-31,1,2024,1,Anambra,South East,0,0,Safe,51,Moderate,3,3,Low Risk
IBD029916,"Police vs Armed Robber, Delta",2024-05-31,2024-05-31,1,2024,1,Delta,South South,0,0,Safe,89,High,5,5,Moderate Risk
IBD029896,"Youth vs Vigilante, Rivers",2024-05-31,2024-05-31,1,2024,1,Rivers,South South,0,0,Safe,100,High,5,5,Moderate Risk
IBD029887,"Gunmen Attack, Imo",2024-05-30,2024-05-30,2,2024,1,Imo,South East,2,5,Caution,69,Moderate,3,10,High Risk
IBD029888,"Banditry, Zamfara",2024-05-30,2024-05-30,1,2024,1,Zamfara,North West,1,5,Caution,12,Low,1,7,Moderate Risk
IBD029883,"IPOB vs Army, Abia",2024-05-30,2024-05-30,11,2024,1,Abia,South East,0,5,Caution,62,Moderate,3,8,High Risk
IBD029903,"Cult Clash, Edo",2024-05-30,2024-05-30,3,2024,1,Edo,South South,0,3,Safe,77,Moderate,3,6,Moderate Risk
IBD029897,"Electrocution, Benue",2024-05-30,2024-05-30,1,2024,1,Benue,North Central,0,0,Safe,39,Low,1,1,Low Risk
IBD029899,"Fulani Militants, Benue",2024-05-30,2024-05-30,20,2024,1,Benue,North Central,0,5,Caution,15,Low,1,6,Moderate Risk
IBD029885,"Auto Crash, Lagos",2024-05-30,2024-05-30,1,2024,1,Lagos,South West,0,0,Safe,100,High,5,5,Moderate Risk
IBD029925,"NAF vs Bandits, Kaduna",2024-05-30,2024-05-31,40,2024,1,Kaduna,North West,1,10,Avoid Route,19,Low,1,12,Extreme Danger
IBD029904,"Hoodlums vs Cyclist, FCT (Abuja)",2024-05-30,2024-05-30,1,2024,1,FCT,North Central,0,0,Safe,44,Low,1,1,Low Risk
IBD029894,"Banditry, Katsina",2024-05-30,2024-05-30,17,2024,1,Katsina,North West,1,10,Avoid Route,40,Low,1,12,Extreme Danger
IBD029891,"Electrocution, Rivers",2024-05-30,2024-05-30,1,2024,1,Rivers,South South,0,0,Safe,91,High,5,5,Moderate Risk
IBD029892,"Police vs Kidnapper, Sokoto",2024-05-29,2024-05-29,1,2024,1,Sokoto,North West,1,5,Caution,34,Low,1,7,Moderate Risk
IBD029881,"Banditry, Kaduna",2024-05-29,2024-05-29,12,2024,1,Kaduna,North West,1,10,Avoid Route,10,Low,1,12,Extreme Danger
IBD029878,"Police vs Kidnappers, Benue",2024-05-29,2024-05-29,3,2024,1,Benue,North Central,1,8,Avoid Route,47,Low,1,10,High Risk
IBD029884,"Troops vs Bandits, Kaduna",2024-05-29,2024-05-29,6,2024,1,Kaduna,North West,1,8,Avoid Route,27,Low,1,10,High Risk
IBD029872,"Police vs Kidnappers, Kogi",2024-05-28,2024-05-28,2,2024,1,Kogi,North Central,1,5,Caution,22,Low,1,7,Moderate Risk
IBD029875,"Policeman Kill 2, Ekiti",2024-05-28,2024-05-28,2,2024,1,Ekiti,South West,0,0,Safe,25,Low,1,1,Low Risk
IBD029912,"Gunmen Attack, Nasarawa",2024-05-28,2024-05-28,1,2024,1,Nasarawa,North Central,2,5,Caution,31,Low,1,8,High Risk
IBD029879,"Boko Haram Attack, Borno",2024-05-28,2024-05-28,33,2024,1,Borno,North East,1,10,Avoid Route,36,Low,1,12,Extreme Danger
IBD029893,"Auto Crash, Lagos",2024-05-28,2024-05-28,1,2024,1,Lagos,South West,0,0,Safe,85,High,5,5,Moderate Risk
IBD029889,"Policeman vs Driver, Bayelsa",2024-05-27,2024-05-27,1,2024,1,Bayelsa,South South,0,0,Safe,80,High,5,5,Moderate Risk
IBD029869,"Motorcyclist vs Police, Lagos",2024-05-27,2024-05-27,2,2024,1,Lagos,South West,0,0,Safe,84,High,5,5,Moderate Risk
IBD029877,"NAF Airstrikes, Katsina",2024-05-27,2024-05-27,30,2024,1,Katsina,North West,0,5,Caution,29,Low,1,6,Moderate Risk
IBD030351,"Man vs Minor, Oyo",2024-05-27,2024-05-27,1,2024,1,Oyo,South West,0,0,Safe,41,Low,1,1,Low Risk
IBD029876,"Banditry, Kaduna",2024-05-26,2024-05-26,3,2024,1,Kaduna,North West,1,8,Avoid Route,38,Low,1,10,High Risk
IBD029880,"Woman Dies, Lagos",2024-05-26,2024-05-26,1,2024,1,Lagos,South West,0,0,Safe,96,High,5,5,Moderate Risk
IBD029855,"Auto Crash, Ogun",2024-05-26,2024-05-26,4,2024,1,Ogun,South West,0,3,Safe,73,Moderate,3,6,Moderate Risk
IBD030939,"Assailant vs Lady, Ogun",2024-05-26,2024-05-26,1,2024,1,Ogun,South West,0,0,Safe,78,Moderate,3,3,Low Risk
IBD029858,"Mosque Collapse, Lagos",2024-05-26,2024-05-26,4,2024,1,Lagos,South West,0,3,Safe,91,High,5,8,High Risk
IBD029867,"Auto Crash, Lagos",2024-05-26,2024-05-26,3,2024,1,Lagos,South West,0,3,Safe,100,High,5,8,High Risk
IBD029864,"Bandits Kill 25, Katsina",2024-05-25,2024-05-26,25,2024,1,Katsina,North West,1,10,Avoid Route,46,Low,1,12,Extreme Danger
IBD029865,"Banditry, Katsina",2024-05-25,2024-05-25,15,2024,1,Katsina,North West,1,10,Avoid Route,43,Low,1,12,Extreme Danger
IBD030237,"Cult Killing, Ogun",2024-05-25,2024-05-25,1,2024,1,Ogun,South West,0,0,Safe,59,Moderate,3,3,Low Risk
IBD029861,"Kidnappers vs Students, Kogi",2024-05-25,2024-05-25,2,2024,1,Kogi,North Central,1,5,Caution,26,Low,1,7,Moderate Risk
IBD029868,"Gunmen Attack, Ebonyi",2024-05-25,2024-05-25,3,2024,1,Ebonyi,South East,2,8,Avoid Route,20,Low,1,11,High Risk
IBD029874,"Auto Crash, FCT (Abuja)",2024-05-25,2024-05-25,2,2024,1,FCT,North Central,0,0,Safe,16,Low,1,1,Low Risk
IBD029853,"Students Kill Colleague, Oyo",2024-05-25,2024-05-25,1,2024,1,Oyo,South West,0,0,Safe,12,Low,1,1,Low Risk
IBD029863,"Bandits Kill 16, Katsina",2024-05-25,2024-05-26,16,2024,1,Katsina,North West,1,10,Avoid Route,12,Low,1,12,Extreme Danger
IBD029852,"Lightening Kill 2, Lagos",2024-05-24,2024-05-24,2,2024,1,Lagos,South West,0,0,Safe,90,High,5,5,Moderate Risk
IBD029856,"Scavengers vs Man, Lagos",2024-05-24,2024-05-24,1,2024,1,Lagos,South West,0,0,Safe,91,High,5,5,Moderate Risk
IBD029848,"Assailant vs Woman, Sokoto",2024-05-24,2024-05-24,1,2024,1,Sokoto,North West,0,0,Safe,43,Low,1,1,Low Risk
IBD029851,"Banditry, Kaduna",2024-05-24,2024-05-24,6,2024,1,Kaduna,North West,1,8,Avoid Route,22,Low,1,10,High Risk
IBD029859,"Cult Killing, Ogun",2024-05-24,2024-05-25,3,2024,1,Ogun,South West,0,3,Safe,54,Moderate,3,6,Moderate Risk
IBD029862,"Banditry, Niger",2024-05-24,2024-05-24,8,2024,1,Niger,North Central,1,8,Avoid Route,40,Low,1,10,High Risk
IBD029847,"Gunmen Attack, Nasarawa",2024-05-23,2024-05-23,7,2024,1,Nasarawa,North Central,2,8,Avoid Route,37,Low,1,11,High Risk
IBD028052,"Auto Crash, Abia",2024-05-23,2023-05-23,4,2024,1,Abia,South East,0,3,Safe,54,Moderate,3,6,Moderate Risk
IBD029845,"Auto Crash, Kogi",2024-05-23,2024-05-23,5,2024,1,Kogi,North Central,0,3,Safe,19,Low,1,4,Moderate Risk
IBD029866,"Police vs Kidnappers, Kogi",2024-05-23,2024-05-23,1,2024,1,Kogi,North Central,1,5,Caution,32,Low,1,7,Moderate Risk
IBD029850,"Soldiers vs NDLEA Officer, Niger",2024-05-23,2024-05-23,1,2024,1,Niger,North Central,0,0,Safe,33,Low,1,1,Low Risk
IBD029857,"Extra-Judicial Killing, Rivers",2024-05-22,2024-05-22,1,2024,1,Rivers,South South,0,0,Safe,99,High,5,5,Moderate Risk
IBD029834,"Chinese Man Kills Lady, Abia",2024-05-22,2024-05-22,1,2024,1,Abia,South East,0,0,Safe,50,Moderate,3,3,Low Risk
IBD029840,"Banditry, Kaduna",2024-05-22,2024-05-22,1,2024,1,Kaduna,North West,1,5,Caution,46,Low,1,7,Moderate Risk
IBD029923,"Domestic Violence, Oyo",2024-05-22,2024-05-22,1,2024,1,Oyo,South West,0,0,Safe,29,Low,1,1,Low Risk
IBD029836,"Man Drowns, Lagos",2024-05-22,2024-05-22,1,2024,1,Lagos,South West,0,0,Safe,91,High,5,5,Moderate Risk
IBD029837,"Gunmen Kill 1, Ogun",2024-05-22,2024-05-22,1,2024,1,Ogun,South West,1,5,Caution,66,Moderate,3,9,High Risk
IBD029886,"Extra-Judicial Killing, FCT (Abuja)",2024-05-22,2024-05-22,1,2024,1,FCT,North Central,0,0,Safe,14,Low,1,1,Low Risk
IBD029835,"Policeman Kills Colleague, Plateau",2024-05-22,2024-05-22,1,2024,1,Plateau,North Central,0,0,Safe,20,Low,1,1,Low Risk
IBD029846,"Guards Kill Driver, Ondo",2024-05-22,2024-05-22,1,2024,1,Ondo,South West,0,0,Safe,74,Moderate,3,3,Low Risk
IBD029969,"Youths Clash, River",2024-05-22,2024-05-22,2,2024,1,Unknown,,0,0,Safe,42,Low,1,1,Low Risk
IBD029849,"Extra-Judicial, FCT (Abuja)",2024-05-22,2024-05-22,1,2024,1,FCT,North Central,0,0,Safe,22,Low,1,1,Low Risk
IBD029838,"Guest Dies, Lagos",2024-05-22,2024-05-22,1,2024,1,Lagos,South West,0,0,Safe,100,High,5,5,Moderate Risk
IBD029844,"Banditry, Katsina",2024-05-22,2024-05-22,1,2024,1,Katsina,North West,1,5,Caution,31,Low,1,7,Moderate Risk
IBD029871,"Domestic Violence, Edo",2024-05-22,2024-05-22,2,2024,1,Edo,South South,0,0,Safe,53,Moderate,3,3,Low Risk
IBD029841,"Auto Crash, Ondo",2024-05-22,2024-05-22,2,2024,1,Ondo,South West,0,0,Safe,69,Moderate,3,3,Low Risk
IBD030288,"IPOB/ESN vs Man, Imo",2024-05-21,2024-05-21,1,2024,1,Imo,South East,0,0,Safe,72,Moderate,3,3,Low Risk
IBD029909,"Gunmen Attack, Taraba",2024-05-21,2024-05-21,1,2024,1,Taraba,North East,2,5,Caution,35,Low,1,8,High Risk
IBD029843,"Bandit's Informants, Kaduna",2024-05-21,2024-05-21,2,2024,1,Kaduna,North West,1,5,Caution,47,Low,1,7,Moderate Risk
IBD029873,"Found Dead, Imo",2024-05-21,2024-05-21,1,2024,1,Imo,South East,0,0,Safe,68,Moderate,3,3,Low Risk
IBD030234,"Cult Killing, Ogun",2024-05-21,2024-05-21,1,2024,1,Ogun,South West,0,0,Safe,57,Moderate,3,3,Low Risk
IBD029839,"Assailants vs Man, Ogun",2024-05-21,2024-05-21,1,2024,1,Ogun,South West,0,0,Safe,75,Moderate,3,3,Low Risk
IBD029829,"Security Guard vs Man, Anambra",2024-05-21,2024-05-21,1,2024,1,Anambra,South East,0,0,Safe,65,Moderate,3,3,Low Risk
IBD029842,"Sachet Water Vendor, Niger",2024-05-21,2024-05-21,1,2024,1,Niger,North Central,0,0,Safe,33,Low,1,1,Low Risk
IBD029828,"Generator Fume Kill 7, Bayelsa",2024-05-21,2024-05-21,7,2024,1,Bayelsa,South South,0,3,Safe,85,High,5,8,High Risk
IBD030547,"Banditry, Plateau",2024-05-21,2024-05-21,40,2024,1,Plateau,North Central,1,10,Avoid Route,22,Low,1,12,Extreme Danger
IBD029833,"Auto Crash, Lagos",2024-05-21,2024-05-21,1,2024,1,Lagos,South West,0,0,Safe,82,High,5,5,Moderate Risk
IBD031487,"Sex Romp, Bayelsa",2024-05-21,2024-05-21,1,2024,1,Bayelsa,South South,0,0,Safe,90,High,5,5,Moderate Risk
IBD029817,"Communal Clash, Ebonyi",2024-05-20,2024-05-20,2,2024,1,Ebonyi,South East,0,0,Safe,13,Low,1,1,Low Risk
IBD030065,"Cult Clash, Kwara",2024-05-20,2024-05-20,2,2024,1,Kwara,North Central,0,0,Safe,47,Low,1,1,Low Risk
IBD029830,"Boko Haram/ISWAP vs Police, Borno",2024-05-20,2024-05-20,1,2024,1,Borno,North East,0,0,Safe,47,Low,1,1,Low Risk
IBD029854,"Student vs Teacher, Anambra",2024-05-20,2024-05-20,1,2024,1,Anambra,South East,0,0,Safe,59,Moderate,3,3,Low Risk
IBD029905,"Businessman, Lagos",2024-05-20,2024-05-20,1,2024,1,Lagos,South West,0,0,Safe,93,High,5,5,Moderate Risk
IBD029820,"Gunmen vs Traditional Ruler, Niger",2024-05-19,2024-05-19,1,2024,1,Niger,North Central,1,5,Caution,48,Low,1,7,Moderate Risk
IBD029824,"Community Leader, Akwa Ibom",2024-05-19,2024-05-19,1,2024,1,Akwa Ibom,South South,0,0,Safe,95,High,5,5,Moderate Risk
IBD029821,"Assailants vs Man, Oyo",2024-05-19,2024-05-19,2,2024,1,Oyo,South West,0,0,Safe,27,Low,1,1,Low Risk
IBD029815,"Gunmen vs Vigilantes, Kogi",2024-05-19,2024-05-19,2,2024,1,Kogi,North Central,1,5,Caution,18,Low,1,7,Moderate Risk
IBD029784,"Police vs Kidnapper, Delta",2024-05-19,2024-05-19,1,2024,1,Delta,South South,1,5,Caution,98,High,5,11,High Risk
IBD029818,"Gunmen Kill 2, Anambra",2024-05-19,2024-05-19,1,2024,1,Anambra,South East,1,5,Caution,67,Moderate,3,9,High Risk
IBD031178,"Extra-Judicial Killing, Benue",2024-05-19,2024-05-19,1,2024,1,Benue,North Central,0,0,Safe,17,Low,1,1,Low Risk
IBD029822,"Electrocution, Lagos",2024-05-19,2024-05-19,2,2024,1,Lagos,South West,0,0,Safe,100,High,5,5,Moderate Risk
IBD029816,"Gunmen Attack, Kaduna",2024-05-19,2024-05-19,6,2024,1,Kaduna,North West,2,8,Avoid Route,46,Low,1,11,High Risk
IBD029812,"Army vs Boko Haram, Borno",2024-05-18,2024-05-18,7,2024,1,Borno,North East,0,3,Safe,21,Low,1,4,Moderate Risk
IBD029806,"Auto Crash, Taraba",2024-05-18,2024-05-18,6,2024,1,Taraba,North East,0,3,Safe,11,Low,1,4,Moderate Risk
IBD029800,"Auto Crash, Imo",2024-05-18,2024-05-18,6,2024,1,Imo,South East,0,3,Safe,61,Moderate,3,6,Moderate Risk
IBD029981,"Army vs Boko Haram, Borno",2024-05-18,2024-05-18,2,2024,1,Borno,North East,0,0,Safe,45,Low,1,1,Low Risk
IBD029832,"Security Operatives vs Bandits, Plateau",2024-05-18,2024-05-18,16,2024,1,Plateau,North Central,1,10,Avoid Route,35,Low,1,12,Extreme Danger
IBD029926,"Bandits vs Sarkin Hausawa's Son, Kaduna",2024-05-18,2024-05-18,1,2024,1,Kaduna,North West,1,5,Caution,46,Low,1,7,Moderate Risk
IBD029809,"Man vs Friend, Lagos",2024-05-18,2024-05-18,1,2024,1,Lagos,South West,0,0,Safe,81,High,5,5,Moderate Risk
IBD029978,"Army vs Terrorists, Zamfara",2024-05-18,2024-05-18,2,2024,1,Zamfara,North West,1,5,Caution,44,Low,1,7,Moderate Risk
IBD029808,"Land Dispute, Ekiti",2024-05-18,2024-05-18,1,2024,1,Ekiti,South West,0,0,Safe,48,Low,1,1,Low Risk
IBD029805,"Auto Crash, Osun",2024-05-18,2024-05-18,4,2024,1,Osun,South West,0,3,Safe,47,Low,1,4,Moderate Risk
IBD029819,"Fire outbreak, Anambra",2024-05-18,2024-05-18,1,2024,1,Anambra,South East,0,0,Safe,76,Moderate,3,3,Low Risk
IBD030236,"Cult Killing, Ogun",2024-05-18,2024-05-18,1,2024,1,Ogun,South West,0,0,Safe,77,Moderate,3,3,Low Risk
IBD029807,"Army Kill 3, Imo",2024-05-17,2024-05-17,3,2024,1,Imo,South East,0,3,Safe,57,Moderate,3,6,Moderate Risk
IBD029941,"Youth Clash, Niger",2024-05-17,2024-05-17,1,2024,1,Niger,North Central,0,0,Safe,42,Low,1,1,Low Risk
IBD029804,"Building Collapse, Niger",2024-05-17,2024-05-17,25,2024,1,Niger,North Central,0,5,Caution,18,Low,1,6,Moderate Risk
IBD029802,"Communal Clash, Ebonyi",2024-05-17,2024-05-17,2,2024,1,Ebonyi,South East,0,0,Safe,33,Low,1,1,Low Risk
IBD029813,"Hoodlums vs Man, Niger",2024-05-17,2024-05-17,1,2024,1,Niger,North Central,0,0,Safe,32,Low,1,1,Low Risk
IBD030193,"Medical Negligence, Ogun",2024-05-17,2024-05-17,1,2024,1,Ogun,South West,0,0,Safe,58,Moderate,3,3,Low Risk
IBD029801,"Electrocution, Bayelsa",2024-05-17,2024-05-17,1,2024,1,Bayelsa,South South,0,0,Safe,97,High,5,5,Moderate Risk
IBD030168,"Kidnappers vs Man, Delta",2024-05-17,2024-05-17,1,2024,1,Delta,South South,1,5,Caution,88,High,5,11,High Risk
IBD029814,"Police vs Bandit, Kaduna",2024-05-17,2024-05-17,2,2024,1,Kaduna,North West,1,5,Caution,23,Low,1,7,Moderate Risk
IBD020679,"Auto Crash, Oyo",2024-05-17,2024-05-17,7,2024,1,Oyo,South West,0,3,Safe,38,Low,1,4,Moderate Risk
IBD029794,"Auto Crash, Oyo",2024-05-16,2024-05-16,7,2024,1,Oyo,South West,0,3,Safe,32,Low,1,4,Moderate Risk
IBD029795,"One Killed, Oyo",2024-05-16,2024-05-16,1,2024,1,Oyo,South West,0,0,Safe,23,Low,1,1,Low Risk
IBD029803,"Gunmen Attack, Abia",2024-05-16,2024-05-16,2,2024,1,Abia,South East,2,5,Caution,67,Moderate,3,10,High Risk
IBD029799,"Gunmen vs Guard, Oyo",2024-05-16,2024-05-16,1,2024,1,Oyo,South West,1,5,Caution,23,Low,1,7,Moderate Risk
IBD029793,"Auto Crash, Abia",2024-05-16,2024-05-16,13,2024,1,Abia,South East,0,5,Caution,64,Moderate,3,8,High Risk
IBD029831,"Woman Found Dead, FCT (Abuja)",2024-05-16,2024-05-16,1,2024,1,FCT,North Central,0,0,Safe,47,Low,1,1,Low Risk
IBD029789,"Seminarian vs Housewife, Imo",2024-05-16,2024-05-16,1,2024,1,Imo,South East,0,0,Safe,78,Moderate,3,3,Low Risk
IBD029797,"Bandits Kill 2, Kaduna",2024-05-15,2024-05-15,2,2024,1,Kaduna,North West,1,5,Caution,20,Low,1,7,Moderate Risk
IBD029796,"Cult Clash, Benue",2024-05-15,2024-05-15,2,2024,1,Benue,North Central,0,0,Safe,10,Low,1,1,Low Risk
IBD029777,"Man vs Girlfriend, Akwa Ibom",2024-05-14,2024-05-14,1,2024,1,Akwa Ibom,South South,0,0,Safe,96,High,5,5,Moderate Risk
IBD029783,"Mosque Attack, Kano",2024-05-14,2024-05-14,19,2024,1,Kano,North West,1,10,Avoid Route,32,Low,1,12,Extreme Danger
IBD029788,"Seminarian vs Housewife, Abia",2024-05-14,2024-05-14,1,2024,1,Abia,South East,0,0,Safe,76,Moderate,3,3,Low Risk
IBD030169,"Man vs Woman, Rivers",2024-05-14,2024-05-14,1,2024,1,Rivers,South South,0,0,Safe,95,High,5,5,Moderate Risk
IBD029792,"Extrajudicial Killing, Anambra",2024-05-14,2024-05-14,1,2024,1,Anambra,South East,0,0,Safe,59,Moderate,3,3,Low Risk
IBD029785,"Cult Clash, Ogun",2024-05-14,2024-05-14,1,2024,1,Ogun,South West,0,0,Safe,67,Moderate,3,3,Low Risk
IBD029786,"Scavengers Killed 3, FCT (Abuja)",2024-05-14,2024-05-14,3,2024,1,FCT,North Central,0,3,Safe,13,Low,1,4,Moderate Risk
IBD029787,"Herdsmen vs Residents, Benue",2024-05-14,2024-05-14,10,2024,1,Benue,North Central,1,10,Avoid Route,47,Low,1,12,Extreme Danger
IBD030163,"Sex Romp, Rivers",2024-05-14,2024-05-14,1,2024,1,Rivers,South South,0,0,Safe,86,High,5,5,Moderate Risk
IBD029779,"Hoodlums Kill Beggar, Osun",2024-05-13,2024-05-13,1,2024,1,Osun,South West,0,0,Safe,28,Low,1,1,Low Risk
IBD029772,"Domestic Violence, Anambra",2024-05-13,2024-05-13,1,2024,1,Anambra,South East,0,0,Safe,68,Moderate,3,3,Low Risk
IBD029781,"Banditry, Zamfara",2024-05-13,2024-05-13,150,2024,1,Zamfara,North West,1,10,Avoid Route,19,Low,1,12,Extreme Danger
IBD029790,"Army vs Terrorists, Borno",2024-05-13,2024-05-13,1,2024,1,Borno,North East,1,5,Caution,16,Low,1,7,Moderate Risk
IBD029827,"Gunmen Attack, Plateau",2024-05-13,2024-05-13,46,2024,1,Plateau,North Central,2,10,Avoid Route,34,Low,1,13,Extreme Danger
IBD029750,"Banditry, Niger",2024-05-13,2024-05-13,2,2024,1,Niger,North Central,1,5,Caution,37,Low,1,7,Moderate Risk
IBD029780,"Army vs Boko Haram, Borno",2024-05-13,2024-05-13,1,2024,1,Borno,North East,0,0,Safe,46,Low,1,1,Low Risk
IBD029768,"Gunmen vs PoS Operator, Ogun",2024-05-12,2024-05-12,1,2024,1,Ogun,South West,1,5,Caution,66,Moderate,3,9,High Risk
IBD029771,"Bandits Kill Soldier, Kaduna",2024-05-12,2024-05-12,1,2024,1,Kaduna,North West,1,5,Caution,45,Low,1,7,Moderate Risk
IBD029764,"Generator Fume, Delta",2024-05-12,2024-05-12,2,2024,1,Delta,South South,0,0,Safe,86,High,5,5,Moderate Risk
IBD029770,"Banditry, Katsina",2024-05-12,2024-05-12,46,2024,1,Katsina,North West,1,10,Avoid Route,18,Low,1,12,Extreme Danger
IBD029775,"Rival Gangs, Kano",2024-05-12,2024-05-12,3,2024,1,Kano,North West,0,3,Safe,16,Low,1,4,Moderate Risk
IBD029765,"Kidnappers vs Travelers, Oyo",2024-05-12,2024-05-12,1,2024,1,Oyo,South West,1,5,Caution,15,Low,1,7,Moderate Risk
IBD029773,"Gunmen Kill Pregnant Woman and Others, Benue",2024-05-12,2024-05-12,11,2024,1,Benue,North Central,1,10,Avoid Route,24,Low,1,12,Extreme Danger
IBD029774,"Train Crash, Delta",2024-05-12,2024-05-12,1,2024,1,Delta,South South,0,0,Safe,100,High,5,5,Moderate Risk
IBD029763,"Hoodlums Attack, Edo",2024-05-12,2024-05-12,1,2024,1,Edo,South South,1,5,Caution,65,Moderate,3,9,High Risk
IBD029778,"Terrorists vs Army, Zamfara",2024-05-12,2024-05-12,4,2024,1,Zamfara,North West,1,8,Avoid Route,30,Low,1,10,High Risk
IBD029810,"Communal Clash, Ebonyi",2024-05-12,2024-05-12,1,2024,1,Ebonyi,South East,0,0,Safe,22,Low,1,1,Low Risk
IBD029776,"Fulani Militia Kill Man, Plateau",2024-05-12,2024-05-12,1,2024,1,Plateau,North Central,0,0,Safe,46,Low,1,1,Low Risk
IBD029766,"Army vs Bandits, Kaduna",2024-05-12,2024-05-12,4,2024,1,Kaduna,North West,1,8,Avoid Route,16,Low,1,10,High Risk
IBD029738,"Auto Crash, Ogun",2024-05-11,2024-05-11,3,2024,1,Ogun,South West,0,3,Safe,72,Moderate,3,6,Moderate Risk
IBD029758,"Gas Explosion, Lagos",2024-05-11,2024-05-11,11,2024,1,Lagos,South West,0,5,Caution,91,High,5,10,High Risk
IBD029756,"Auto Crash, Lagos",2024-05-11,2024-05-11,1,2024,1,Lagos,South West,0,0,Safe,90,High,5,5,Moderate Risk
IBD029754,"Fulani Herders vs Farmers, Benue",2024-05-10,2024-05-10,4,2024,1,Benue,North Central,0,3,Safe,32,Low,1,4,Moderate Risk
IBD029739,"Auto Crash, Kano",2024-05-10,2024-05-10,1,2024,1,Kano,North West,0,0,Safe,10,Low,1,1,Low Risk
IBD029748,"Tanker Explosion, Lagos",2024-05-10,2024-05-10,2,2024,1,Lagos,South West,0,0,Safe,98,High,5,5,Moderate Risk
IBD029757,"Gunmen vs Security Operatives, Enugu",2024-05-10,2024-05-10,4,2024,1,Enugu,South East,1,8,Avoid Route,59,Moderate,3,12,Extreme Danger
IBD029767,"Communal Clash, Abia",2024-05-10,2024-05-11,1,2024,1,Abia,South East,0,0,Safe,67,Moderate,3,3,Low Risk
IBD029760,"Herdsmen Attack, Benue",2024-05-10,2024-05-10,4,2024,1,Benue,North Central,2,8,Avoid Route,16,Low,1,11,High Risk
IBD029751,"Gunmen vs FIRS Official, FCT (Abuja)",2024-05-10,2024-05-10,1,2024,1,FCT,North Central,1,5,Caution,22,Low,1,7,Moderate Risk
IBD029747,"IPOB/ESN vs Police, Enugu",2024-05-10,2024-05-10,3,2024,1,Enugu,South East,0,3,Safe,63,Moderate,3,6,Moderate Risk
IBD030231,"Cult Killing, Ogun",2024-05-10,2024-05-10,1,2024,1,Ogun,South West,0,0,Safe,61,Moderate,3,3,Low Risk
IBD029753,"Bandits Kill 2, Sokoto",2024-05-10,2024-05-10,2,2024,1,Sokoto,North West,1,5,Caution,47,Low,1,7,Moderate Risk
IBD029882,"Domestic Violence, Ondo",2024-05-10,2024-05-10,1,2024,1,Ondo,South West,0,0,Safe,62,Moderate,3,3,Low Risk
IBD029685,"Decomposing Corpse, Kaduna",2024-05-10,2024-05-10,1,2024,1,Kaduna,North West,0,0,Safe,38,Low,1,1,Low Risk
IBD029791,"Decomposing Corpse, Kaduna",2024-05-10,2024-05-10,3,2024,1,Kaduna,North West,0,3,Safe,20,Low,1,4,Moderate Risk
IBD029782,"Communal Crisis, Benue",2024-05-10,2024-05-11,4,2024,1,Benue,North Central,0,3,Safe,42,Low,1,4,Moderate Risk
IBD029740,"Banditry, Zamfara",2024-05-09,2024-05-09,18,2024,1,Zamfara,North West,1,10,Avoid Route,36,Low,1,12,Extreme Danger
IBD029729,"Communal Dispute, Delta",2024-05-09,2024-05-09,1,2024,1,Delta,South South,0,0,Safe,96,High,5,5,Moderate Risk
IBD029741,"Farmers vs Banditry, Zamfara",2024-05-09,2024-05-09,20,2024,1,Zamfara,North West,1,10,Avoid Route,34,Low,1,12,Extreme Danger
IBD030230,"Cult Killing, Ogun",2024-05-08,2024-05-08,1,2024,1,Ogun,South West,0,0,Safe,67,Moderate,3,3,Low Risk
IBD029745,"Kidnappers Kill Man, Taraba",2024-05-08,2024-05-08,1,2024,1,Taraba,North East,1,5,Caution,26,Low,1,7,Moderate Risk
IBD029762,"Auto Crash, Ogun",2024-05-08,2024-05-08,1,2024,1,Ogun,South West,0,0,Safe,75,Moderate,3,3,Low Risk
IBD029742,"Gunmen vs Herders, Plateau",2024-05-08,2024-05-08,2,2024,1,Plateau,North Central,1,5,Caution,13,Low,1,7,Moderate Risk
IBD029744,"Generator Fume Kill 3, Delta",2024-05-08,2024-05-08,3,2024,1,Delta,South South,0,3,Safe,84,High,5,8,High Risk
IBD029735,"Banditry vs Football Fans, Kaduna",2024-05-08,2024-05-08,3,2024,1,Kaduna,North West,1,8,Avoid Route,34,Low,1,10,High Risk
IBD029732,"Student Dies, Plateau",2024-05-08,2024-05-08,1,2024,1,Plateau,North Central,0,0,Safe,21,Low,1,1,Low Risk
IBD029761,"Communal Clash, Benue",2024-05-07,2024-05-07,1,2024,1,Benue,North Central,0,0,Safe,49,Low,1,1,Low Risk
IBD029730,"Gas Explosion, Lagos",2024-05-07,2024-05-07,2,2024,1,Lagos,South West,0,0,Safe,99,High,5,5,Moderate Risk
IBD029723,"Domestic Violence, Delta",2024-05-07,2024-05-07,1,2024,1,Delta,South South,0,0,Safe,98,High,5,5,Moderate Risk
IBD029734,"Gunmen Kill 5, Plateau",2024-05-07,2024-05-07,4,2024,1,Plateau,North Central,1,8,Avoid Route,46,Low,1,10,High Risk
IBD029728,"Inmate Dies, FCT (Abuja)",2024-05-07,2024-05-07,1,2024,1,FCT,North Central,0,0,Safe,29,Low,1,1,Low Risk
IBD029721,"Hawkers Clash, Lagos",2024-05-07,2024-05-07,1,2024,1,Lagos,South West,0,0,Safe,85,High,5,5,Moderate Risk
IBD029736,"Robber Kill 2, Ogun",2024-05-07,2024-05-07,1,2024,1,Ogun,South West,0,0,Safe,55,Moderate,3,3,Low Risk
IBD029752,"Banditry, Zamfara",2024-05-07,2024-05-11,49,2024,1,Zamfara,North West,1,10,Avoid Route,44,Low,1,12,Extreme Danger
IBD029722,"Kidnappers, Ogun",2024-05-07,2024-05-07,3,2024,1,Ogun,South West,1,8,Avoid Route,72,Moderate,3,12,Extreme Danger
IBD029737,"Found Dead, Ogun",2024-05-07,2024-05-07,1,2024,1,Ogun,South West,0,0,Safe,74,Moderate,3,3,Low Risk
IBD029731,"2 Died, Delta",2024-05-07,2024-05-07,2,2024,1,Delta,South South,0,0,Safe,97,High,5,5,Moderate Risk
IBD029718,"Man vs Co-worker, Ondo",2024-05-06,2024-05-06,1,2024,1,Ondo,South West,0,0,Safe,69,Moderate,3,3,Low Risk
IBD029711,"Herbal Concoction, Ondo",2024-05-06,2024-05-06,2,2024,1,Ondo,South West,0,0,Safe,63,Moderate,3,3,Low Risk
IBD029717,"Gunmen Kill 3, Edo",2024-05-06,2024-05-06,3,2024,1,Edo,South South,1,8,Avoid Route,67,Moderate,3,12,Extreme Danger
IBD029719,"Banditry, Zamfara",2024-05-06,2024-05-06,9,2024,1,Zamfara,North West,1,8,Avoid Route,46,Low,1,10,High Risk
IBD029726,"Suspected Herders Kill NSCDC Officer, Benue",2024-05-06,2024-05-06,1,2024,1,Benue,North Central,0,0,Safe,16,Low,1,1,Low Risk
IBD029716,"Terrorists Attack, Katsina",2024-05-06,2024-05-06,1,2024,1,Katsina,North West,2,5,Caution,18,Low,1,8,High Risk
IBD029724,"Windstorm, Gombe",2024-05-06,2024-05-06,1,2024,1,Gombe,North East,0,0,Safe,49,Low,1,1,Low Risk
IBD029935,"Auto Crash, Ebonyi",2024-05-05,2024-05-05,1,2024,1,Ebonyi,South East,0,0,Safe,17,Low,1,1,Low Risk
IBD029710,"Banditry, Kaduna",2024-05-05,2024-05-05,6,2024,1,Kaduna,North West,1,8,Avoid Route,35,Low,1,10,High Risk
IBD029689,"Tanker Explosion, Delta",2024-05-04,2024-05-04,8,2024,1,Delta,South South,0,3,Safe,99,High,5,8,High Risk
IBD029733,"Vigilante vs Police Officer, Taraba",2024-05-04,2024-05-04,1,2024,1,Taraba,North East,0,0,Safe,21,Low,1,1,Low Risk
IBD029720,"Army vs Bandits, Kaduna",2024-05-04,2024-05-04,2,2024,1,Kaduna,North West,1,5,Caution,32,Low,1,7,Moderate Risk
IBD029699,"Boko Haram Explosion, Borno",2024-05-04,2024-05-04,4,2024,1,Borno,North East,0,3,Safe,31,Low,1,4,Moderate Risk
IBD029692,"Banditry, katisna",2024-05-04,2024-05-04,3,2024,1,Unknown,,1,8,Avoid Route,36,Low,1,10,High Risk
IBD029743,"Man vs Friend, Kano",2024-05-04,2024-05-04,1,2024,1,Kano,North West,0,0,Safe,13,Low,1,1,Low Risk
IBD029703,"Gunmen vs Monarch, Ebonyi",2024-05-03,2024-05-03,1,2024,1,Ebonyi,South East,1,5,Caution,36,Low,1,7,Moderate Risk
IBD029681,"Banditry, Katsina",2024-05-03,2024-05-03,2,2024,1,Katsina,North West,1,5,Caution,22,Low,1,7,Moderate Risk
IBD029708,"Bandits vs Community Protection Guards, Zamfara",2024-05-03,2024-05-03,3,2024,1,Zamfara,North West,1,8,Avoid Route,24,Low,1,10,High Risk
IBD029693,"Banditry, Katsina",2024-05-03,2024-05-03,24,2024,1,Katsina,North West,1,10,Avoid Route,48,Low,1,12,Extreme Danger
IBD029702,"Banditry, Kebbi",2024-05-03,2024-05-03,7,2024,1,Kebbi,North West,1,8,Avoid Route,10,Low,1,10,High Risk
IBD029695,"NAF vs Boko Haram, Borno",2024-05-03,2024-05-03,20,2024,1,Borno,North East,0,5,Caution,14,Low,1,6,Moderate Risk
IBD029704,"Gunmen vs Farmers, Benue",2024-05-03,2024-05-03,3,2024,1,Benue,North Central,1,8,Avoid Route,35,Low,1,10,High Risk
IBD029698,"Extra Judicial Killing, Enugu",2024-05-03,2024-05-05,5,2024,1,Enugu,South East,0,3,Safe,71,Moderate,3,6,Moderate Risk
IBD029683,"Robbers Kill Woman, FCT (Abuja)",2024-05-03,2024-05-03,1,2024,1,FCT,North Central,0,0,Safe,47,Low,1,1,Low Risk
IBD029697,"Assailant vs Man, Delta",2024-05-03,2024-05-03,1,2024,1,Delta,South South,0,0,Safe,95,High,5,5,Moderate Risk
IBD029994,"Kidnap Victim, Adamawa",2024-05-03,2024-05-03,1,2024,1,Adamawa,North East,1,5,Caution,26,Low,1,7,Moderate Risk
IBD029696,"NAF vs Boko Haram/ISWAP, Niger",2024-05-03,2024-05-03,20,2024,1,Niger,North Central,0,5,Caution,49,Low,1,6,Moderate Risk
IBD029712,"Kidnappers Kill 1, Ogun",2024-05-03,2024-05-03,1,2024,1,Ogun,South West,1,5,Caution,79,Moderate,3,9,High Risk
IBD030761,"Woman vs Son, Delta",2024-05-02,2024-05-02,1,2024,1,Delta,South South,0,0,Safe,81,High,5,5,Moderate Risk
IBD029701,"Medical Quackery, Plateau",2024-05-02,2024-05-02,1,2024,1,Plateau,North Central,0,0,Safe,40,Low,1,1,Low Risk
IBD029715,"Kidnappers vs Chief, FCT (Abuja)",2024-05-02,2024-05-02,1,2024,1,FCT,North Central,1,5,Caution,38,Low,1,7,Moderate Risk
IBD029684,"Rape Victim, Kano",2024-05-02,2024-05-02,1,2024,1,Kano,North West,0,0,Safe,30,Low,1,1,Low Risk
IBD029690,"Auto Crash, Anambra",2024-05-02,2024-05-02,1,2024,1,Anambra,South East,0,0,Safe,50,Moderate,3,3,Low Risk
IBD029679,"Hoodlums Clash, Lagos",2024-05-02,2024-05-02,1,2024,1,Lagos,South West,0,0,Safe,87,High,5,5,Moderate Risk
IBD029671,"Banditry, Kaduna",2024-05-02,2024-05-02,8,2024,1,Kaduna,North West,1,8,Avoid Route,13,Low,1,10,High Risk
IBD029694,"Bandits vs Community Leader, Kaduna",2024-05-02,2024-05-02,1,2024,1,Kaduna,North West,1,5,Caution,33,Low,1,7,Moderate Risk
IBD029700,"Military Officer vs Man, Kano",2024-05-02,2024-05-02,1,2024,1,Kano,North West,0,0,Safe,27,Low,1,1,Low Risk
IBD029680,"Corpse, Kwara",2024-05-01,2024-05-01,1,2024,1,Kwara,North Central,0,0,Safe,47,Low,1,1,Low Risk
IBD029798,"Heat Waves, Adamawa",2024-05-01,2024-05-13,210,2024,1,Adamawa,North East,0,5,Caution,38,Low,1,6,Moderate Risk
IBD029670,Man Shot at Fuel Station,2024-05-01,2024-05-01,1,2024,1,Unknown,,0,0,Safe,18,Low,1,1,Low Risk
IBD029667,"Auto Crash, Ogun",2024-05-01,2024-05-01,3,2024,1,Ogun,South West,0,3,Safe,54,Moderate,3,6,Moderate Risk
IBD029725,"Vigilantes Kill 2 Brothers, Rivers",2024-05-01,2024-05-01,2,2024,1,Rivers,South South,0,0,Safe,89,High,5,5,Moderate Risk
IBD029668,"Communal Clash, Ebonyi",2024-05-01,2024-05-01,10,2024,1,Ebonyi,South East,0,5,Caution,29,Low,1,6,Moderate Risk
IBD029686,"Car Pusher, Lagos",2024-05-01,2024-05-01,1,2024,1,Lagos,South West,0,0,Safe,90,High,5,5,Moderate Risk
IBD029682,"Banditry, Zamfara",2024-05-01,2024-05-01,3,2024,1,Zamfara,North West,1,8,Avoid Route,32,Low,1,10,High Risk
IBD029676,"Communal Clash, Nasarawa",2024-05-01,2024-05-02,5,2024,1,Nasarawa,North Central,0,3,Safe,21,Low,1,4,Moderate Risk
IBD029677,"Abducted Boy, Yobe",2024-05-01,2024-05-01,1,2024,1,Yobe,North East,0,0,Safe,48,Low,1,1,Low Risk
IBD029714,"Troops vs IPOB Fighters, Imo",2024-05-01,2024-05-01,3,2024,1,Imo,South East,0,3,Safe,71,Moderate,3,6,Moderate Risk
IBD030124,"Police Officer vs Man, Lagos",2024-05-01,2024-05-01,1,2024,1,Lagos,South West,0,0,Safe,97,High,5,5,Moderate Risk
IBD029674,"Undergraduate Student, FCT (Abuja)",2024-04-30,2024-04-30,1,2024,1,FCT,North Central,0,0,Safe,13,Low,1,1,Low Risk
IBD029655,"Boat Mishap, Kano",2024-04-30,2024-04-30,2,2024,1,Kano,North West,0,0,Safe,22,Low,1,1,Low Risk
IBD029664,"Auto Crash, Enugu",2024-04-30,2024-04-30,16,2024,1,Enugu,South East,0,5,Caution,53,Moderate,3,8,High Risk
IBD029666,"Auto Crash, Lagos",2024-04-30,2024-04-30,3,2024,1,Lagos,South West,0,3,Safe,90,High,5,8,High Risk
IBD029665,"Fulani Herdsmen Attack, Kogi",2024-04-30,2024-04-30,3,2024,1,Kogi,North Central,2,8,Avoid Route,39,Low,1,11,High Risk
IBD029663,"Mob Kill Motorcycle Thief, Osun",2024-04-29,2024-04-29,1,2024,1,Osun,South West,0,0,Safe,13,Low,1,1,Low Risk
IBD029675,"2 Drowns, Ogun",2024-04-29,2024-04-29,2,2024,1,Ogun,South West,0,0,Safe,63,Moderate,3,3,Low Risk
IBD029661,"Herdsmen Kill PDP Ward Chairman, Delta",2024-04-29,2024-04-29,2,2024,1,Delta,South South,1,5,Caution,95,High,5,11,High Risk
IBD029657,"Cult Killing, Kwara",2024-04-29,2024-04-30,2,2024,1,Kwara,North Central,0,0,Safe,36,Low,1,1,Low Risk
IBD029639,"Building Collapse, Ebonyi",2024-04-29,2024-04-29,2,2024,1,Ebonyi,South East,0,0,Safe,19,Low,1,1,Low Risk
IBD029641,"Soldiers vs Bandits, Sokoto",2024-04-28,2024-04-28,10,2024,1,Sokoto,North West,1,10,Avoid Route,17,Low,1,12,Extreme Danger
IBD029633,"Auto Crash, Anambra",2024-04-28,2024-04-28,1,2024,1,Anambra,South East,0,0,Safe,59,Moderate,3,3,Low Risk
IBD029648,"Fulani Herdsmen Attack, Benue",2024-04-28,2024-04-28,5,2024,1,Benue,North Central,2,8,Avoid Route,30,Low,1,11,High Risk
IBD029672,"Domestic Violence, Delta",2024-04-28,2024-04-28,1,2024,1,Delta,South South,0,0,Safe,86,High,5,5,Moderate Risk
IBD029646,"Herdsmen Attack, Benue",2024-04-28,2024-04-28,5,2024,1,Benue,North Central,2,8,Avoid Route,25,Low,1,11,High Risk
IBD029642,"Gunmen Attack, Kaduna",2024-04-28,2024-04-28,1,2024,1,Kaduna,North West,2,5,Caution,21,Low,1,8,High Risk
IBD029496,"Herdsmen/Communal Clash , Enugu",2024-04-28,2024-04-28,10,2024,1,Enugu,South East,1,10,Avoid Route,70,Moderate,3,14,Extreme Danger
IBD029630,"Auto Crash, kogi",2024-04-28,2024-04-28,19,2024,1,Kogi,North Central,0,5,Caution,15,Low,1,6,Moderate Risk
IBD029660,"Man in Hotel, Delta",2024-04-28,2024-04-28,1,2024,1,Delta,South South,0,0,Safe,100,High,5,5,Moderate Risk
IBD029640,"NAF vs Bandits, Zamfara",2024-04-28,2024-04-28,40,2024,1,Zamfara,North West,1,10,Avoid Route,40,Low,1,12,Extreme Danger
IBD029627,"Electrocution, Plateau",2024-04-27,2024-04-27,1,2024,1,Plateau,North Central,0,0,Safe,40,Low,1,1,Low Risk
IBD029636,"Boko Haram IED, Borno",2024-04-27,2024-04-27,9,2024,1,Borno,North East,0,3,Safe,21,Low,1,4,Moderate Risk
IBD029628,"Political Violence, Ondo",2024-04-27,2024-04-27,1,2024,1,Ondo,South West,0,0,Safe,77,Moderate,3,3,Low Risk
IBD029644,"Bandits Kill Hunter, Kaduna",2024-04-27,2024-04-27,3,2024,1,Kaduna,North West,1,8,Avoid Route,46,Low,1,10,High Risk
IBD029656,"Man vs Housewife, Edo",2024-04-27,2024-04-27,1,2024,1,Edo,South South,0,0,Safe,78,Moderate,3,3,Low Risk
IBD029632,"Domestic Violence, Ekiti",2024-04-27,2024-04-27,1,2024,1,Ekiti,South West,0,0,Safe,44,Low,1,1,Low Risk
IBD029961,"Hook-Up Girls, Abia",2024-04-27,2024-04-27,2,2024,1,Abia,South East,0,0,Safe,78,Moderate,3,3,Low Risk
IBD029634,"NAF vs Bandits, Niger",2024-04-27,2024-04-27,40,2024,1,Niger,North Central,1,10,Avoid Route,27,Low,1,12,Extreme Danger
IBD029626,"Gas Explosion, Ogun",2024-04-27,2024-04-27,2,2024,1,Ogun,South West,0,0,Safe,75,Moderate,3,3,Low Risk
IBD029623,"Extra-Judicial Killing, Anambra",2024-04-27,2024-04-27,1,2024,1,Anambra,South East,0,0,Safe,71,Moderate,3,3,Low Risk
IBD029629,"Auto Crash, Osun",2024-04-26,2024-04-26,2,2024,1,Osun,South West,0,0,Safe,33,Low,1,1,Low Risk
IBD029647,"Auto Crash, FCT (Abuja)",2024-04-26,2024-04-26,4,2024,1,FCT,North Central,0,3,Safe,16,Low,1,4,Moderate Risk
IBD029624,"Tanker Explosion, Rivers",2024-04-26,2024-04-26,19,2024,1,Rivers,South South,0,5,Caution,89,High,5,10,High Risk
IBD029618,"Building Collapse, Kano",2024-04-26,2024-04-26,3,2024,1,Kano,North West,0,3,Safe,31,Low,1,4,Moderate Risk
IBD029631,"Police vs Kidnappers, Delta",2024-04-26,2024-04-26,1,2024,1,Delta,South South,1,5,Caution,100,High,5,11,High Risk
IBD029890,"Assailants v Girl, Bauchi",2024-04-26,2024-04-26,1,2024,1,Bauchi,North East,0,0,Safe,29,Low,1,1,Low Risk
IBD029619,"Banditry, Zamfara",2024-04-26,2024-04-26,2,2024,1,Zamfara,North West,1,5,Caution,48,Low,1,7,Moderate Risk
IBD030329,"Kidnap Victim, Taraba",2024-04-26,2024-04-26,1,2024,1,Taraba,North East,1,5,Caution,12,Low,1,7,Moderate Risk
IBD029659,"Boy Drowns, Ogun",2024-04-26,2024-04-26,1,2024,1,Ogun,South West,0,0,Safe,57,Moderate,3,3,Low Risk
IBD029662,"Ritual Killing, Cross River",2024-04-26,2024-04-26,1,2024,1,Cross River,South South,0,0,Safe,81,High,5,5,Moderate Risk
IBD029621,"Auto Crash, Ondo",2024-04-26,2024-04-26,3,2024,1,Ondo,South West,0,3,Safe,55,Moderate,3,6,Moderate Risk
IBD029645,"Bandits vs Army Officer, Katsina",2024-04-25,2024-04-25,1,2024,1,Katsina,North West,1,5,Caution,48,Low,1,7,Moderate Risk
IBD029616,"Pregnancy Complications, Ogun",2024-04-25,2024-04-25,1,2024,1,Ogun,South West,0,0,Safe,78,Moderate,3,3,Low Risk
IBD029614,"Kidnapper, Taraba`",2024-04-25,2024-04-25,1,2024,1,Taraba,North East,1,5,Caution,47,Low,1,7,Moderate Risk
IBD029613,"Baby Dies, FCT (Abuja)",2024-04-25,2024-04-25,1,2024,1,FCT,North Central,0,0,Safe,22,Low,1,1,Low Risk
IBD029637,"Guests Beat Policewoman, Rivers",2024-04-25,2024-04-25,1,2024,1,Rivers,South South,0,0,Safe,84,High,5,5,Moderate Risk
IBD029625,"Banditry, Sokoto",2024-04-25,2024-04-25,7,2024,1,Sokoto,North West,1,8,Avoid Route,35,Low,1,10,High Risk
IBD029687,"Medical Negligence, FCT (Abuja)",2024-04-25,2024-04-25,1,2024,1,FCT,North Central,0,0,Safe,46,Low,1,1,Low Risk
IBD029606,"Terrorists Attack, Zamfara",2024-04-24,2024-04-24,3,2024,1,Zamfara,North West,2,8,Avoid Route,17,Low,1,11,High Risk
IBD029604,"Gunmen Attack, Katsina",2024-04-24,2024-04-24,2,2024,1,Katsina,North West,2,5,Caution,48,Low,1,8,High Risk
IBD029620,"Boko Haram vs ISWAP, Borno",2024-04-24,2024-04-25,118,2024,1,Borno,North East,0,5,Caution,16,Low,1,6,Moderate Risk
IBD029658,"Cult Clash, Edo",2024-04-24,2024-04-26,2,2024,1,Edo,South South,0,0,Safe,71,Moderate,3,3,Low Risk
IBD029605,"Terrorists Attack, Zamfara",2024-04-24,2024-04-24,1,2024,1,Zamfara,North West,2,5,Caution,35,Low,1,8,High Risk
IBD029603,"Security Operatives vs Cultists, Ondo",2024-04-24,2024-04-24,1,2024,1,Ondo,South West,0,0,Safe,66,Moderate,3,3,Low Risk
IBD029609,"Auto Crash, FCT (Abuja)",2024-04-24,2024-04-24,1,2024,1,FCT,North Central,0,0,Safe,36,Low,1,1,Low Risk
IBD029607,"Terrorists Attack, Zamfara",2024-04-24,2024-04-24,1,2024,1,Zamfara,North West,2,5,Caution,24,Low,1,8,High Risk
IBD029601,"1 Drowns, Kano",2024-04-23,2024-04-23,1,2024,1,Kano,North West,0,0,Safe,27,Low,1,1,Low Risk
IBD029602,"Bandits vs Army, Zamfara",2024-04-23,2024-04-23,2,2024,1,Zamfara,North West,1,5,Caution,36,Low,1,7,Moderate Risk
IBD029600,"NAF vs Boko Haram, Borno",2024-04-23,2024-04-23,20,2024,1,Borno,North East,0,5,Caution,44,Low,1,6,Moderate Risk
IBD029595,"Accidental Discharge, Taraba",2024-04-23,2024-04-23,1,2024,1,Taraba,North East,0,0,Safe,25,Low,1,1,Low Risk
IBD029823,"Medical Negligence, Ogun",2024-04-23,2024-04-23,1,2024,1,Ogun,South West,0,0,Safe,63,Moderate,3,3,Low Risk
IBD029599,"Gunmen vs Farmers, Benue",2024-04-23,2024-04-23,3,2024,1,Benue,North Central,1,8,Avoid Route,47,Low,1,10,High Risk
IBD029591,"Banditry, Sokoto",2024-04-23,2024-04-23,5,2024,1,Sokoto,North West,1,8,Avoid Route,31,Low,1,10,High Risk
IBD029584,"Banditry, Kaduna",2024-04-23,2024-04-23,3,2024,1,Kaduna,North West,1,8,Avoid Route,23,Low,1,10,High Risk
IBD029583,"Security Operatives vs Corper, Oyo",2024-04-23,2024-04-23,1,2024,1,Oyo,South West,0,0,Safe,29,Low,1,1,Low Risk
IBD029598,"Flood Disaster, Ogun",2024-04-23,2024-04-23,1,2024,1,Ogun,South West,0,0,Safe,58,Moderate,3,3,Low Risk
IBD029596,"Cult Killing, Edo",2024-04-23,2024-04-23,2,2024,1,Edo,South South,0,0,Safe,52,Moderate,3,3,Low Risk
IBD029593,"Building Collapse, Lagos",2024-04-23,2024-04-23,1,2024,1,Lagos,South West,0,0,Safe,93,High,5,5,Moderate Risk
IBD029585,"Auto Crash, Ogun",2024-04-22,2024-04-22,1,2024,1,Ogun,South West,0,0,Safe,60,Moderate,3,3,Low Risk
IBD029611,"Kidnappers vs Security Operatives, Bauchi",2024-04-22,2024-04-22,8,2024,1,Bauchi,North East,1,8,Avoid Route,20,Low,1,10,High Risk
IBD029586,"Commercial Rider, Niger",2024-04-22,2024-04-22,1,2024,1,Niger,North Central,0,0,Safe,18,Low,1,1,Low Risk
IBD029594,"Passenger vs Bandits, Zamfara",2024-04-22,2024-04-22,1,2024,1,Zamfara,North West,1,5,Caution,19,Low,1,7,Moderate Risk
IBD029597,"Electrocution, Ogun",2024-04-22,2024-04-22,2,2024,1,Ogun,South West,0,0,Safe,52,Moderate,3,3,Low Risk
IBD029592,"Vigilantes vs Youths, Imo",2024-04-21,2024-04-21,1,2024,1,Imo,South East,0,0,Safe,54,Moderate,3,3,Low Risk
IBD029568,"Auto Crash, Kogi",2024-04-21,2024-04-21,20,2024,1,Kogi,North Central,0,5,Caution,40,Low,1,6,Moderate Risk
IBD029578,"Cult Clash, Ogun",2024-04-21,2024-04-21,2,2024,1,Ogun,South West,0,0,Safe,61,Moderate,3,3,Low Risk
IBD030239,"Cult Killing, Ogun",2024-04-21,2024-04-21,1,2024,1,Ogun,South West,0,0,Safe,56,Moderate,3,3,Low Risk
IBD029579,"Children in Car, Niger",2024-04-21,2024-04-21,5,2024,1,Niger,North Central,0,3,Safe,12,Low,1,4,Moderate Risk
IBD029587,"Gunmen vs Police Escort, Nasarawa",2024-04-21,2024-04-21,1,2024,1,Nasarawa,North Central,1,5,Caution,27,Low,1,7,Moderate Risk
IBD030229,"Cult Killing, Ogun",2024-04-21,2024-04-21,1,2024,1,Ogun,South West,0,0,Safe,74,Moderate,3,3,Low Risk
IBD029589,"Banditry, Zamfara",2024-04-21,2024-04-21,3,2024,1,Zamfara,North West,1,8,Avoid Route,19,Low,1,10,High Risk
IBD029582,"3 Died, Kano",2024-04-21,2024-04-21,3,2024,1,Kano,North West,0,3,Safe,27,Low,1,4,Moderate Risk
IBD029968,"Land Dispute, Nasarawa",2024-04-21,2024-04-21,2,2024,1,Nasarawa,North Central,0,0,Safe,48,Low,1,1,Low Risk
IBD029575,"Hospital Negligence, FCT (Abuja)",2024-04-20,2024-04-20,3,2024,1,FCT,North Central,0,3,Safe,23,Low,1,4,Moderate Risk
IBD029558,"Auto Crash, Ogun",2024-04-20,2024-04-20,2,2024,1,Ogun,South West,0,0,Safe,71,Moderate,3,3,Low Risk
IBD029573,"Police Stab Man, Lagos",2024-04-20,2024-04-20,1,2024,1,Lagos,South West,0,0,Safe,85,High,5,5,Moderate Risk
IBD029555,"Burrow Pit Collapse, Kebbi",2024-04-20,2024-04-20,8,2024,1,Kebbi,North West,0,3,Safe,35,Low,1,4,Moderate Risk
IBD029581,"Herdsmen Attack, Benue",2024-04-20,2024-04-20,2,2024,1,Benue,North Central,2,5,Caution,19,Low,1,8,High Risk
IBD029557,"Auto Crash, Ogun",2024-04-20,2024-04-20,2,2024,1,Ogun,South West,0,0,Safe,58,Moderate,3,3,Low Risk
IBD029580,"Cult Killing, Rivers",2024-04-20,2024-04-20,3,2024,1,Rivers,South South,0,3,Safe,87,High,5,8,High Risk
IBD029590,"Terrorists Attack, Katsina",2024-04-20,2024-04-21,15,2024,1,Katsina,North West,2,10,Avoid Route,41,Low,1,13,Extreme Danger
IBD029563,"Auto Crash, Kano",2024-04-20,2024-04-20,11,2024,1,Kano,North West,0,5,Caution,15,Low,1,6,Moderate Risk
IBD029565,"Auto Crash, Kaduna",2024-04-19,2024-04-19,13,2024,1,Kaduna,North West,0,5,Caution,37,Low,1,6,Moderate Risk
IBD029559,"Mob vs Motorbike Thief, Benue",2024-04-19,2024-04-19,2,2024,1,Benue,North Central,0,0,Safe,11,Low,1,1,Low Risk
IBD029556,"Man Kills Another, Ogun",2024-04-19,2024-04-19,1,2024,1,Ogun,South West,0,0,Safe,63,Moderate,3,3,Low Risk
IBD029577,"Gunmen vs Lecturer, Ogun",2024-04-19,2024-04-19,1,2024,1,Ogun,South West,1,5,Caution,65,Moderate,3,9,High Risk
IBD029615,"Boko Haram Attack, Borno",2024-04-19,2024-04-19,2,2024,1,Borno,North East,1,5,Caution,42,Low,1,7,Moderate Risk
IBD029562,"Gunmen Kill Vice Principal, Plateau",2024-04-19,2024-04-19,1,2024,1,Plateau,North Central,1,5,Caution,33,Low,1,7,Moderate Risk
IBD029576,"Security vs Drug Kingpin, Kogi",2024-04-19,2024-04-19,1,2024,1,Kogi,North Central,0,0,Safe,33,Low,1,1,Low Risk
IBD029560,"Auto Crash, Ogun",2024-04-19,2024-04-19,2,2024,1,Ogun,South West,0,0,Safe,72,Moderate,3,3,Low Risk
IBD029572,"Auto Crash, Imo",2024-04-19,2024-04-19,4,2024,1,Imo,South East,0,3,Safe,79,Moderate,3,6,Moderate Risk
IBD029574,"Communal Issue, Ogun",2024-04-18,2024-04-18,1,2024,1,Ogun,South West,0,0,Safe,62,Moderate,3,3,Low Risk
IBD029588,"Man Killed, Abia",2024-04-18,2024-04-18,1,2024,1,Abia,South East,0,0,Safe,60,Moderate,3,3,Low Risk
IBD029554,"Banditry, Sokoto",2024-04-18,2024-04-18,60,2024,1,Sokoto,North West,1,10,Avoid Route,25,Low,1,12,Extreme Danger
IBD029673,"Kidnappers Kill Pastor, Oyo",2024-04-18,2024-05-18,1,2024,1,Oyo,South West,1,5,Caution,41,Low,1,7,Moderate Risk
IBD029553,"Boko Haram, Niger",2024-04-18,2024-04-18,48,2024,1,Niger,North Central,0,5,Caution,15,Low,1,6,Moderate Risk
IBD029669,"Medical Negligence, Osun",2024-04-18,2024-04-18,1,2024,1,Osun,South West,0,0,Safe,32,Low,1,1,Low Risk
IBD029571,"Fulani Gunmen Attack, Plateau",2024-04-18,2024-04-18,5,2024,1,Plateau,North Central,2,8,Avoid Route,25,Low,1,11,High Risk
IBD029564,"Gunmen Attack, Plateau",2024-04-18,2024-04-18,14,2024,1,Plateau,North Central,2,10,Avoid Route,41,Low,1,13,Extreme Danger
IBD029749,"Kidnap Victims, Oyo",2024-04-18,2024-05-18,10,2024,1,Oyo,South West,1,10,Avoid Route,12,Low,1,12,Extreme Danger
IBD029570,"Gunmen Attack, Plateau",2024-04-18,2024-04-18,2,2024,1,Plateau,North Central,2,5,Caution,16,Low,1,8,High Risk
IBD029551,"Gunmen Kill Traffic Officer, Anambra",2024-04-18,2024-04-18,1,2024,1,Anambra,South East,1,5,Caution,66,Moderate,3,9,High Risk
IBD029552,"Auto crash, Anambra",2024-04-17,2024-04-17,1,2024,1,Anambra,South East,0,0,Safe,70,Moderate,3,3,Low Risk
IBD029548,"ISWAP IED, Borno",2024-04-17,2024-04-17,11,2024,1,Borno,North East,0,5,Caution,21,Low,1,6,Moderate Risk
IBD029545,"Mob vs Customs Officer, Katsina",2024-04-17,2024-04-17,2,2024,1,Katsina,North West,0,0,Safe,39,Low,1,1,Low Risk
IBD029561,"Extra-Judicial Killing, Abia",2024-04-17,2024-04-17,1,2024,1,Abia,South East,0,0,Safe,73,Moderate,3,3,Low Risk
IBD029549,"Bandits Kill Villagers, Kaduna",2024-04-17,2024-04-17,23,2024,1,Kaduna,North West,1,10,Avoid Route,39,Low,1,12,Extreme Danger
IBD030795,"Student Killed, Edo",2024-04-17,2024-04-17,1,2024,1,Edo,South South,0,0,Safe,66,Moderate,3,3,Low Risk
IBD029544,"Police vs Bandit, Katsina",2024-04-17,2024-04-17,1,2024,1,Katsina,North West,1,5,Caution,44,Low,1,7,Moderate Risk
IBD029534,"Students, Plateau",2024-04-17,2024-04-17,1,2024,1,Plateau,North Central,0,0,Safe,43,Low,1,1,Low Risk
IBD029547,"Cult Killing, Enugu",2024-04-16,2024-04-16,1,2024,1,Enugu,South East,0,0,Safe,62,Moderate,3,3,Low Risk
IBD029550,"Army vs Terrorists, Benue",2024-04-16,2024-04-16,3,2024,1,Benue,North Central,1,8,Avoid Route,17,Low,1,10,High Risk
IBD029537,"Electrocution, Edo",2024-04-16,2024-04-16,1,2024,1,Edo,South South,0,0,Safe,59,Moderate,3,3,Low Risk
IBD029542,"Assailants vs Farmer, Kwara",2024-04-16,2024-04-16,1,2024,1,Kwara,North Central,0,0,Safe,14,Low,1,1,Low Risk
IBD029608,"NURTW Clash, Lagos",2024-04-16,2024-04-16,1,2024,1,Lagos,South West,0,0,Safe,98,High,5,5,Moderate Risk
IBD029540,"Bandits Kill 3, Kaduna",2024-04-16,2024-04-16,3,2024,1,Kaduna,North West,1,8,Avoid Route,25,Low,1,10,High Risk
IBD029610,"Auto Crash, Kaduna",2024-04-16,2024-04-16,1,2024,1,Kaduna,North West,0,0,Safe,25,Low,1,1,Low Risk
IBD029546,"Auto Crash, FCT ( Abuja)",2024-04-16,2024-04-16,1,2024,1,FCT,North Central,0,0,Safe,37,Low,1,1,Low Risk
IBD029539,"Inferno, Cross River",2024-04-15,2024-04-15,2,2024,1,Cross River,South South,0,0,Safe,98,High,5,5,Moderate Risk
IBD029535,"Bandit vs PDP Secretary, Zamfara",2024-04-15,2024-04-15,1,2024,1,Zamfara,North West,1,5,Caution,28,Low,1,7,Moderate Risk
IBD029543,"Auto Crash, Osun",2024-04-15,2024-04-15,1,2024,1,Osun,South West,0,0,Safe,47,Low,1,1,Low Risk
IBD029921,"Man vs Woman, Osun",2024-04-15,2024-04-15,1,2024,1,Osun,South West,0,0,Safe,11,Low,1,1,Low Risk
IBD030780,"Communal Clash, Enugu",2024-04-15,2024-04-15,20,2024,1,Enugu,South East,0,5,Caution,53,Moderate,3,8,High Risk
IBD029538,"Vigilante Operative Kills Man, Enugu",2024-04-15,2024-04-15,1,2024,1,Enugu,South East,0,0,Safe,78,Moderate,3,3,Low Risk
IBD029517,"Vigilante vs Herdsmen, Delta",2024-04-15,2024-04-15,3,2024,1,Delta,South South,1,8,Avoid Route,90,High,5,14,Extreme Danger
IBD029510,"Auto Crash, Oyo",2024-04-14,2024-04-14,19,2024,1,Oyo,South West,0,5,Caution,25,Low,1,6,Moderate Risk
IBD029511,"Soldiers vs Youths, Yobe",2024-04-14,2024-04-14,3,2024,1,Yobe,North East,0,3,Safe,12,Low,1,4,Moderate Risk
IBD029519,"Auto Crash, Bauchi",2024-04-14,2024-04-14,6,2024,1,Bauchi,North East,0,3,Safe,45,Low,1,4,Moderate Risk
IBD029521,"Girl Strangled, Kebbi",2024-04-14,2024-04-14,1,2024,1,Kebbi,North West,0,0,Safe,41,Low,1,1,Low Risk
IBD029531,"Army vs Kidnapper, Benue",2024-04-14,2024-04-14,1,2024,1,Benue,North Central,1,5,Caution,32,Low,1,7,Moderate Risk
IBD029536,"Herdsmen Attack, Benue",2024-04-13,2024-04-15,26,2024,1,Benue,North Central,2,10,Avoid Route,45,Low,1,13,Extreme Danger
IBD029515,"Soldier vs Lover, Enugu",2024-04-13,2024-04-13,1,2024,1,Enugu,South East,0,0,Safe,76,Moderate,3,3,Low Risk
IBD029533,"Gunmen Attack, Kaduna",2024-04-13,2024-04-13,4,2024,1,Kaduna,North West,2,8,Avoid Route,39,Low,1,11,High Risk
IBD029532,"NAF vs Boko Haram, Borno",2024-04-13,2024-04-13,33,2024,1,Borno,North East,0,5,Caution,31,Low,1,6,Moderate Risk
IBD029501,"Police vs Yoruba Nation Agitators, Oyo",2024-04-13,2024-04-13,3,2024,1,Oyo,South West,0,3,Safe,13,Low,1,4,Moderate Risk
IBD029523,"Boat Mishap, Niger",2024-04-13,2024-04-13,2,2024,1,Niger,North Central,0,0,Safe,36,Low,1,1,Low Risk
IBD029518,"Domestic Violence, Osun",2024-04-13,2024-04-13,1,2024,1,Osun,South West,0,0,Safe,34,Low,1,1,Low Risk
IBD029508,"Gunmen vs Mourner, Benue",2024-04-13,2024-04-13,1,2024,1,Benue,North Central,1,5,Caution,16,Low,1,7,Moderate Risk
IBD029541,"Bandits Attack, Kaduna",2024-04-13,2024-04-13,2,2024,1,Kaduna,North West,2,5,Caution,37,Low,1,8,High Risk
IBD029530,"Banditry, Kaduna",2024-04-13,2024-04-13,2,2024,1,Kaduna,North West,1,5,Caution,19,Low,1,7,Moderate Risk
IBD029498,"Auto Crash, Ogun",2024-04-13,2024-04-13,2,2024,1,Ogun,South West,0,0,Safe,58,Moderate,3,3,Low Risk
IBD029499,"Army vs Bandits, Zamfara",2024-04-12,2024-04-12,12,2024,1,Zamfara,North West,1,10,Avoid Route,36,Low,1,12,Extreme Danger
IBD029505,"Kidnappers Kill 14, Delta",2024-04-12,2024-04-12,14,2024,1,Delta,South South,1,10,Avoid Route,80,High,5,16,Extreme Danger
IBD029504,"Cultists Kill 2, Ebonyi",2024-04-12,2024-04-12,2,2024,1,Ebonyi,South East,0,0,Safe,30,Low,1,1,Low Risk
IBD029497,"Fulani Herdsmen Attack, Benue",2024-04-12,2024-04-12,15,2024,1,Benue,North Central,2,10,Avoid Route,26,Low,1,13,Extreme Danger
IBD029471,"Auto Crash, Lagos",2024-04-12,2024-04-12,1,2024,1,Lagos,South West,0,0,Safe,92,High,5,5,Moderate Risk
IBD029507,"Gunmen Attack, Lagos",2024-04-12,2024-04-12,1,2024,1,Lagos,South West,2,5,Caution,97,High,5,12,Extreme Danger
IBD029509,"Auto Crash, Nasarawa",2024-04-12,2024-04-12,3,2024,1,Nasarawa,North Central,0,3,Safe,16,Low,1,4,Moderate Risk
IBD029506,"Hoodlums Clash, Niger",2024-04-12,2024-04-12,2,2024,1,Niger,North Central,0,0,Safe,41,Low,1,1,Low Risk
IBD029566,"Auto Crash, Ogun",2024-04-12,2024-04-12,2,2024,1,Ogun,South West,0,0,Safe,65,Moderate,3,3,Low Risk
IBD029493,"Cult Clash, Lagos",2024-04-12,2024-04-12,1,2024,1,Lagos,South West,0,0,Safe,85,High,5,5,Moderate Risk
IBD029502,"Gunmen Attack, Plateau",2024-04-12,2024-04-12,13,2024,1,Plateau,North Central,2,10,Avoid Route,21,Low,1,13,Extreme Danger
IBD029524,"Cult Clash, Kwara",2024-04-12,2024-04-13,2,2024,1,Kwara,North Central,0,0,Safe,24,Low,1,1,Low Risk
IBD029485,"Herdsmen Attack, Benue",2024-04-11,2024-04-11,2,2024,1,Benue,North Central,2,5,Caution,36,Low,1,8,High Risk
IBD029492,"Man Drowns, Lagos",2024-04-11,2024-04-11,1,2024,1,Lagos,South West,0,0,Safe,93,High,5,5,Moderate Risk
IBD029482,"Boy Beheaded, Kano",2024-04-11,2024-04-11,1,2024,1,Kano,North West,0,0,Safe,17,Low,1,1,Low Risk
IBD029478,"Auto Crash, FCT (Abuja)",2024-04-11,2024-04-11,1,2024,1,FCT,North Central,0,0,Safe,35,Low,1,1,Low Risk
IBD029512,"Vigilante Operatives kills Prince, Bauchi",2024-04-11,2024-04-11,1,2024,1,Bauchi,North East,0,0,Safe,18,Low,1,1,Low Risk
IBD029500,"Gunmen Kill 4, Anambra",2024-04-11,2024-04-11,3,2024,1,Anambra,South East,1,8,Avoid Route,63,Moderate,3,12,Extreme Danger
IBD029528,"Police vs IPOB/ESN, Enugu",2024-04-11,2024-04-11,2,2024,1,Enugu,South East,0,0,Safe,54,Moderate,3,3,Low Risk
IBD029516,"Gunmen attack, Delta",2024-04-11,2024-04-11,3,2024,1,Delta,South South,2,8,Avoid Route,88,High,5,15,Extreme Danger
IBD029480,"Gunmen vs Policemen, Ebonyi",2024-04-11,2024-04-11,1,2024,1,Ebonyi,South East,1,5,Caution,29,Low,1,7,Moderate Risk
IBD029481,"Auto Crash, Anambra",2024-04-10,2024-04-10,2,2024,1,Anambra,South East,0,0,Safe,79,Moderate,3,3,Low Risk
IBD031712,"Domestic Violence, Borno",2024-04-10,2024-04-10,1,2024,1,Borno,North East,0,0,Safe,16,Low,1,1,Low Risk
IBD029567,"Man vs Wife, Imo",2024-04-10,2024-04-10,1,2024,1,Imo,South East,0,0,Safe,65,Moderate,3,3,Low Risk
IBD029475,"Police vs Assassin, Rivers",2024-04-10,2024-04-10,1,2024,1,Rivers,South South,0,0,Safe,83,High,5,5,Moderate Risk
IBD029490,"1 Drowns, Lagos",2024-04-10,2024-04-10,1,2024,1,Lagos,South West,0,0,Safe,89,High,5,5,Moderate Risk
IBD029472,"NSCDC vs Worshipper, Zamfara",2024-04-10,2024-04-10,1,2024,1,Zamfara,North West,0,0,Safe,12,Low,1,1,Low Risk
IBD029461,"Auto Crash, Ogun",2024-04-10,2024-04-10,2,2024,1,Ogun,South West,0,0,Safe,77,Moderate,3,3,Low Risk
IBD029470,"Auto Crash, Ogun",2024-04-10,2024-04-10,3,2024,1,Ogun,South West,0,3,Safe,56,Moderate,3,6,Moderate Risk
IBD029483,"Man vs Girlfriend, Delta",2024-04-10,2024-04-10,1,2024,1,Delta,South South,0,0,Safe,82,High,5,5,Moderate Risk
IBD029465,"Auto Crash, Lagos",2024-04-10,2024-04-10,2,2024,1,Lagos,South West,0,0,Safe,87,High,5,5,Moderate Risk
IBD029463,"Boat Mishap, Anambra",2024-04-10,2024-04-10,4,2024,1,Anambra,South East,0,3,Safe,51,Moderate,3,6,Moderate Risk
IBD029487,"2 Drowns, Lagos",2024-04-10,2024-04-10,2,2024,1,Lagos,South West,0,0,Safe,100,High,5,5,Moderate Risk
IBD029488,"1 Drowns, Lagos",2024-04-10,2024-04-10,1,2024,1,Lagos,South West,0,0,Safe,85,High,5,5,Moderate Risk
IBD029476,"NAF vs Terrorists, Zamfara",2024-04-10,2024-04-10,30,2024,1,Zamfara,North West,1,10,Avoid Route,27,Low,1,12,Extreme Danger
IBD029491,"Cadet Drowns, Abia",2024-04-09,2024-04-09,2,2024,1,Abia,South East,0,0,Safe,69,Moderate,3,3,Low Risk
IBD029477,"Fulani Herdsmen Kill Farmers, Benue",2024-04-09,2024-04-09,2,2024,1,Benue,North Central,1,5,Caution,16,Low,1,7,Moderate Risk
IBD029453,"Cult Clash, Akwa Ibom",2024-04-09,2024-04-09,1,2024,1,Akwa Ibom,South South,0,0,Safe,87,High,5,5,Moderate Risk
IBD029520,"Domestic Violence, Akwa Ibom",2024-04-09,2024-04-09,1,2024,1,Akwa Ibom,South South,0,0,Safe,85,High,5,5,Moderate Risk
IBD029473,"Gunmen vs Motorcyclist, Ogun",2024-04-09,2024-04-09,1,2024,1,Ogun,South West,1,5,Caution,55,Moderate,3,9,High Risk
IBD029462,"Cult Clash, Bayelsa",2024-04-09,2024-04-09,1,2024,1,Bayelsa,South South,0,0,Safe,92,High,5,5,Moderate Risk
IBD030383,"Medical Negligence, Anambra",2024-04-09,2024-04-09,1,2024,1,Anambra,South East,0,0,Safe,53,Moderate,3,3,Low Risk
IBD029467,"Motorcycle Thieves, FCT (Abuja)",2024-04-08,2024-04-08,2,2024,1,FCT,North Central,0,0,Safe,33,Low,1,1,Low Risk
IBD029486,"Gunmen vs Passengers, Taraba",2024-04-08,2024-04-08,3,2024,1,Taraba,North East,1,8,Avoid Route,18,Low,1,10,High Risk
IBD029444,"Assailants vs Politician Aide, Rivers",2024-04-08,2024-04-08,2,2024,1,Rivers,South South,0,0,Safe,91,High,5,5,Moderate Risk
IBD029469,"Expired Drugs Victims, Kaduna",2024-04-08,2024-04-08,3,2024,1,Kaduna,North West,0,3,Safe,34,Low,1,4,Moderate Risk
IBD029474,"Man vs Wife, Adamawa",2024-04-08,2024-04-08,1,2024,1,Adamawa,North East,0,0,Safe,33,Low,1,1,Low Risk
IBD029440,"Fulani Herdsmen vs Catechist, Enugu",2024-04-08,2024-04-08,1,2024,1,Enugu,South East,1,5,Caution,72,Moderate,3,9,High Risk
IBD029448,"Police vs Kidnappers, Rivers",2024-04-08,2024-04-08,2,2024,1,Rivers,South South,1,5,Caution,81,High,5,11,High Risk
IBD029452,"Corpse Found, Niger",2024-04-07,2024-04-07,2,2024,1,Niger,North Central,0,0,Safe,23,Low,1,1,Low Risk
IBD029464,"Gang Battle, Zamfara",2024-04-07,2024-04-07,3,2024,1,Zamfara,North West,0,3,Safe,13,Low,1,4,Moderate Risk
IBD029447,"Cult Clash, Anambra",2024-04-07,2024-04-07,3,2024,1,Anambra,South East,0,3,Safe,64,Moderate,3,6,Moderate Risk
IBD029489,"Boko Haram vs Police, Borno",2024-04-07,2024-04-07,1,2024,1,Borno,North East,0,0,Safe,31,Low,1,1,Low Risk
IBD029460,"Gunmen Kill Man, Benue",2024-04-07,2024-04-07,1,2024,1,Benue,North Central,1,5,Caution,31,Low,1,7,Moderate Risk
IBD029445,"Auto Crash, Ogun",2024-04-07,2024-04-07,2,2024,1,Ogun,South West,0,0,Safe,58,Moderate,3,3,Low Risk
IBD029446,"Auto Crash, Ogun",2024-04-07,2024-04-07,3,2024,1,Ogun,South West,0,3,Safe,74,Moderate,3,6,Moderate Risk
IBD029442,"Gunmen Attack, Enugu",2024-04-07,2024-04-07,2,2024,1,Enugu,South East,2,5,Caution,79,Moderate,3,10,High Risk
IBD029443,"Banditry, Niger",2024-04-07,2024-04-07,37,2024,1,Niger,North Central,1,10,Avoid Route,41,Low,1,12,Extreme Danger
IBD029434,"Extra Judicial Killing, Imo",2024-04-07,2024-04-07,1,2024,1,Imo,South East,0,0,Safe,73,Moderate,3,3,Low Risk
IBD029432,"Auto Crash, Taraba",2024-04-07,2024-04-07,2,2024,1,Taraba,North East,0,0,Safe,40,Low,1,1,Low Risk
IBD029450,"Auto Crash, Ogun",2024-04-07,2024-04-07,1,2024,1,Ogun,South West,0,0,Safe,72,Moderate,3,3,Low Risk
IBD029457,"Hospital Negligence, Kogi",2024-04-07,2024-04-07,1,2024,1,Kogi,North Central,0,0,Safe,31,Low,1,1,Low Risk
IBD029459,"Gunmen Attack, Benue",2024-04-07,2024-04-07,4,2024,1,Benue,North Central,2,8,Avoid Route,24,Low,1,11,High Risk
IBD030988,"Robbers vs Motorcyclists, Ogun",2024-04-07,2024-04-14,8,2024,1,Ogun,South West,0,3,Safe,55,Moderate,3,6,Moderate Risk
IBD029435,"NAF vs Boko Haram, Borno",2024-04-06,2024-04-06,20,2024,1,Borno,North East,0,5,Caution,47,Low,1,6,Moderate Risk
IBD029433,"Auto Crash, Edo",2024-04-06,2024-04-06,4,2024,1,Edo,South South,0,3,Safe,70,Moderate,3,6,Moderate Risk
IBD029495,"Gunmen Kill Businessman, Akwa Ibom",2024-04-06,2024-04-06,1,2024,1,Akwa Ibom,South South,1,5,Caution,86,High,5,11,High Risk
IBD029466,"Kidnappers vs Policeman, FCT (Abuja)",2024-04-06,2024-04-06,2,2024,1,FCT,North Central,1,5,Caution,37,Low,1,7,Moderate Risk
IBD029439,"Gunmen vs Vigilante, Rivers",2024-04-06,2024-04-06,1,2024,1,Rivers,South South,1,5,Caution,88,High,5,11,High Risk
IBD029455,"Flood Disaster, Taraba",2024-04-06,2024-04-06,1,2024,1,Taraba,North East,0,0,Safe,19,Low,1,1,Low Risk
IBD029431,"Auto Crash, Ogun",2024-04-06,2024-04-06,1,2024,1,Ogun,South West,0,0,Safe,74,Moderate,3,3,Low Risk
IBD029427,"Auto Crash, Ondo",2024-04-06,2024-04-06,2,2024,1,Ondo,South West,0,0,Safe,71,Moderate,3,3,Low Risk
IBD029437,"Gunmen vs Vigilantes, Rivers",2024-04-06,2024-04-06,1,2024,1,Rivers,South South,1,5,Caution,94,High,5,11,High Risk
IBD029441,"Footballer Dies, Delta",2024-04-06,2024-04-06,1,2024,1,Delta,South South,0,0,Safe,84,High,5,5,Moderate Risk
IBD029612,"Cult Killings, Anambra",2024-04-05,2024-04-26,31,2024,1,Anambra,South East,0,5,Caution,59,Moderate,3,8,High Risk
IBD029438,"Gunmen Kill 2, Niger",2024-04-05,2024-04-05,1,2024,1,Niger,North Central,1,5,Caution,20,Low,1,7,Moderate Risk
IBD029430,"Police vs Armed Robber, Nasarawa",2024-04-05,2024-04-05,1,2024,1,Nasarawa,North Central,0,0,Safe,44,Low,1,1,Low Risk
IBD029436,"Military Airstrikes, Katsina",2024-04-05,2024-04-05,20,2024,1,Katsina,North West,0,5,Caution,14,Low,1,6,Moderate Risk
IBD030740,"Police Kill Kidnapper, Delta",2024-04-05,2024-04-05,1,2024,1,Delta,South South,1,5,Caution,94,High,5,11,High Risk
IBD029405,"Army vs Bandits, Kaduna",2024-04-05,2024-04-05,3,2024,1,Kaduna,North West,1,8,Avoid Route,18,Low,1,10,High Risk
IBD029429,"Sallah Stampede, Sokoto",2024-04-05,2024-04-05,9,2024,1,Sokoto,North West,0,3,Safe,40,Low,1,4,Moderate Risk
IBD029503,"Gunmen Attack, Plateau",2024-04-05,2024-04-05,1,2024,1,Plateau,North Central,2,5,Caution,20,Low,1,8,High Risk
IBD029993,"Police Inspector vs Man, Delta",2024-04-05,2024-04-05,1,2024,1,Delta,South South,0,0,Safe,99,High,5,5,Moderate Risk
IBD029425,"Auto Crash, Osun",2024-04-05,2024-04-05,2,2024,1,Osun,South West,0,0,Safe,39,Low,1,1,Low Risk
IBD029422,"Police vs Shiite, Kaduna",2024-04-05,2024-04-05,5,2024,1,Kaduna,North West,0,3,Safe,26,Low,1,4,Moderate Risk
IBD029484,"Man vs Family, Delta",2024-04-05,2024-04-05,1,2024,1,Delta,South South,0,0,Safe,90,High,5,5,Moderate Risk
IBD029456,"Kidnapped Lawyer, Imo",2024-04-05,2024-04-05,1,2024,1,Imo,South East,1,5,Caution,79,Moderate,3,9,High Risk
IBD029423,"Youths vs Men, Cross River",2024-04-04,2024-04-04,3,2024,1,Cross River,South South,0,3,Safe,92,High,5,8,High Risk
IBD029513,"Son Kill Mother, Akwa Ibom",2024-04-04,2024-04-04,1,2024,1,Akwa Ibom,South South,0,0,Safe,94,High,5,5,Moderate Risk
IBD029428,"Boko Haram vs Soldiers, Borno",2024-04-04,2024-04-04,7,2024,1,Borno,North East,0,3,Safe,11,Low,1,4,Moderate Risk
IBD029638,"Cult Killing, Akwa Ibom",2024-04-04,2024-04-04,1,2024,1,Akwa Ibom,South South,0,0,Safe,95,High,5,5,Moderate Risk
IBD029421,"Gunmen Attack, Kogi",2024-04-04,2024-04-04,20,2024,1,Kogi,North Central,2,10,Avoid Route,33,Low,1,13,Extreme Danger
IBD029418,"Gunmen Attack, FCT (Abuja)",2024-04-04,2024-04-04,1,2024,1,FCT,North Central,2,5,Caution,12,Low,1,8,High Risk
IBD029419,"Unijos Student, Plateau",2024-04-04,2024-04-04,1,2024,1,Plateau,North Central,0,0,Safe,48,Low,1,1,Low Risk
IBD029678,"Cult Killing, Abia",2024-04-03,2024-04-03,1,2024,1,Abia,South East,0,0,Safe,55,Moderate,3,3,Low Risk
IBD029417,"Football Match, Ebonyi",2024-04-03,2024-04-03,1,2024,1,Ebonyi,South East,0,0,Safe,47,Low,1,1,Low Risk
IBD029411,"Rainstorm Kill 1, Osun",2024-04-03,2024-04-03,1,2024,1,Osun,South West,0,0,Safe,11,Low,1,1,Low Risk
IBD029402,"Auto Crash, Osun",2024-04-03,2024-04-03,1,2024,1,Osun,South West,0,0,Safe,13,Low,1,1,Low Risk
IBD029398,"Auto Crash, Kwara",2024-04-03,2024-04-03,4,2024,1,Kwara,North Central,0,3,Safe,19,Low,1,4,Moderate Risk
IBD029414,"Auto Crash, Osun",2024-04-03,2024-04-03,1,2024,1,Osun,South West,0,0,Safe,22,Low,1,1,Low Risk
IBD029420,"Kidnapper, Nasarawa",2024-04-03,2024-04-03,1,2024,1,Nasarawa,North Central,1,5,Caution,47,Low,1,7,Moderate Risk
IBD029412,"Transformer Explosion, Ogun",2024-04-03,2024-04-03,1,2024,1,Ogun,South West,0,0,Safe,56,Moderate,3,3,Low Risk
IBD029401,"Auto Crash, Ogun",2024-04-03,2024-04-03,1,2024,1,Ogun,South West,0,0,Safe,54,Moderate,3,3,Low Risk
IBD029415,"Bandits vs Village Head, Kaduna",2024-04-03,2024-04-03,1,2024,1,Kaduna,North West,1,5,Caution,31,Low,1,7,Moderate Risk
IBD029397,"Army vs Terrorists, Taraba",2024-04-02,2024-04-02,5,2024,1,Taraba,North East,1,8,Avoid Route,27,Low,1,10,High Risk
IBD029479,"Missing Boy, Kano",2024-04-02,2024-04-02,2,2024,1,Kano,North West,0,0,Safe,12,Low,1,1,Low Risk
IBD029400,"Windstorm Kills 1, Nasarawa",2024-04-02,2024-04-02,1,2024,1,Nasarawa,North Central,0,0,Safe,21,Low,1,1,Low Risk
IBD029386,"Hunter vs Man, Osun",2024-04-02,2024-04-02,1,2024,1,Osun,South West,0,0,Safe,20,Low,1,1,Low Risk
IBD029391,"Man vs Farm Security Guard, Plateau",2024-04-02,2024-04-02,1,2024,1,Plateau,North Central,0,0,Safe,37,Low,1,1,Low Risk
IBD029384,"Auto Crash, Ogun",2024-04-02,2024-04-04,1,2024,1,Ogun,South West,0,0,Safe,50,Moderate,3,3,Low Risk
IBD029399,"Windstorm Kills 3, Taraba",2024-04-02,2024-04-03,3,2024,1,Taraba,North East,0,3,Safe,38,Low,1,4,Moderate Risk
IBD029408,"Security Operatives vs Gunmen, Anmabra",2024-04-02,2024-04-02,5,2024,1,Unknown,,1,8,Avoid Route,46,Low,1,10,High Risk
IBD030228,"Cult Killing, Ogun",2024-04-02,2024-04-02,1,2024,1,Ogun,South West,0,0,Safe,78,Moderate,3,3,Low Risk
IBD029529,"Kidnappers vs Farmers, Edo",2024-04-02,2024-04-02,1,2024,1,Edo,South South,1,5,Caution,65,Moderate,3,9,High Risk
IBD029406,"Security Operatives vs Bandits, Plateau",2024-04-01,2024-04-01,3,2024,1,Plateau,North Central,1,8,Avoid Route,26,Low,1,10,High Risk
IBD030847,"Assailants vs Council Worker, Lagos",2024-04-01,2024-04-01,1,2024,1,Lagos,South West,0,0,Safe,89,High,5,5,Moderate Risk
IBD029389,"Mysterious Death, Oyo",2024-04-01,2024-04-01,1,2024,1,Oyo,South West,0,0,Safe,30,Low,1,1,Low Risk
IBD029387,"Banditry, Zamfara",2024-04-01,2024-04-01,1,2024,1,Zamfara,North West,1,5,Caution,19,Low,1,7,Moderate Risk
IBD029388,"Auto Crash, Lagos",2024-04-01,2024-04-01,1,2024,1,Lagos,South West,0,0,Safe,81,High,5,5,Moderate Risk
IBD029403,"Assailant vs Couple, FCT (Abuja)",2024-04-01,2024-04-01,2,2024,1,FCT,North Central,0,0,Safe,24,Low,1,1,Low Risk
IBD029382,"Cult Killing, Edo",2024-04-01,2024-04-01,3,2024,1,Edo,South South,0,3,Safe,66,Moderate,3,6,Moderate Risk
IBD029372,"Man vs Brother, Bauchi",2024-03-31,2024-03-31,1,2024,1,Bauchi,North East,0,0,Safe,16,Low,1,1,Low Risk
IBD029364,"Boko Haram vs Soldiers, Borno",2024-03-31,2024-03-31,3,2024,1,Borno,North East,0,3,Safe,41,Low,1,4,Moderate Risk
IBD029376,"Communal Clash, Benue",2024-03-31,2024-04-01,2,2024,1,Benue,North Central,0,0,Safe,22,Low,1,1,Low Risk
IBD029373,"Mob vs Thief, Kwara",2024-03-31,2024-03-31,1,2024,1,Kwara,North Central,0,0,Safe,15,Low,1,1,Low Risk
IBD029379,"Cult Clash, Anambra",2024-03-31,2024-04-04,13,2024,1,Anambra,South East,0,5,Caution,65,Moderate,3,8,High Risk
IBD029370,"Electrocution, Ogun",2024-03-31,2024-03-31,1,2024,1,Ogun,South West,0,0,Safe,52,Moderate,3,3,Low Risk
IBD029368,"Auto Crash, Kogi",2024-03-31,2024-03-31,13,2024,1,Kogi,North Central,0,5,Caution,28,Low,1,6,Moderate Risk
IBD029380,"Banditry, Kaduna",2024-03-31,2024-03-31,25,2024,1,Kaduna,North West,1,10,Avoid Route,37,Low,1,12,Extreme Danger
IBD029371,"Army vs Looter, Kebbi",2024-03-31,2024-03-31,1,2024,1,Kebbi,North West,0,0,Safe,26,Low,1,1,Low Risk
IBD029362,"Accidental Discharge, Taraba",2024-03-31,2024-03-31,3,2024,1,Taraba,North East,0,3,Safe,23,Low,1,4,Moderate Risk
IBD029468,"Naval Personnel vs Civilian Staff, Lagos",2024-03-31,2024-03-31,1,2024,1,Lagos,South West,0,0,Safe,96,High,5,5,Moderate Risk
IBD031337,"Kidnappers vs Shell Staff, Rivers",2024-03-31,2024-03-31,2,2024,1,Rivers,South South,1,5,Caution,89,High,5,11,High Risk
IBD029374,"Cult Killing, Ogun",2024-03-31,2024-03-31,1,2024,1,Ogun,South West,0,0,Safe,72,Moderate,3,3,Low Risk
IBD029369,"Assailants vs Lecturer, Borno",2024-03-31,2024-03-31,1,2024,1,Borno,North East,0,0,Safe,32,Low,1,1,Low Risk
IBD029426,"Teenager Dies in Hotel, Bayelsa",2024-03-31,2024-03-31,1,2024,1,Bayelsa,South South,0,0,Safe,92,High,5,5,Moderate Risk
IBD029394,"Gunmen Attack, Benue",2024-03-30,2024-03-30,4,2024,1,Benue,North Central,2,8,Avoid Route,40,Low,1,11,High Risk
IBD029353,"Sorcery, Ondo",2024-03-30,2024-03-30,3,2024,1,Ondo,South West,0,3,Safe,60,Moderate,3,6,Moderate Risk
IBD029355,"Suspected Motorcycle Thief, Kwara",2024-03-30,2024-03-30,1,2024,1,Kwara,North Central,0,0,Safe,20,Low,1,1,Low Risk
IBD029363,"Man Drowns, Ogun",2024-03-30,2024-03-30,1,2024,1,Ogun,South West,0,0,Safe,70,Moderate,3,3,Low Risk
IBD029360,"Police vs IPOB/ESN, Enugu",2024-03-30,2024-03-30,2,2024,1,Enugu,South East,0,0,Safe,53,Moderate,3,3,Low Risk
IBD029347,"Soldier vs Trader, Ondo",2024-03-30,2024-03-30,1,2024,1,Ondo,South West,0,0,Safe,57,Moderate,3,3,Low Risk
IBD029375,"Assailant vs Fashion Designer, Ogun",2024-03-30,2024-03-30,1,2024,1,Ogun,South West,0,0,Safe,75,Moderate,3,3,Low Risk
IBD029378,"Banditry, Katsina",2024-03-30,2024-03-30,8,2024,1,Katsina,North West,1,8,Avoid Route,31,Low,1,10,High Risk
IBD029350,"Police vs Gunmen, Anambra",2024-03-30,2024-03-30,3,2024,1,Anambra,South East,1,8,Avoid Route,76,Moderate,3,12,Extreme Danger
IBD029705,"Kidnappers vs Girl, Edo",2024-03-30,2024-03-30,1,2024,1,Edo,South South,1,5,Caution,69,Moderate,3,9,High Risk
IBD029342,"Man vs Wife, Lagos",2024-03-29,2024-03-29,1,2024,1,Lagos,South West,0,0,Safe,95,High,5,5,Moderate Risk
IBD029377,"Banditry, Zamfara",2024-03-29,2024-03-29,5,2024,1,Zamfara,North West,1,8,Avoid Route,19,Low,1,10,High Risk
IBD029351,"Cattle Herder, Plateau",2024-03-29,2024-03-29,1,2024,1,Plateau,North Central,0,0,Safe,24,Low,1,1,Low Risk
IBD029354,"Inferno, Taraba",2024-03-29,2024-03-29,4,2024,1,Taraba,North East,0,3,Safe,19,Low,1,4,Moderate Risk
IBD029352,"Teenager vs Friend, Bauchi",2024-03-28,2024-03-28,1,2024,1,Bauchi,North East,0,0,Safe,29,Low,1,1,Low Risk
IBD029396,"Banditry, Kaduna",2024-03-28,2024-03-28,2,2024,1,Kaduna,North West,1,5,Caution,47,Low,1,7,Moderate Risk
IBD029395,"Vigilantes vs Kidnappers, FCT, Abuja",2024-03-28,2024-03-28,4,2024,1,FCT,North Central,1,8,Avoid Route,24,Low,1,10,High Risk
IBD029348,"Boy vs Playmate, Lagos",2024-03-28,2024-03-28,1,2024,1,Lagos,South West,0,0,Safe,81,High,5,5,Moderate Risk
IBD029346,"Neighbours vs Woman, Ogun",2024-03-28,2024-03-28,1,2024,1,Ogun,South West,0,0,Safe,79,Moderate,3,3,Low Risk
IBD029339,"Auto Crash, FCT (Abuja)",2024-03-27,2024-03-27,2,2024,1,FCT,North Central,0,0,Safe,22,Low,1,1,Low Risk
IBD029404,"Assailants vs Police Officer, Edo",2024-03-27,2024-03-27,1,2024,1,Edo,South South,0,0,Safe,52,Moderate,3,3,Low Risk
IBD029335,"Police vs Bandits, Benue",2024-03-27,2024-03-27,2,2024,1,Benue,North Central,1,5,Caution,48,Low,1,7,Moderate Risk
IBD029341,"Bandits vs Abductees, Niger",2024-03-27,2024-03-27,9,2024,1,Niger,North Central,1,8,Avoid Route,37,Low,1,10,High Risk
IBD029381,"Kidnappers vs Farmer, Edo",2024-03-27,2024-03-27,1,2024,1,Edo,South South,1,5,Caution,57,Moderate,3,9,High Risk
IBD029713,"Domestic Violence, Ondo",2024-03-27,2024-03-27,1,2024,1,Ondo,South West,0,0,Safe,60,Moderate,3,3,Low Risk
IBD029407,"Army vs Bandits, Taraba",2024-03-27,2024-03-27,1,2024,1,Taraba,North East,1,5,Caution,11,Low,1,7,Moderate Risk
IBD029328,"Banditry, Zamfara",2024-03-26,2024-03-26,1,2024,1,Zamfara,North West,1,5,Caution,20,Low,1,7,Moderate Risk
IBD029340,"Army vs Bandit Leader, Sokoto",2024-03-26,2024-03-26,1,2024,1,Sokoto,North West,1,5,Caution,47,Low,1,7,Moderate Risk
IBD029385,"Bandits vs Security Operatives, Katsina",2024-03-26,2024-03-29,10,2024,1,Katsina,North West,1,10,Avoid Route,37,Low,1,12,Extreme Danger
IBD029337,"Army vs Boko Haram, Borno",2024-03-26,2024-03-26,1,2024,1,Borno,North East,0,0,Safe,32,Low,1,1,Low Risk
IBD029333,"Army vs Boko Haram, Borno",2024-03-26,2024-03-26,1,2024,1,Borno,North East,0,0,Safe,23,Low,1,1,Low Risk
IBD029332,"Man vs Friend, Bauchi",2024-03-26,2024-03-26,1,2024,1,Bauchi,North East,0,0,Safe,22,Low,1,1,Low Risk
IBD029336,"Banditry, Katsina",2024-03-26,2024-03-26,2,2024,1,Katsina,North West,1,5,Caution,15,Low,1,7,Moderate Risk
IBD029344,"Mob vs Car Snatchers, Rivers",2024-03-25,2024-03-25,2,2024,1,Rivers,South South,0,0,Safe,83,High,5,5,Moderate Risk
IBD029345,"Ebubeagu vs Man, Imo",2024-03-25,2024-03-25,1,2024,1,Imo,South East,0,0,Safe,55,Moderate,3,3,Low Risk
IBD029356,"Auto Crash, Lagos",2024-03-25,2024-03-25,1,2024,1,Lagos,South West,0,0,Safe,93,High,5,5,Moderate Risk
IBD029322,"Auto Crash, Ogun",2024-03-25,2024-03-25,2,2024,1,Ogun,South West,0,0,Safe,58,Moderate,3,3,Low Risk
IBD029383,"Bandits Kill 9, Katsina",2024-03-25,2024-03-31,9,2024,1,Katsina,North West,1,8,Avoid Route,37,Low,1,10,High Risk
IBD029138,"Mob vs Car Vandal, Lagos",2024-03-25,2024-03-25,1,2024,1,Lagos,South West,0,0,Safe,94,High,5,5,Moderate Risk
IBD029359,"Inferno, Lagos",2024-03-25,2024-03-25,1,2024,1,Lagos,South West,0,0,Safe,96,High,5,5,Moderate Risk
IBD029330,"Ritual Killing, Osun",2024-03-25,2024-03-25,1,2024,1,Osun,South West,0,0,Safe,37,Low,1,1,Low Risk
IBD029320,"Police vs Cult Commander, Rivers",2024-03-25,2024-03-25,1,2024,1,Rivers,South South,0,0,Safe,96,High,5,5,Moderate Risk
IBD029325,"Auto Crash, Kogi",2024-03-24,2024-03-24,2,2024,1,Kogi,North Central,0,0,Safe,20,Low,1,1,Low Risk
IBD029314,"Suspected Kidnapper, Edo",2024-03-24,2024-03-24,1,2024,1,Edo,South South,1,5,Caution,59,Moderate,3,9,High Risk
IBD029323,"Banditry, Zamfara",2024-03-24,2024-03-24,2,2024,1,Zamfara,North West,1,5,Caution,32,Low,1,7,Moderate Risk
IBD029349,"Army vs Bandits, Zamfara",2024-03-24,2024-03-24,41,2024,1,Zamfara,North West,1,10,Avoid Route,43,Low,1,12,Extreme Danger
IBD029319,"Man vs Brother, Niger",2024-03-24,2024-03-24,1,2024,1,Niger,North Central,0,0,Safe,40,Low,1,1,Low Risk
IBD029309,"Stampede, Bauchi",2024-03-24,2024-03-24,6,2024,1,Bauchi,North East,0,3,Safe,45,Low,1,4,Moderate Risk
IBD029358,"Herdsmen Kill 10, Benue",2024-03-24,2024-03-24,10,2024,1,Benue,North Central,1,10,Avoid Route,40,Low,1,12,Extreme Danger
IBD029331,"Boko Haram vs Soldier, Yobe",2024-03-23,2024-03-23,1,2024,1,Yobe,North East,0,0,Safe,20,Low,1,1,Low Risk
IBD029306,"Gunmen vs Policemen, Imo",2024-03-23,2024-03-23,2,2024,1,Imo,South East,1,5,Caution,72,Moderate,3,9,High Risk
IBD029310,"Inferno, Yobe",2024-03-23,2024-03-23,1,2024,1,Yobe,North East,0,0,Safe,10,Low,1,1,Low Risk
IBD029327,"Robbery Kill Cyclist, FCT (Abuja)",2024-03-23,2024-03-23,1,2024,1,FCT,North Central,0,0,Safe,48,Low,1,1,Low Risk
IBD029317,"Cult Clash, Kwara",2024-03-23,2024-03-23,1,2024,1,Kwara,North Central,0,0,Safe,15,Low,1,1,Low Risk
IBD029307,"Bandits Kill 2, Katsina",2024-03-23,2024-03-23,2,2024,1,Katsina,North West,1,5,Caution,23,Low,1,7,Moderate Risk
IBD029343,"Hausa vs Fulani, Sokoto",2024-03-23,2024-03-23,4,2024,1,Sokoto,North West,0,3,Safe,14,Low,1,4,Moderate Risk
IBD029318,"Mob vs Kidnapper, Edo",2024-03-23,2024-03-23,1,2024,1,Edo,South South,1,5,Caution,69,Moderate,3,9,High Risk
IBD029316,"Assailants vs Man, Ogun",2024-03-23,2024-03-23,1,2024,1,Ogun,South West,0,0,Safe,64,Moderate,3,3,Low Risk
IBD029334,"Auto Crash, Bauchi",2024-03-23,2024-03-23,4,2024,1,Bauchi,North East,0,3,Safe,46,Low,1,4,Moderate Risk
IBD029311,"Communal Clash, Plateau",2024-03-23,2024-03-23,10,2024,1,Plateau,North Central,0,5,Caution,30,Low,1,6,Moderate Risk
IBD029312,"Army vs Terrorists, Borno",2024-03-22,2024-03-22,5,2024,1,Borno,North East,1,8,Avoid Route,41,Low,1,10,High Risk
IBD029313,"Gunmen vs Farmers, Nasarawa",2024-03-22,2024-03-24,6,2024,1,Nasarawa,North Central,1,8,Avoid Route,31,Low,1,10,High Risk
IBD029300,"Stampede, Nasarawa",2024-03-22,2024-03-22,2,2024,1,Nasarawa,North Central,0,0,Safe,35,Low,1,1,Low Risk
IBD029458,"Security Operatives vs Man, Lagos",2024-03-22,2024-03-22,1,2024,1,Lagos,South West,0,0,Safe,100,High,5,5,Moderate Risk
IBD029305,"Assailants vs Suya Seller, Imo",2024-03-22,2024-03-22,1,2024,1,Imo,South East,0,0,Safe,65,Moderate,3,3,Low Risk
PAR012633,"Police vs Kidnappers, Ogun",2024-03-21,2024-03-21,5,2024,1,Ogun,South West,1,8,Avoid Route,76,Moderate,3,12,Extreme Danger
IBD029276,"Tricycle Riders vs Motorcyclists, Delta",2024-03-21,2024-03-21,2,2024,1,Delta,South South,0,0,Safe,87,High,5,5,Moderate Risk
IBD029299,"Herdsmen Kill 7, Benue",2024-03-21,2024-03-21,7,2024,1,Benue,North Central,1,8,Avoid Route,32,Low,1,10,High Risk
IBD029302,"Police vs Armed Robbers, Rivers",2024-03-21,2024-03-21,3,2024,1,Rivers,South South,0,3,Safe,91,High,5,8,High Risk
IBD029304,"Police vs Gunmen, Ebonyi",2024-03-21,2024-03-21,3,2024,1,Ebonyi,South East,1,8,Avoid Route,40,Low,1,10,High Risk
IBD029301,"Auto Crash, Abia",2024-03-21,2024-03-21,3,2024,1,Abia,South East,0,3,Safe,57,Moderate,3,6,Moderate Risk
IBD029315,"Auto Crash, FCT (Abuja)",2024-03-21,2024-03-21,2,2024,1,FCT,North Central,0,0,Safe,19,Low,1,1,Low Risk
IBD029296,"Banditary, Niger",2024-03-21,2024-03-21,31,2024,1,Niger,North Central,1,10,Avoid Route,16,Low,1,12,Extreme Danger
IBD029297,"Gunmen Attack, Benue",2024-03-21,2024-03-21,2,2024,1,Benue,North Central,2,5,Caution,34,Low,1,8,High Risk
IBD029274,"Auto Crash, FCT (Abuja)",2024-03-20,2024-03-20,10,2024,1,FCT,North Central,0,5,Caution,31,Low,1,6,Moderate Risk
IBD029291,"Banditry, Sokoto",2024-03-20,2024-03-20,1,2024,1,Sokoto,North West,1,5,Caution,32,Low,1,7,Moderate Risk
PAR012634,"Security Operatives vs Man, Bayelsa",2024-03-20,2024-03-20,1,2024,1,Bayelsa,South South,0,0,Safe,93,High,5,5,Moderate Risk
IBD029294,"Cult Killing, Delta",2024-03-20,2024-03-20,2,2024,1,Delta,South South,0,0,Safe,90,High,5,5,Moderate Risk
IBD029329,"Police vs Robbers, Akwa Ibom",2024-03-20,2024-03-20,3,2024,1,Akwa Ibom,South South,0,3,Safe,91,High,5,8,High Risk
IBD029290,"Gunmen vs Transporter, Ogun",2024-03-20,2024-03-20,1,2024,1,Ogun,South West,1,5,Caution,72,Moderate,3,9,High Risk
IBD029324,"Man Dies, Kwara",2024-03-20,2024-03-20,1,2024,1,Kwara,North Central,0,0,Safe,15,Low,1,1,Low Risk
IBD029292,"Banditry, Taraba",2024-03-20,2024-03-20,1,2024,1,Taraba,North East,1,5,Caution,27,Low,1,7,Moderate Risk
IBD029409,"Ritual Killing, Imo",2024-03-20,2024-03-20,3,2024,1,Imo,South East,0,3,Safe,71,Moderate,3,6,Moderate Risk
IBD029295,"Terrorists Attack, Katsina",2024-03-19,2024-03-20,6,2024,1,Katsina,North West,2,8,Avoid Route,19,Low,1,11,High Risk
IBD029285,"Auto Crash, Oyo",2024-03-19,2024-03-19,2,2024,1,Oyo,South West,0,0,Safe,42,Low,1,1,Low Risk
IBD029288,"Miners, Cross River",2024-03-19,2024-03-19,2,2024,1,Cross River,South South,0,0,Safe,82,High,5,5,Moderate Risk
IBD029357,"Teenager vs Friend, Niger",2024-03-19,2024-03-19,1,2024,1,Niger,North Central,0,0,Safe,16,Low,1,1,Low Risk
IBD029282,"Herdsmen Attack, Benue",2024-03-19,2024-03-20,20,2024,1,Benue,North Central,2,10,Avoid Route,41,Low,1,13,Extreme Danger
IBD029287,"Herdsmen Attack, Benue",2024-03-19,2024-03-19,2,2024,1,Benue,North Central,2,5,Caution,12,Low,1,8,High Risk
IBD029298,"Gunmen Attack, Niger",2024-03-19,2024-03-19,5,2024,1,Niger,North Central,2,8,Avoid Route,16,Low,1,11,High Risk
IBD029270,"Army Attack, Bayelsa",2024-03-18,2024-03-18,14,2024,1,Bayelsa,South South,1,10,Avoid Route,90,High,5,16,Extreme Danger
IBD029283,"Cult Clash, Ogun",2024-03-18,2024-03-18,2,2024,1,Ogun,South West,0,0,Safe,60,Moderate,3,3,Low Risk
IBD029280,"Medical Negligence, Ekiti",2024-03-18,2024-03-18,1,2024,1,Ekiti,South West,0,0,Safe,44,Low,1,1,Low Risk
IBD029286,"Soldiers vs IPOB, Imo",2024-03-18,2024-03-18,1,2024,1,Imo,South East,0,0,Safe,62,Moderate,3,3,Low Risk
IBD029569,"Ritual Killing, Oyo",2024-03-18,2024-03-18,1,2024,1,Oyo,South West,0,0,Safe,33,Low,1,1,Low Risk
IBD029277,"Fire Incident, Bauchi",2024-03-17,2024-03-17,2,2024,1,Bauchi,North East,0,0,Safe,45,Low,1,1,Low Risk
IBD029278,"Mob vs Thief, Bauchi",2024-03-17,2024-03-17,1,2024,1,Bauchi,North East,0,0,Safe,43,Low,1,1,Low Risk
IBD029272,"Kidnappers vs Security Operative, Abia",2024-03-17,2024-03-17,1,2024,1,Abia,South East,1,5,Caution,54,Moderate,3,9,High Risk
IBD029284,"Gunmen Attack, Benue",2024-03-17,2024-03-17,1,2024,1,Benue,North Central,2,5,Caution,25,Low,1,8,High Risk
IBD029269,"Gunmen vs Businessman, Rivers",2024-03-17,2024-03-17,1,2024,1,Rivers,South South,1,5,Caution,93,High,5,11,High Risk
IBD029260,"One Killed, Edo",2024-03-16,2024-03-16,1,2024,1,Edo,South South,0,0,Safe,61,Moderate,3,3,Low Risk
IBD029263,"Forklift Accident, Lagos",2024-03-16,2024-03-16,1,2024,1,Lagos,South West,0,0,Safe,85,High,5,5,Moderate Risk
IBD029281,"Cult Attack, Rivers",2024-03-16,2024-03-16,1,2024,1,Rivers,South South,1,5,Caution,87,High,5,11,High Risk
IBD029268,"Inferno, Kaduna",2024-03-16,2024-03-16,1,2024,1,Kaduna,North West,0,0,Safe,11,Low,1,1,Low Risk
IBD029262,"Communal Clash, Kogi",2024-03-15,2024-03-16,4,2024,1,Kogi,North Central,0,3,Safe,19,Low,1,4,Moderate Risk
IBD029256,"Army vs Bandits, Kaduna",2024-03-15,2024-03-15,2,2024,1,Kaduna,North West,1,5,Caution,43,Low,1,7,Moderate Risk
IBD029275,"Gunmen vs Traditional Ruler, Bauchi",2024-03-15,2024-03-15,1,2024,1,Bauchi,North East,1,5,Caution,26,Low,1,7,Moderate Risk
IBD029454,"Cult Killing, Rivers",2024-03-15,2024-03-15,10,2024,1,Rivers,South South,0,5,Caution,90,High,5,10,High Risk
IBD029279,"Gunmen vs Pastors, Akwa Ibom",2024-03-15,2024-03-15,2,2024,1,Akwa Ibom,South South,1,5,Caution,83,High,5,11,High Risk
IBD029361,"Suspected Motorcycle Thief, Ondo",2024-03-15,2024-03-15,1,2024,1,Ondo,South West,0,0,Safe,62,Moderate,3,3,Low Risk
PAR012632,"Corpse Found, Ekiti",2024-03-15,2024-03-15,1,2024,1,Ekiti,South West,0,0,Safe,20,Low,1,1,Low Risk
IBD029259,"Army vs Bandits, Katsina",2024-03-15,2024-03-15,2,2024,1,Katsina,North West,1,5,Caution,25,Low,1,7,Moderate Risk
IBD031336,"Kidnappers vs Policemen, Rivers",2024-03-15,2024-03-15,2,2024,1,Rivers,South South,1,5,Caution,99,High,5,11,High Risk
IBD029241,"Hoodlum vs Man, Anambra",2024-03-14,2024-03-14,1,2024,1,Anambra,South East,0,0,Safe,59,Moderate,3,3,Low Risk
IBD029252,"Rape Victim, Plateau",2024-03-14,2024-03-14,1,2024,1,Plateau,North Central,0,0,Safe,20,Low,1,1,Low Risk
IBD029271,"Bandit Kingpin, Katsina",2024-03-14,2024-03-14,1,2024,1,Katsina,North West,1,5,Caution,44,Low,1,7,Moderate Risk
IBD029266,"Cultists vs Man, Rivers",2024-03-14,2024-03-14,1,2024,1,Rivers,South South,0,0,Safe,94,High,5,5,Moderate Risk
IBD029248,"Army vs Terrorists, Taraba",2024-03-14,2024-03-14,2,2024,1,Taraba,North East,1,5,Caution,23,Low,1,7,Moderate Risk
IBD029255,"Youths vs Army, Delta",2024-03-14,2024-03-14,29,2024,1,Delta,South South,0,5,Caution,87,High,5,10,High Risk
IBD029253,"Organ Harvesting Victim, Plateau",2024-03-14,2024-03-14,1,2024,1,Plateau,North Central,0,0,Safe,11,Low,1,1,Low Risk
IBD029264,"Ritual Killing, Bauchi",2024-03-14,2024-03-14,1,2024,1,Bauchi,North East,0,0,Safe,40,Low,1,1,Low Risk
IBD029289,"Domestic Violence, Ondo",2024-03-13,2024-03-13,1,2024,1,Ondo,South West,0,0,Safe,63,Moderate,3,3,Low Risk
IBD029261,"Co-tenant vs Student, FCT (Abuja)",2024-03-13,2024-03-13,1,2024,1,FCT,North Central,0,0,Safe,36,Low,1,1,Low Risk
IBD029240,"Man vs In-law, Kano",2024-03-13,2024-03-13,1,2024,1,Kano,North West,0,0,Safe,43,Low,1,1,Low Risk
IBD029424,"Man vs Woman, Ondo",2024-03-13,2024-03-13,1,2024,1,Ondo,South West,0,0,Safe,60,Moderate,3,3,Low Risk
IBD029254,"Assailants vs Baker, Lagos",2024-03-13,2024-03-13,1,2024,1,Lagos,South West,0,0,Safe,94,High,5,5,Moderate Risk
IBD029265,"Son vs Father, Akwa Ibom",2024-03-13,2024-03-13,1,2024,1,Akwa Ibom,South South,0,0,Safe,80,High,5,5,Moderate Risk
IBD029244,"Gunmen vs Commuters, Taraba",2024-03-13,2024-03-13,8,2024,1,Taraba,North East,1,8,Avoid Route,23,Low,1,10,High Risk
IBD029250,"Inferno, Borno",2024-03-12,2024-03-12,2,2024,1,Borno,North East,0,0,Safe,26,Low,1,1,Low Risk
IBD029257,"Banditry, Kaduna",2024-03-12,2024-03-12,1,2024,1,Kaduna,North West,1,5,Caution,28,Low,1,7,Moderate Risk
IBD029246,"Communal Clash, Adamawa",2024-03-12,2024-03-13,2,2024,1,Adamawa,North East,0,0,Safe,16,Low,1,1,Low Risk
IBD029229,"Police Officer Kills One, FCT (Abuja)",2024-03-12,2024-03-12,1,2024,1,FCT,North Central,0,0,Safe,37,Low,1,1,Low Risk
IBD029231,"Auto Crash, Ogun",2024-03-12,2024-03-12,1,2024,1,Ogun,South West,0,0,Safe,68,Moderate,3,3,Low Risk
IBD029247,"Communal Clash, Adamawa",2024-03-12,2024-03-13,2,2024,1,Adamawa,North East,0,0,Safe,17,Low,1,1,Low Risk
IBD029413,"Bandits Kill 5, Kaduna",2024-03-12,2024-03-12,5,2024,1,Kaduna,North West,1,8,Avoid Route,23,Low,1,10,High Risk
IBD029251,"Inferno, Bauchi",2024-03-12,2024-03-12,2,2024,1,Bauchi,North East,0,0,Safe,13,Low,1,1,Low Risk
IBD029258,"Assailants vs Man, Kano",2024-03-12,2024-03-12,1,2024,1,Kano,North West,0,0,Safe,48,Low,1,1,Low Risk
IBD029239,"Herdsmen vs Farmer, Delta",2024-03-11,2024-03-11,1,2024,1,Delta,South South,1,5,Caution,87,High,5,11,High Risk
IBD029227,"Bandits Kill 7, Plateau",2024-03-11,2024-03-11,7,2024,1,Plateau,North Central,1,8,Avoid Route,32,Low,1,10,High Risk
IBD029238,"Communal Clash, Niger",2024-03-11,2024-03-11,2,2024,1,Niger,North Central,0,0,Safe,24,Low,1,1,Low Risk
IBD029234,"Communal Clash, Bayelsa",2024-03-11,2024-03-11,1,2024,1,Bayelsa,South South,0,0,Safe,94,High,5,5,Moderate Risk
IBD029232,"Cult Killing, Abia",2024-03-11,2024-03-11,1,2024,1,Abia,South East,0,0,Safe,73,Moderate,3,3,Low Risk
IBD029236,"Auto Crash, Ondo",2024-03-11,2024-03-11,3,2024,1,Ondo,South West,0,3,Safe,71,Moderate,3,6,Moderate Risk
IBD029224,"Rape Victim, Ondo",2024-03-10,2024-03-10,1,2024,1,Ondo,South West,0,0,Safe,77,Moderate,3,3,Low Risk
IBD029223,"Army vs Bandits, Zamfara",2024-03-10,2024-03-10,2,2024,1,Zamfara,North West,1,5,Caution,43,Low,1,7,Moderate Risk
IBD029233,"Gunmen Attack, Ebonyi",2024-03-10,2024-03-10,1,2024,1,Ebonyi,South East,2,5,Caution,21,Low,1,8,High Risk
IBD029242,"Man vs Mediator, Ekiti",2024-03-10,2024-03-10,1,2024,1,Ekiti,South West,0,0,Safe,33,Low,1,1,Low Risk
IBD029222,"Army vs Bandits, Katsina",2024-03-10,2024-03-10,2,2024,1,Katsina,North West,1,5,Caution,39,Low,1,7,Moderate Risk
IBD029220,"Army vs Boko Haram, Borno",2024-03-10,2024-03-10,8,2024,1,Borno,North East,0,3,Safe,15,Low,1,4,Moderate Risk
IBD029215,"Communal Clash, Cross River",2024-03-10,2024-03-10,3,2024,1,Cross River,South South,0,3,Safe,94,High,5,8,High Risk
IBD029237,"Gunmen vs Farmer, Benue",2024-03-10,2024-03-10,1,2024,1,Benue,North Central,1,5,Caution,42,Low,1,7,Moderate Risk
IBD029230,"Bandits Kill 2, Katsina",2024-03-10,2024-03-10,2,2024,1,Katsina,North West,1,5,Caution,42,Low,1,7,Moderate Risk
IBD029225,"Kidnappers, Enugu",2024-03-10,2024-03-10,1,2024,1,Enugu,South East,1,5,Caution,60,Moderate,3,9,High Risk
IBD029235,"Auto Crash, Ogun",2024-03-10,2024-03-10,2,2024,1,Ogun,South West,0,0,Safe,57,Moderate,3,3,Low Risk
IBD029219,"Banditry, Sokoto",2024-03-09,2024-03-09,1,2024,1,Sokoto,North West,1,5,Caution,31,Low,1,7,Moderate Risk
IBD029228,"Ritual Killing, Edo",2024-03-09,2024-03-09,1,2024,1,Edo,South South,0,0,Safe,77,Moderate,3,3,Low Risk
IBD029210,"Auto Crash, Ondo",2024-03-09,2024-03-09,5,2024,1,Ondo,South West,0,3,Safe,56,Moderate,3,6,Moderate Risk
PAR012630,"Building Collapse, Anambra",2024-03-09,2024-03-09,5,2024,1,Anambra,South East,0,3,Safe,75,Moderate,3,6,Moderate Risk
IBD029249,"House Help vs Boss, Lagos",2024-03-09,2024-03-09,1,2024,1,Lagos,South West,0,0,Safe,95,High,5,5,Moderate Risk
IBD029214,"Cultists vs Man, Edo",2024-03-09,2024-03-09,1,2024,1,Edo,South South,0,0,Safe,78,Moderate,3,3,Low Risk
IBD029216,"Communal Crisis, Imo",2024-03-08,2024-03-08,4,2024,1,Imo,South East,0,3,Safe,59,Moderate,3,6,Moderate Risk
IBD029206,"Mosque Attack, Kaduna",2024-03-08,2024-03-08,2,2024,1,Kaduna,North West,1,5,Caution,49,Low,1,7,Moderate Risk
IBD029208,"Soldiers vs Boko Haram, Borno",2024-03-08,2024-03-08,1,2024,1,Borno,North East,0,0,Safe,34,Low,1,1,Low Risk
IBD029213,"Herdsmen vs Farmer, Edo",2024-03-08,2024-03-08,1,2024,1,Edo,South South,1,5,Caution,73,Moderate,3,9,High Risk
IBD029226,"Corpse Found, Kwara",2024-03-08,2024-03-08,1,2024,1,Kwara,North Central,0,0,Safe,15,Low,1,1,Low Risk
IBD029494,"River Drown Many, Oyo",2024-03-08,2024-03-15,10,2024,1,Oyo,South West,0,5,Caution,17,Low,1,6,Moderate Risk
IBD029221,"Army vs Boko Haram, Borno",2024-03-08,2024-03-08,3,2024,1,Borno,North East,0,3,Safe,32,Low,1,4,Moderate Risk
IBD029207,"Soldiers vs Boko Haram, Borno",2024-03-08,2024-03-08,3,2024,1,Borno,North East,0,3,Safe,11,Low,1,4,Moderate Risk
IBD029643,"Medical Negligence, Lagos",2024-03-08,2024-03-08,2,2024,1,Lagos,South West,0,0,Safe,99,High,5,5,Moderate Risk
IBD029243,"Police vs Lawyer, Kogi",2024-03-07,2024-03-07,1,2024,1,Kogi,North Central,0,0,Safe,17,Low,1,1,Low Risk
IBD029202,"School Kidnap, Kaduna",2024-03-07,2024-03-07,2,2024,1,Kaduna,North West,1,5,Caution,30,Low,1,7,Moderate Risk
IBD029201,"Armed Robbers Attack, Kogi",2024-03-07,2024-03-07,2,2024,1,Kogi,North Central,1,5,Caution,19,Low,1,7,Moderate Risk
IBD029211,"Herdsmen Attack, Benue",2024-03-07,2024-03-07,17,2024,1,Benue,North Central,2,10,Avoid Route,10,Low,1,13,Extreme Danger
IBD029321,"Kidnap Victim, Kaduna",2024-03-07,2024-03-07,1,2024,1,Kaduna,North West,1,5,Caution,24,Low,1,7,Moderate Risk
IBD029212,"Soldiers vs IPOB, Anambra",2024-03-07,2024-03-07,40,2024,1,Anambra,South East,0,5,Caution,56,Moderate,3,8,High Risk
IBD029209,"Gunmen Attack, Ebonyi",2024-03-07,2024-03-07,6,2024,1,Ebonyi,South East,2,8,Avoid Route,21,Low,1,11,High Risk
IBD031903,"Bureau De Change Operator, FCT (Abuja)",2024-03-07,2024-03-07,1,2024,1,FCT,North Central,0,0,Safe,10,Low,1,1,Low Risk
IBD029203,"Soldiers vs Bandits, Sokoto",2024-03-06,2024-03-06,2,2024,1,Sokoto,North West,1,5,Caution,40,Low,1,7,Moderate Risk
IBD029189,"Auto Crash, Lagos",2024-03-06,2024-03-06,1,2024,1,Lagos,South West,0,0,Safe,85,High,5,5,Moderate Risk
IBD029245,"Assailants vs Man, Delta",2024-03-06,2024-03-06,1,2024,1,Delta,South South,0,0,Safe,93,High,5,5,Moderate Risk
IBD029200,"Assailants vs Student, Kwara",2024-03-06,2024-03-06,1,2024,1,Kwara,North Central,0,0,Safe,13,Low,1,1,Low Risk
IBD029194,"Man vs Uncle, Bayelsa",2024-03-06,2024-03-06,1,2024,1,Bayelsa,South South,0,0,Safe,90,High,5,5,Moderate Risk
IBD029184,"Cultists vs Technician, Ogun",2024-03-06,2024-03-06,1,2024,1,Ogun,South West,0,0,Safe,77,Moderate,3,3,Low Risk
IBD029180,"Auto Crash, Anambra",2024-03-05,2024-03-05,1,2024,1,Anambra,South East,0,0,Safe,67,Moderate,3,3,Low Risk
IBD029185,"Cult Killing, Ogun",2024-03-05,2024-03-05,1,2024,1,Ogun,South West,0,0,Safe,54,Moderate,3,3,Low Risk
IBD029193,"Man vs Wife, Rivers",2024-03-05,2024-03-05,1,2024,1,Rivers,South South,0,0,Safe,86,High,5,5,Moderate Risk
IBD029191,"Auto Crash, Abia",2024-03-05,2024-03-05,1,2024,1,Abia,South East,0,0,Safe,61,Moderate,3,3,Low Risk
IBD029199,"Robbers Attack, Jigawa",2024-03-05,2024-03-05,3,2024,1,Jigawa,North West,1,8,Avoid Route,14,Low,1,10,High Risk
IBD029187,"Gunmen vs Herder, Plateau",2024-03-05,2024-03-05,1,2024,1,Plateau,North Central,1,5,Caution,12,Low,1,7,Moderate Risk
IBD029190,"Assailant vs Islamic Scholar, Zamfara",2024-03-05,2024-03-05,1,2024,1,Zamfara,North West,0,0,Safe,42,Low,1,1,Low Risk
IBD029196,"NAF vs Bandits, Zamfara",2024-03-05,2024-03-05,40,2024,1,Zamfara,North West,1,10,Avoid Route,39,Low,1,12,Extreme Danger
IBD029451,"Cult Killing, Rivers",2024-03-05,2024-03-05,4,2024,1,Rivers,South South,0,3,Safe,96,High,5,8,High Risk
IBD029186,"Army vs ESN, Imo",2024-03-05,2024-03-05,5,2024,1,Imo,South East,0,3,Safe,55,Moderate,3,6,Moderate Risk
IBD029204,"NAF vs Bandits, Katsina",2024-03-05,2024-03-05,22,2024,1,Katsina,North West,1,10,Avoid Route,44,Low,1,12,Extreme Danger
IBD029183,"Militia Clash, Benue",2024-03-05,2024-03-05,40,2024,1,Benue,North Central,0,5,Caution,14,Low,1,6,Moderate Risk
IBD031335,"Kidnap Victims, Rivers",2024-03-05,2024-03-05,3,2024,1,Rivers,South South,1,8,Avoid Route,86,High,5,14,Extreme Danger
IBD029198,"Kidnappers vs Family, Kaduna",2024-03-04,2024-03-04,5,2024,1,Kaduna,North West,1,8,Avoid Route,40,Low,1,10,High Risk
IBD029176,"Gunmen Kill 2, Benue",2024-03-04,2024-03-04,2,2024,1,Benue,North Central,1,5,Caution,48,Low,1,7,Moderate Risk
IBD029182,"Banditry, Zamfara",2024-03-04,2024-03-04,1,2024,1,Zamfara,North West,1,5,Caution,15,Low,1,7,Moderate Risk
IBD029177,"Army vs Bandits, Katsina",2024-03-04,2024-03-04,4,2024,1,Katsina,North West,1,8,Avoid Route,32,Low,1,10,High Risk
IBD029174,"Police vs Armed Robber, Delta",2024-03-04,2024-03-04,1,2024,1,Delta,South South,0,0,Safe,81,High,5,5,Moderate Risk
IBD029170,"Auto Crash, Kaduna",2024-03-04,2024-03-04,14,2024,1,Kaduna,North West,0,5,Caution,35,Low,1,6,Moderate Risk
IBD029273,"Banditry, Katsina",2024-03-04,2024-03-04,200,2024,1,Katsina,North West,1,10,Avoid Route,26,Low,1,12,Extreme Danger
IBD029178,"Communal Clash, Lagos",2024-03-04,2024-03-05,15,2024,1,Lagos,South West,0,5,Caution,93,High,5,10,High Risk
IBD029179,"Banditry, Zamfara",2024-03-03,2024-03-03,3,2024,1,Zamfara,North West,1,8,Avoid Route,49,Low,1,10,High Risk
IBD029167,"Auto Crash, Lagos",2024-03-03,2024-03-03,1,2024,1,Lagos,South West,0,0,Safe,96,High,5,5,Moderate Risk
IBD029173,"Electrocution, Delta",2024-03-03,2024-03-03,1,2024,1,Delta,South South,0,0,Safe,88,High,5,5,Moderate Risk
IBD029171,"Herdsmen Attack, Benue",2024-03-03,2024-03-03,5,2024,1,Benue,North Central,2,8,Avoid Route,15,Low,1,11,High Risk
IBD029172,"Herdsmen vs Soldier, Benue",2024-03-03,2024-03-03,1,2024,1,Benue,North Central,1,5,Caution,12,Low,1,7,Moderate Risk
IBD029162,"Auto Crash, Lagos",2024-03-02,2024-03-02,1,2024,1,Lagos,South West,0,0,Safe,85,High,5,5,Moderate Risk
IBD029367,"Assailants vs Man, Edo",2024-03-02,2024-03-02,1,2024,1,Edo,South South,0,0,Safe,56,Moderate,3,3,Low Risk
IBD029166,"Fire Outbreak, Lagos",2024-03-02,2024-03-02,1,2024,1,Lagos,South West,0,0,Safe,87,High,5,5,Moderate Risk
IBD029158,"Security Operatives Kills Two, Delta",2024-03-02,2024-03-02,2,2024,1,Delta,South South,0,0,Safe,97,High,5,5,Moderate Risk
IBD029159,"Auto Crash/Crime, Edo",2024-03-02,2024-03-02,4,2024,1,Edo,South South,0,3,Safe,62,Moderate,3,6,Moderate Risk
IBD029168,"Banditry, Kaduna",2024-03-02,2024-03-02,2,2024,1,Kaduna,North West,1,5,Caution,11,Low,1,7,Moderate Risk
IBD029192,"Decomposed Body, Ebonyi",2024-03-02,2024-03-02,1,2024,1,Ebonyi,South East,0,0,Safe,44,Low,1,1,Low Risk
IBD029205,"Army vs Gunmen, Imo",2024-03-02,2024-03-02,20,2024,1,Imo,South East,1,10,Avoid Route,55,Moderate,3,14,Extreme Danger
IBD029410,"Auto Crash, Ogun",2024-03-02,2024-04-02,4,2024,1,Ogun,South West,0,3,Safe,52,Moderate,3,6,Moderate Risk
IBD029164,"Auto Crash, Lagos",2024-03-02,2024-03-02,1,2024,1,Lagos,South West,0,0,Safe,83,High,5,5,Moderate Risk
IBD029175,"3 Drowns, Benue",2024-03-02,2024-03-02,3,2024,1,Benue,North Central,0,3,Safe,42,Low,1,4,Moderate Risk
IBD029154,"Auto Crash, Anambra",2024-03-01,2024-03-01,2,2024,1,Anambra,South East,0,0,Safe,52,Moderate,3,3,Low Risk
IBD029365,"Kidnap Victims, Imo",2024-03-01,2024-02-01,5,2024,1,Imo,South East,1,8,Avoid Route,74,Moderate,3,12,Extreme Danger
IBD029163,"Auto Crash, Ogun",2024-03-01,2024-03-01,3,2024,1,Ogun,South West,0,3,Safe,70,Moderate,3,6,Moderate Risk
IBD029169,"Army vs Gunmen, Imo",2024-03-01,2024-03-01,1,2024,1,Imo,South East,1,5,Caution,58,Moderate,3,9,High Risk
IBD029155,"Gunmen Attack, Benue",2024-03-01,2024-03-01,5,2024,1,Benue,North Central,2,8,Avoid Route,19,Low,1,11,High Risk
IBD029156,"Gunmen Attack, Benue",2024-02-29,2024-02-29,4,2024,1,Benue,North Central,2,8,Avoid Route,38,Low,1,11,High Risk
IBD029145,"Explosion, FCT (Abuja)",2024-02-29,2024-02-29,3,2024,1,FCT,North Central,0,3,Safe,37,Low,1,4,Moderate Risk
IBD029141,"Auto Crash, Ogun",2024-02-29,2024-02-29,5,2024,1,Ogun,South West,0,3,Safe,54,Moderate,3,6,Moderate Risk
IBD029142,"Gunmen Kill 2 Siblings, Akwa ibom",2024-02-29,2024-02-29,2,2024,1,Akwa Ibom,South South,1,5,Caution,83,High,5,11,High Risk
IBD029153,"ISWAP/Boko Haram IED, Borno",2024-02-29,2024-02-29,3,2024,1,Borno,North East,0,3,Safe,12,Low,1,4,Moderate Risk
IBD029152,"Army vs Boko Haram, Borno",2024-02-29,2024-02-29,3,2024,1,Borno,North East,0,3,Safe,22,Low,1,4,Moderate Risk
IBD029151,"Students Kills One, Imo",2024-02-29,2024-02-29,1,2024,1,Imo,South East,0,0,Safe,65,Moderate,3,3,Low Risk
IBD029144,"Food Poisoning, Oyo",2024-02-28,2024-02-28,1,2024,1,Oyo,South West,0,0,Safe,26,Low,1,1,Low Risk
IBD029133,"Auto Crash, Osun",2024-02-28,2024-02-28,3,2024,1,Osun,South West,0,3,Safe,11,Low,1,4,Moderate Risk
IBD029181,"Electrocution, FCT (Abuja)",2024-02-28,2024-02-28,1,2024,1,FCT,North Central,0,0,Safe,44,Low,1,1,Low Risk
IBD029149,"Assailants vs POS Operator, Ebonyi",2024-02-28,2024-02-28,1,2024,1,Ebonyi,South East,0,0,Safe,33,Low,1,1,Low Risk
IBD029140,"Troops vs Bandits, Zamfara",2024-02-28,2024-02-28,20,2024,1,Zamfara,North West,1,10,Avoid Route,13,Low,1,12,Extreme Danger
IBD029134,"Auto Crash, Lagos",2024-02-28,2024-02-28,3,2024,1,Lagos,South West,0,3,Safe,82,High,5,8,High Risk
IBD029143,"Police vs Man, Edo",2024-02-28,2024-02-28,1,2024,1,Edo,South South,0,0,Safe,54,Moderate,3,3,Low Risk
IBD029128,"Auto Crash, Ogun",2024-02-28,2024-02-28,5,2024,1,Ogun,South West,0,3,Safe,59,Moderate,3,6,Moderate Risk
IBD029135,"Ritual killing, Abia",2024-02-28,2024-02-28,1,2024,1,Abia,South East,0,0,Safe,67,Moderate,3,3,Low Risk
IBD029127,"Security Operatives vs Rustler, Kebbi",2024-02-27,2024-02-27,1,2024,1,Kebbi,North West,0,0,Safe,36,Low,1,1,Low Risk
IBD029131,"Assailants vs Guard, Benue",2024-02-27,2024-02-27,1,2024,1,Benue,North Central,0,0,Safe,36,Low,1,1,Low Risk
IBD029088,"Gunmen vs Photographer, Niger",2024-02-27,2024-02-27,1,2024,1,Niger,North Central,1,5,Caution,25,Low,1,7,Moderate Risk
IBD029129,"Boy Drowns, Lagos",2024-02-27,2024-02-27,1,2024,1,Lagos,South West,0,0,Safe,98,High,5,5,Moderate Risk
IBD029132,"Assailants vs NYSC Member, Benue",2024-02-27,2024-02-27,1,2024,1,Benue,North Central,0,0,Safe,14,Low,1,1,Low Risk
IBD029217,"Assailants vs Community Leader, Kaduna",2024-02-27,2024-02-27,1,2024,1,Kaduna,North West,0,0,Safe,22,Low,1,1,Low Risk
IBD029139,"Explosive Device Kills Two, Borno",2024-02-27,2024-02-27,2,2024,1,Borno,North East,0,0,Safe,15,Low,1,1,Low Risk
IBD029122,"Boat Mishap, Lagos",2024-02-26,2024-02-26,4,2024,1,Lagos,South West,0,3,Safe,81,High,5,8,High Risk
IBD029136,"Communal Clash, Akwa Ibom",2024-02-26,2024-02-26,11,2024,1,Akwa Ibom,South South,0,5,Caution,81,High,5,10,High Risk
IBD029118,"Evangelist vs Pastor, Osun",2024-02-26,2024-02-26,1,2024,1,Osun,South West,0,0,Safe,15,Low,1,1,Low Risk
IBD029148,"Vigilante vs Man, Kano",2024-02-26,2024-02-26,1,2024,1,Kano,North West,0,0,Safe,27,Low,1,1,Low Risk
IBD029126,"Rape Victim, Ogun",2024-02-26,2024-02-26,1,2024,1,Ogun,South West,0,0,Safe,78,Moderate,3,3,Low Risk
IBD029121,"Gunmen vs Village Head, Nasarawa",2024-02-26,2024-02-26,19,2024,1,Nasarawa,North Central,1,10,Avoid Route,35,Low,1,12,Extreme Danger
IBD029120,"Herdsmen vs Farmers, Benue",2024-02-26,2024-02-26,3,2024,1,Benue,North Central,1,8,Avoid Route,48,Low,1,10,High Risk
IBD029119,"Building Collapse, Anambra",2024-02-26,2024-02-26,7,2024,1,Anambra,South East,0,3,Safe,51,Moderate,3,6,Moderate Risk
IBD029125,"Security Operatives vs Kidnappers, Taraba",2024-02-26,2024-02-26,15,2024,1,Taraba,North East,1,10,Avoid Route,28,Low,1,12,Extreme Danger
IBD029147,"Gunmen Kill 5, Kaduna",2024-02-26,2024-02-26,5,2024,1,Kaduna,North West,1,8,Avoid Route,37,Low,1,10,High Risk
IBD029124,"Banditry, Katsina",2024-02-26,2024-02-26,1,2024,1,Katsina,North West,1,5,Caution,17,Low,1,7,Moderate Risk
IBD029107,"Cult Clash, Delta",2024-02-25,2024-02-25,1,2024,1,Delta,South South,0,0,Safe,98,High,5,5,Moderate Risk
IBD029267,Son vs Grand Mother Akwa Ibom,2024-02-25,2024-02-25,1,2024,1,Akwa Ibom,South South,0,0,Safe,91,High,5,5,Moderate Risk
IBD029114,"Security Operatives vs Gunmen, Kwara",2024-02-25,2024-02-25,1,2024,1,Kwara,North Central,1,5,Caution,25,Low,1,7,Moderate Risk
IBD029113,"Suffocation, Kwara",2024-02-25,2024-02-25,3,2024,1,Kwara,North Central,0,3,Safe,22,Low,1,4,Moderate Risk
IBD029130,"Man vs Son, Abia",2024-02-25,2024-02-25,1,2024,1,Abia,South East,0,0,Safe,57,Moderate,3,3,Low Risk
IBD029111,"Gunmen Attack, Enugu",2024-02-25,2024-02-25,2,2024,1,Enugu,South East,2,5,Caution,65,Moderate,3,10,High Risk
IBD029102,"Bandits Kill Policeman, Zamfara",2024-02-25,2024-02-25,1,2024,1,Zamfara,North West,1,5,Caution,32,Low,1,7,Moderate Risk
IBD029105,"Army vs Bandits, Zamfara",2024-02-24,2024-02-24,30,2024,1,Zamfara,North West,1,10,Avoid Route,36,Low,1,12,Extreme Danger
IBD029104,"Bandits Kill 1, Oyo",2024-02-24,2024-02-24,1,2024,1,Oyo,South West,1,5,Caution,33,Low,1,7,Moderate Risk
IBD029106,"Bandits Clash, Zamfara",2024-02-24,2024-02-24,41,2024,1,Zamfara,North West,1,10,Avoid Route,19,Low,1,12,Extreme Danger
IBD029110,"Cult Clash, Benue",2024-02-24,2024-02-26,7,2024,1,Benue,North Central,0,3,Safe,14,Low,1,4,Moderate Risk
IBD029109,"Youths vs Militia, Rivers",2024-02-24,2024-02-24,1,2024,1,Rivers,South South,0,0,Safe,83,High,5,5,Moderate Risk
IBD029097,"Bandits Kill 2, Kaduna",2024-02-23,2024-02-23,2,2024,1,Kaduna,North West,1,5,Caution,37,Low,1,7,Moderate Risk
IBD029096,"Youths Clash, Lagos",2024-02-23,2024-02-23,1,2024,1,Lagos,South West,0,0,Safe,81,High,5,5,Moderate Risk
IBD029101,"Students Killed, Bauchi",2024-02-23,2024-02-23,2,2024,1,Bauchi,North East,0,0,Safe,24,Low,1,1,Low Risk
IBD029308,Kidnappers vs Policemen Delta,2024-02-23,2024-02-26,9,2024,1,Delta,South South,1,8,Avoid Route,83,High,5,14,Extreme Danger
IBD029112,"Man vs Friend, Ondo",2024-02-23,2024-02-23,1,2024,1,Ondo,South West,0,0,Safe,71,Moderate,3,3,Low Risk
IBD029100,"Stampede, Lagos",2024-02-23,2024-02-23,7,2024,1,Lagos,South West,0,3,Safe,93,High,5,8,High Risk
IBD029098,"Kidnappers Kill Man, Imo",2024-02-23,2024-02-23,1,2024,1,Imo,South East,1,5,Caution,70,Moderate,3,9,High Risk
IBD029094,"Hoodlums vs Community Leader, Anambra",2024-02-23,2024-02-23,1,2024,1,Anambra,South East,0,0,Safe,62,Moderate,3,3,Low Risk
IBD029085,"Cultists Kill 2, Kwara",2024-02-22,2024-02-22,2,2024,1,Kwara,North Central,0,0,Safe,24,Low,1,1,Low Risk
IBD029095,"Man Dies, Kwara",2024-02-22,2024-02-22,1,2024,1,Kwara,North Central,0,0,Safe,30,Low,1,1,Low Risk
IBD029150,"Ritual/Rape Victim, Kwara",2024-02-22,2024-02-22,1,2024,1,Kwara,North Central,0,0,Safe,30,Low,1,1,Low Risk
IBD029087,"Hoodlums vs Police, Rivers",2024-02-21,2024-02-21,2,2024,1,Rivers,South South,0,0,Safe,89,High,5,5,Moderate Risk
IBD029091,"Security Operatives vs Bandits, Katsina",2024-02-21,2024-02-21,15,2024,1,Katsina,North West,1,10,Avoid Route,40,Low,1,12,Extreme Danger
IBD029115,"Gunmen Attack, Nasarawa",2024-02-21,2024-02-21,5,2024,1,Nasarawa,North Central,2,8,Avoid Route,17,Low,1,11,High Risk
IBD029082,"Boat Mishap, Lagos",2024-02-21,2024-02-21,2,2024,1,Lagos,South West,0,0,Safe,93,High,5,5,Moderate Risk
IBD029076,"Auto Crash, Benue",2024-02-21,2024-02-21,12,2024,1,Benue,North Central,0,5,Caution,38,Low,1,6,Moderate Risk
IBD029086,"Police vs Kidnapper, Niger",2024-02-21,2024-02-21,1,2024,1,Niger,North Central,1,5,Caution,33,Low,1,7,Moderate Risk
IBD029084,"Army vs Bandits, Kaduna",2024-02-21,2024-02-21,10,2024,1,Kaduna,North West,1,10,Avoid Route,19,Low,1,12,Extreme Danger
IBD029083,"Herdsmen Kill 24, Benue",2024-02-21,2024-02-21,24,2024,1,Benue,North Central,1,10,Avoid Route,20,Low,1,12,Extreme Danger
IBD029080,"Gunmen Attack, Zamfara",2024-02-20,2024-02-20,9,2024,1,Zamfara,North West,2,8,Avoid Route,36,Low,1,11,High Risk
IBD029089,"Gunmen Attack, Ebonyi",2024-02-20,2024-02-20,4,2024,1,Ebonyi,South East,2,8,Avoid Route,34,Low,1,11,High Risk
IBD029073,"Auto Crash, Ogun",2024-02-20,2024-02-20,9,2024,1,Ogun,South West,0,3,Safe,73,Moderate,3,6,Moderate Risk
IBD029218,"Medical Quackery, Oyo",2024-02-20,2024-02-20,1,2024,1,Oyo,South West,0,0,Safe,13,Low,1,1,Low Risk
IBD029081,"Domestic Violence, Ebonyi",2024-02-20,2024-02-20,1,2024,1,Ebonyi,South East,0,0,Safe,27,Low,1,1,Low Risk
IBD029688,"Domestic Violence, Rivers",2024-02-20,2024-02-20,1,2024,1,Rivers,South South,0,0,Safe,81,High,5,5,Moderate Risk
IBD029077,"Army vs Terrorists, Kaduna",2024-02-20,2024-02-20,1,2024,1,Kaduna,North West,1,5,Caution,33,Low,1,7,Moderate Risk
IBD030227,"Cult Killing, Ogun",2024-02-20,2024-02-20,1,2024,1,Ogun,South West,0,0,Safe,51,Moderate,3,3,Low Risk
IBD029066,"Land Crisis, Bayelsa",2024-02-19,2024-02-19,2,2024,1,Bayelsa,South South,0,0,Safe,99,High,5,5,Moderate Risk
IBD029070,"Terrorists Kill 6, Katsina",2024-02-19,2024-02-19,7,2024,1,Katsina,North West,1,8,Avoid Route,18,Low,1,10,High Risk
IBD029065,"Lion Attack, Osun",2024-02-19,2024-02-19,1,2024,1,Osun,South West,1,5,Caution,28,Low,1,7,Moderate Risk
IBD029146,"Soldiers vs Military, Borno",2024-02-19,2024-02-19,25,2024,1,Borno,North East,0,5,Caution,31,Low,1,6,Moderate Risk
IBD029075,"Herders Attack, Benue",2024-02-19,2024-02-19,1,2024,1,Benue,North Central,1,5,Caution,37,Low,1,7,Moderate Risk
IBD029069,"Hoodlums vs Man, Ogun",2024-02-19,2024-02-19,1,2024,1,Ogun,South West,0,0,Safe,61,Moderate,3,3,Low Risk
IBD029165,"Cult Killing, Imo",2024-02-19,2024-02-19,1,2024,1,Imo,South East,0,0,Safe,66,Moderate,3,3,Low Risk
IBD029053,"Bandits vs Police, Zamfara",2024-02-18,2024-02-18,4,2024,1,Zamfara,North West,1,8,Avoid Route,25,Low,1,10,High Risk
IBD029103,"Domestic Violence, Edo",2024-02-18,2024-02-18,3,2024,1,Edo,South South,0,3,Safe,69,Moderate,3,6,Moderate Risk
IBD029064,"Gunmen Attack, Plateau",2024-02-18,2024-02-18,2,2024,1,Plateau,North Central,2,5,Caution,41,Low,1,8,High Risk
IBD029057,"Banditry, Kaduna",2024-02-18,2024-02-18,12,2024,1,Kaduna,North West,1,10,Avoid Route,39,Low,1,12,Extreme Danger
IBD029068,"Auto Crash, FCT (Abuja)",2024-02-18,2024-02-18,6,2024,1,FCT,North Central,0,3,Safe,28,Low,1,4,Moderate Risk
IBD029052,"Gunmen Attack, Plateau",2024-02-17,2024-02-17,1,2024,1,Plateau,North Central,2,5,Caution,36,Low,1,8,High Risk
IBD029051,"Rainstorm, Ondo",2024-02-17,2024-02-17,1,2024,1,Ondo,South West,0,0,Safe,71,Moderate,3,3,Low Risk
IBD029048,"Auto Crash, FCT (Abuja)",2024-02-17,2024-02-17,1,2024,1,FCT,North Central,0,0,Safe,24,Low,1,1,Low Risk
IBD029054,"Police vs Kidnapper, Rivers",2024-02-17,2024-02-17,1,2024,1,Rivers,South South,1,5,Caution,88,High,5,11,High Risk
IBD029061,"Banditry, Katsina",2024-02-17,2024-02-17,2,2024,1,Katsina,North West,1,5,Caution,36,Low,1,7,Moderate Risk
IBD029050,"Communal Clash, Ebonyi",2024-02-17,2024-02-17,2,2024,1,Ebonyi,South East,0,0,Safe,26,Low,1,1,Low Risk
IBD029047,"Auto Crash, Ogun",2024-02-17,2024-02-17,3,2024,1,Ogun,South West,0,3,Safe,63,Moderate,3,6,Moderate Risk
IBD029060,Police vs Bandit,2024-02-17,2024-02-17,1,2024,1,Unknown,,1,5,Caution,16,Low,1,7,Moderate Risk
IBD029044,"Auto Crash, Ondo",2024-02-16,2024-02-16,4,2024,1,Ondo,South West,0,3,Safe,54,Moderate,3,6,Moderate Risk
IBD029046,"Bandits Kill 3, Kaduna",2024-02-16,2024-02-16,3,2024,1,Kaduna,North West,1,8,Avoid Route,37,Low,1,10,High Risk
IBD029056,"Suspected Phone Thief, Benue",2024-02-16,2024-02-17,1,2024,1,Benue,North Central,0,0,Safe,11,Low,1,1,Low Risk
IBD029039,"Gunmen Kill Man, Plateau",2024-02-16,2024-02-16,1,2024,1,Plateau,North Central,1,5,Caution,32,Low,1,7,Moderate Risk
IBD029043,"Bandits Kill 6, Kaduna",2024-02-16,2024-02-16,8,2024,1,Kaduna,North West,1,8,Avoid Route,20,Low,1,10,High Risk
IBD029071,"Boko Haram Attack, Yobe",2024-02-16,2024-02-16,1,2024,1,Yobe,North East,1,5,Caution,18,Low,1,7,Moderate Risk
IBD029059,"Army vs ISWAP, Yobe",2024-02-16,2024-02-16,4,2024,1,Yobe,North East,0,3,Safe,41,Low,1,4,Moderate Risk
IBD029049,"Security Operatives Kills One, Anambra",2024-02-16,2024-02-16,1,2024,1,Anambra,South East,0,0,Safe,53,Moderate,3,3,Low Risk
IBD031639,"Auto Crash, Benue",2024-02-15,2024-02-15,45,2024,1,Benue,North Central,0,5,Caution,25,Low,1,6,Moderate Risk
IBD029042,"Banditry, Zamfara",2024-02-15,2024-02-15,7,2024,1,Zamfara,North West,1,8,Avoid Route,10,Low,1,10,High Risk
IBD029063,"Gunmen vs Students, Delta",2024-02-15,2024-02-16,1,2024,1,Delta,South South,1,5,Caution,85,High,5,11,High Risk
IBD029123,"Son vs Father, Plateau",2024-02-15,2024-02-15,1,2024,1,Plateau,North Central,0,0,Safe,41,Low,1,1,Low Risk
IBD029074,"Naval Personnel vs Man, Abia",2024-02-15,2024-02-15,1,2024,1,Abia,South East,0,0,Safe,77,Moderate,3,3,Low Risk
IBD029062,"Gunmen Kill 6, Katsina",2024-02-14,2024-02-15,5,2024,1,Katsina,North West,1,8,Avoid Route,41,Low,1,10,High Risk
IBD029079,"Prophet Drowns, Lagos",2024-02-14,2024-02-14,1,2024,1,Lagos,South West,0,0,Safe,90,High,5,5,Moderate Risk
IBD029033,"Herdsmen Kill 4, Benue",2024-02-14,2024-02-16,6,2024,1,Benue,North Central,1,8,Avoid Route,30,Low,1,10,High Risk
IBD029023,"Auto Crash, Plateau",2024-02-13,2024-02-13,4,2024,1,Plateau,North Central,0,3,Safe,49,Low,1,4,Moderate Risk
IBD029022,"Auto Crash, Ogun",2024-02-13,2024-02-13,5,2024,1,Ogun,South West,0,3,Safe,58,Moderate,3,6,Moderate Risk
IBD029032,"Auto Crash, Ogun",2024-02-13,2024-02-13,2,2024,1,Ogun,South West,0,0,Safe,77,Moderate,3,3,Low Risk
IBD029026,"Bandits vs Policemen, Zamfara",2024-02-13,2024-02-13,4,2024,1,Zamfara,North West,1,8,Avoid Route,47,Low,1,10,High Risk
IBD029072,"Police vs Bandit, Sokoto",2024-02-13,2024-02-13,1,2024,1,Sokoto,North West,1,5,Caution,15,Low,1,7,Moderate Risk
IBD029030,"Teenager Drowns, Delta",2024-02-13,2024-02-13,1,2024,1,Delta,South South,0,0,Safe,87,High,5,5,Moderate Risk
IBD029416,"Assailant vs Kenyan National, Lagos",2024-02-13,2024-02-13,1,2024,1,Lagos,South West,0,0,Safe,99,High,5,5,Moderate Risk
IBD029011,"Domestic Violence, Niger",2024-02-12,2024-02-12,1,2024,1,Niger,North Central,0,0,Safe,39,Low,1,1,Low Risk
IBD029034,"Man vs Neighbour, Ogun",2024-02-12,2024-02-12,1,2024,1,Ogun,South West,0,0,Safe,58,Moderate,3,3,Low Risk
IBD029014,"Auto Crash, Kwara",2024-02-12,2024-02-12,1,2024,1,Kwara,North Central,0,0,Safe,49,Low,1,1,Low Risk
IBD029021,"Gunmen Kill Lawyer, Anambra",2024-02-12,2024-02-12,1,2024,1,Anambra,South East,1,5,Caution,73,Moderate,3,9,High Risk
IBD029041,"Female Market Leader, Jigawa",2024-02-12,2024-02-12,1,2024,1,Jigawa,North West,0,0,Safe,20,Low,1,1,Low Risk
IBD029031,"Herdsmen Attack, Yobe",2024-02-12,2024-02-12,1,2024,1,Yobe,North East,2,5,Caution,41,Low,1,8,High Risk
IBD029015,"Gunmen vs Police Officer, Imo",2024-02-12,2024-02-12,1,2024,1,Imo,South East,1,5,Caution,61,Moderate,3,9,High Risk
IBD029755,"Domestic Violence, Kaduna",2024-02-12,2024-02-12,1,2024,1,Kaduna,North West,0,0,Safe,47,Low,1,1,Low Risk
IBD029012,"Gunmen Kill 4, Plateau",2024-02-11,2024-02-11,4,2024,1,Plateau,North Central,1,8,Avoid Route,45,Low,1,10,High Risk
IBD029027,"Armed Robbers vs Motorcyclist, FCT (Abuja)",2024-02-11,2024-02-11,1,2024,1,FCT,North Central,0,0,Safe,20,Low,1,1,Low Risk
IBD029020,"Banditry, Katsina",2024-02-11,2024-02-11,9,2024,1,Katsina,North West,1,8,Avoid Route,35,Low,1,10,High Risk
IBD029029,"Security Operatives vs Guard, Zamfara",2024-02-11,2024-02-11,1,2024,1,Zamfara,North West,0,0,Safe,21,Low,1,1,Low Risk
IBD029025,"Mob vs Cultist, Akwa Ibom",2024-02-11,2024-02-11,2,2024,1,Akwa Ibom,South South,0,0,Safe,85,High,5,5,Moderate Risk
IBD029013,"Woman vs Neigbour, Lagos",2024-02-11,2024-02-11,1,2024,1,Lagos,South West,0,0,Safe,93,High,5,5,Moderate Risk
IBD029019,"Inferno, Plateau",2024-02-11,2024-02-11,2,2024,1,Plateau,North Central,0,0,Safe,37,Low,1,1,Low Risk
IBD029017,"Police vs Kidnappers, Bauchi",2024-02-11,2024-02-11,5,2024,1,Bauchi,North East,1,8,Avoid Route,20,Low,1,10,High Risk
IBD029008,"Boko Haram Explosion, Borno",2024-02-10,2024-02-10,2,2024,1,Borno,North East,0,0,Safe,49,Low,1,1,Low Risk
IBD029188,"Assailants vs Police Corporal, Ebonyi",2024-02-10,2024-02-10,1,2024,1,Ebonyi,South East,0,0,Safe,30,Low,1,1,Low Risk
IBD029018,"Gunmen vs Lawyer, Imo",2024-02-10,2024-02-10,1,2024,1,Imo,South East,1,5,Caution,68,Moderate,3,9,High Risk
PAR012629,"Gunmen Attack, Ogun",2024-02-10,2024-02-10,4,2024,1,Ogun,South West,2,8,Avoid Route,79,Moderate,3,13,Extreme Danger
IBD029036,"Banditry, Niger",2024-02-09,2024-02-09,1,2024,1,Niger,North Central,1,5,Caution,18,Low,1,7,Moderate Risk
IBD029010,"Police vs Kidnappers, FCT (Abuja)",2024-02-09,2024-02-09,16,2024,1,FCT,North Central,1,10,Avoid Route,25,Low,1,12,Extreme Danger
IBD029038,"Hoodlums vs Teenager, Kano",2024-02-08,2024-02-08,1,2024,1,Kano,North West,0,0,Safe,48,Low,1,1,Low Risk
IBD029037,"Village Head, FCT (Abuja)",2024-02-08,2024-02-08,1,2024,1,FCT,North Central,0,0,Safe,48,Low,1,1,Low Risk
IBD029045,"Police vs Kidnappers, Ekiti",2024-02-08,2024-02-08,1,2024,1,Ekiti,South West,1,5,Caution,38,Low,1,7,Moderate Risk
IBD030225,"Cult Killing, Ogun",2024-02-07,2024-02-07,3,2024,1,Ogun,South West,0,3,Safe,70,Moderate,3,6,Moderate Risk
IBD028985,"Assailants vs Traditional Ruler, Kogi",2024-02-07,2024-02-07,1,2024,1,Kogi,North Central,0,0,Safe,33,Low,1,1,Low Risk
IBD030240,"Cult Killing, Ogun",2024-02-07,2024-02-07,3,2024,1,Ogun,South West,0,3,Safe,59,Moderate,3,6,Moderate Risk
IBD029006,"Gunmen Kill 3, Benue",2024-02-06,2024-02-06,2,2024,1,Benue,North Central,1,5,Caution,30,Low,1,7,Moderate Risk
IBD028977,"Auto Crash, Plateau",2024-02-06,2024-02-06,3,2024,1,Plateau,North Central,0,3,Safe,40,Low,1,4,Moderate Risk
IBD029058,"Assailants vs Sex Worker, Ekiti",2024-02-06,2024-02-06,1,2024,1,Ekiti,South West,0,0,Safe,26,Low,1,1,Low Risk
IBD029195,"Beaten to Death, Ogun",2024-02-05,2024-02-05,1,2024,1,Ogun,South West,0,0,Safe,78,Moderate,3,3,Low Risk
IBD028979,"Gas Explosion, Lagos",2024-02-04,2024-02-04,2,2024,1,Lagos,South West,0,0,Safe,98,High,5,5,Moderate Risk
IBD028968,"Army vs Bandits, Katsina",2024-02-04,2024-02-04,20,2024,1,Katsina,North West,1,10,Avoid Route,40,Low,1,12,Extreme Danger
IBD028966,"Boko Haram vs Construction Workers, Yobe",2024-02-04,2024-02-04,3,2024,1,Yobe,North East,0,3,Safe,19,Low,1,4,Moderate Risk
IBD028965,"Lovers Die, Lagos",2024-02-04,2024-02-04,2,2024,1,Lagos,South West,0,0,Safe,98,High,5,5,Moderate Risk
IBD028950,"Auto Crash, Lagos",2024-02-03,2024-02-03,1,2024,1,Lagos,South West,0,0,Safe,96,High,5,5,Moderate Risk
IBD028960,"Political Violence, Kaduna",2024-02-03,2024-02-03,1,2024,1,Kaduna,North West,0,0,Safe,23,Low,1,1,Low Risk
IBD028962,"Man vs Lover, Bayelsa",2024-02-03,2024-02-03,1,2024,1,Bayelsa,South South,0,0,Safe,83,High,5,5,Moderate Risk
IBD028959,"Gunmen vs Driver, Ekiti",2024-02-03,2024-02-03,1,2024,1,Ekiti,South West,1,5,Caution,36,Low,1,7,Moderate Risk
IBD028969,"Inferno, Oyo",2024-02-03,2024-02-03,1,2024,1,Oyo,South West,0,0,Safe,41,Low,1,1,Low Risk
IBD028964,"Auto Crash, Katsina",2024-02-03,2024-02-03,1,2024,1,Katsina,North West,0,0,Safe,20,Low,1,1,Low Risk
IBD028963,"Assailants vs Student, Ondo",2024-02-03,2024-02-03,1,2024,1,Ondo,South West,0,0,Safe,63,Moderate,3,3,Low Risk
IBD028955,"Banditry, Katsina",2024-02-03,2024-02-03,1,2024,1,Katsina,North West,1,5,Caution,43,Low,1,7,Moderate Risk
IBD028946,"ISWAP vs Police, Borno",2024-02-02,2024-02-02,4,2024,1,Borno,North East,0,3,Safe,39,Low,1,4,Moderate Risk
IBD029016,"Assailants vs Truck Driver, Edo",2024-02-02,2024-02-02,2,2024,1,Edo,South South,0,0,Safe,58,Moderate,3,3,Low Risk
IBD029024,"Man vs Friend, Ondo",2024-02-02,2024-02-02,1,2024,1,Ondo,South West,0,0,Safe,56,Moderate,3,3,Low Risk
IBD029028,"Medical Negligence, Rivers",2024-02-02,2024-02-02,1,2024,1,Rivers,South South,0,0,Safe,89,High,5,5,Moderate Risk
IBD029040,"Army vs Bandits, Zamfara",2024-02-02,2024-02-02,5,2024,1,Zamfara,North West,1,8,Avoid Route,22,Low,1,10,High Risk
IBD028958,"Banditry, Katsina",2024-02-02,2024-02-02,2,2024,1,Katsina,North West,1,5,Caution,40,Low,1,7,Moderate Risk
IBD028967,"Cult Clash, Ogun",2024-02-01,2024-02-01,3,2024,1,Ogun,South West,0,3,Safe,54,Moderate,3,6,Moderate Risk
IBD028941,"Auto Crash, Ogun",2024-02-01,2024-02-01,2,2024,1,Ogun,South West,0,0,Safe,59,Moderate,3,3,Low Risk
IBD028949,"Assailants Kills Two, Katsina",2024-02-01,2024-02-01,2,2024,1,Katsina,North West,0,0,Safe,44,Low,1,1,Low Risk
IBD028942,"Gunmen vs Monarch, Kwara",2024-02-01,2024-02-01,1,2024,1,Kwara,North Central,1,5,Caution,25,Low,1,7,Moderate Risk
IBD029727,"Assailants vs Gunmen, Ekiti",2024-02-01,2024-04-22,23,2024,1,Ekiti,South West,1,10,Avoid Route,29,Low,1,12,Extreme Danger
IBD028944,"Gunmen Kill Policeman, Ebonyi",2024-02-01,2024-02-01,1,2024,1,Ebonyi,South East,1,5,Caution,42,Low,1,7,Moderate Risk
IBD028939,"Hoodlums vs Policeman, Uyo",2024-02-01,2024-02-01,1,2024,1,Unknown,,0,0,Safe,21,Low,1,1,Low Risk
IBD028943,"Triplet Die, Benue",2024-02-01,2024-02-01,3,2024,1,Benue,North Central,0,3,Safe,35,Low,1,4,Moderate Risk
IBD028935,"Cult Clash, Ebonyi",2024-01-31,2024-01-31,3,2024,1,Ebonyi,South East,0,3,Safe,17,Low,1,4,Moderate Risk
IBD028938,"Herdsmen Attack, Benue",2024-01-31,2024-01-31,15,2024,1,Benue,North Central,2,10,Avoid Route,19,Low,1,13,Extreme Danger
IBD028884,"Auto Crash, Ogun",2024-01-30,2024-01-30,4,2024,1,Ogun,South West,0,3,Safe,69,Moderate,3,6,Moderate Risk
IBD028937,"Inferno, Zamfara",2024-01-30,2024-01-30,1,2024,1,Zamfara,North West,0,0,Safe,22,Low,1,1,Low Risk
IBD028932,"Gunmen Attack, Benue",2024-01-30,2024-01-30,10,2024,1,Benue,North Central,2,10,Avoid Route,14,Low,1,13,Extreme Danger
IBD028933,"Pipeline Explosion, Imo",2024-01-30,2024-01-30,28,2024,1,Imo,South East,0,5,Caution,75,Moderate,3,8,High Risk
IBD028911,"Gunmen Kill 4, Imo",2024-01-29,2024-01-29,4,2024,1,Imo,South East,1,8,Avoid Route,53,Moderate,3,12,Extreme Danger
IBD028923,"Ritual Killing, Akwa Ibom",2024-01-29,2024-01-29,1,2024,1,Akwa Ibom,South South,0,0,Safe,80,High,5,5,Moderate Risk
IBD028926,"Boat Accident, Rivers",2024-01-29,2024-01-29,25,2024,1,Rivers,South South,0,5,Caution,84,High,5,10,High Risk
IBD028920,"Kidnappers vs Monarchs, Ekiti",2024-01-29,2024-01-29,2,2024,1,Ekiti,South West,1,5,Caution,31,Low,1,7,Moderate Risk
IBD028913,"Kidnappers Kill 3, FCT (Abuja)",2024-01-29,2024-01-29,3,2024,1,FCT,North Central,1,8,Avoid Route,45,Low,1,10,High Risk
IBD028954,"Director, Enugu",2024-01-29,2024-01-29,1,2024,1,Enugu,South East,0,0,Safe,50,Moderate,3,3,Low Risk
IBD028912,"Communal Clash, Osun",2024-01-29,2024-01-29,2,2024,1,Osun,South West,0,0,Safe,13,Low,1,1,Low Risk
IBD028919,"Boko Haram Explosion, Borno",2024-01-29,2024-01-29,10,2024,1,Borno,North East,0,5,Caution,38,Low,1,6,Moderate Risk
IBD028931,"Army vs Bandits, Zamfara",2024-01-29,2024-01-29,20,2024,1,Zamfara,North West,1,10,Avoid Route,48,Low,1,12,Extreme Danger
IBD028934,"Communal Clash, Niger",2024-01-29,2024-01-30,2,2024,1,Niger,North Central,0,0,Safe,27,Low,1,1,Low Risk
IBD028928,"Herdsmen vs Farmer, Oyo",2024-01-29,2024-01-29,1,2024,1,Oyo,South West,1,5,Caution,29,Low,1,7,Moderate Risk
IBD028908,"Land Dispute, Delta",2024-01-28,2024-01-28,5,2024,1,Delta,South South,0,3,Safe,99,High,5,8,High Risk
IBD028896,"Army vs Gunmen, Plateau",2024-01-28,2024-01-28,30,2024,1,Plateau,North Central,1,10,Avoid Route,28,Low,1,12,Extreme Danger
IBD028918,"Female Corpse, Benue",2024-01-28,2024-01-28,1,2024,1,Benue,North Central,0,0,Safe,49,Low,1,1,Low Risk
IBD028909,"Auto Crash, Ekiti",2024-01-28,2024-01-28,3,2024,1,Ekiti,South West,0,3,Safe,40,Low,1,4,Moderate Risk
IBD028915,"Police vs Kidnapper/Pirate, Rivers",2024-01-28,2024-01-28,1,2024,1,Rivers,South South,1,5,Caution,85,High,5,11,High Risk
IBD028910,"NAF vs Bandits, Kaduna",2024-01-28,2024-01-28,30,2024,1,Kaduna,North West,1,10,Avoid Route,20,Low,1,12,Extreme Danger
IBD028914,"Auto Crash, Lagos",2024-01-28,2024-01-28,2,2024,1,Lagos,South West,0,0,Safe,81,High,5,5,Moderate Risk
IBD028917,"Bandits vs Man, Kaduna",2024-01-28,2024-01-28,2,2024,1,Kaduna,North West,1,5,Caution,13,Low,1,7,Moderate Risk
IBD028948,"Cult Clash/Political Violence, Delta",2024-01-28,2024-02-02,3,2024,1,Delta,South South,0,3,Safe,82,High,5,8,High Risk
IBD028945,"Pregnant Woman vs Woman, Rivers",2024-01-28,2024-01-28,1,2024,1,Rivers,South South,0,0,Safe,95,High,5,5,Moderate Risk
IBD028936,"Vandals vs NSCDC Official, Lagos",2024-01-27,2024-01-27,1,2024,1,Lagos,South West,0,0,Safe,97,High,5,5,Moderate Risk
IBD028890,"Guard Kills Politician, Osun",2024-01-27,2024-01-27,2,2024,1,Osun,South West,0,0,Safe,37,Low,1,1,Low Risk
IBD028907,"Drug Overdose, Rivers",2024-01-27,2024-01-27,1,2024,1,Rivers,South South,0,0,Safe,100,High,5,5,Moderate Risk
IBD028897,"Herdsmen Attack, Benue",2024-01-27,2024-01-27,9,2024,1,Benue,North Central,2,8,Avoid Route,26,Low,1,11,High Risk
IBD028893,"Ritual Killing, Kaduna",2024-01-27,2024-01-27,1,2024,1,Kaduna,North West,0,0,Safe,38,Low,1,1,Low Risk
IBD028895,"Boko Haram Attack, Borno",2024-01-27,2024-01-27,6,2024,1,Borno,North East,1,8,Avoid Route,37,Low,1,10,High Risk
IBD028898,"Army vs Bandits, Katsina",2024-01-26,2024-01-26,7,2024,1,Katsina,North West,1,8,Avoid Route,35,Low,1,10,High Risk
IBD028891,"Auto Crash, Niger",2024-01-26,2024-01-26,13,2024,1,Niger,North Central,0,5,Caution,43,Low,1,6,Moderate Risk
IBD028905,"Police vs Kidnappers, FCT (Abuja)",2024-01-26,2024-01-26,3,2024,1,FCT,North Central,1,8,Avoid Route,42,Low,1,10,High Risk
IBD028903,"Gunmen Attack, Katsina",2024-01-26,2024-01-26,4,2024,1,Katsina,North West,2,8,Avoid Route,27,Low,1,11,High Risk
IBD028899,"Army vs Bandits, Zamfara",2024-01-26,2024-01-26,2,2024,1,Zamfara,North West,1,5,Caution,39,Low,1,7,Moderate Risk
IBD028900,"Army vs Bandits, Katsina",2024-01-26,2024-01-26,1,2024,1,Katsina,North West,1,5,Caution,31,Low,1,7,Moderate Risk
IBD028902,"Gunmen vs Police, Katsina",2024-01-25,2024-01-25,2,2024,1,Katsina,North West,1,5,Caution,15,Low,1,7,Moderate Risk
IBD028906,"Kidnap Victims, Imo",2024-01-25,2024-01-25,4,2024,1,Imo,South East,1,8,Avoid Route,54,Moderate,3,12,Extreme Danger
IBD028892,"Police vs Kidnappers, Ogun",2024-01-25,2024-01-25,1,2024,1,Ogun,South West,1,5,Caution,72,Moderate,3,9,High Risk
IBD028886,"Teacher vs Pupil, Lagos",2024-01-25,2024-01-25,1,2024,1,Lagos,South West,0,0,Safe,80,High,5,5,Moderate Risk
IBD028876,"Army vs Bandits, Taraba",2024-01-25,2024-01-25,3,2024,1,Taraba,North East,1,8,Avoid Route,41,Low,1,10,High Risk
IBD028887,"Auto Crash, Anambra",2024-01-25,2024-01-25,1,2024,1,Anambra,South East,0,0,Safe,62,Moderate,3,3,Low Risk
IBD028882,"Auto Crash, Delta",2024-01-25,2024-01-25,4,2024,1,Delta,South South,0,3,Safe,95,High,5,8,High Risk
IBD028883,"Police vs Robbers, Ogun",2024-01-25,2024-01-25,1,2024,1,Ogun,South West,0,0,Safe,52,Moderate,3,3,Low Risk
IBD028951,"Banditry, Kaduna",2024-01-24,2024-01-24,1,2024,1,Kaduna,North West,1,5,Caution,41,Low,1,7,Moderate Risk
IBD028879,"Police vs Bandits, FCT (Abuja)",2024-01-24,2024-01-24,1,2024,1,FCT,North Central,1,5,Caution,22,Low,1,7,Moderate Risk
IBD028927,"Miners, Bauchi",2024-01-24,2024-01-24,4,2024,1,Bauchi,North East,0,3,Safe,46,Low,1,4,Moderate Risk
IBD028872,"Gunmen vs Couple, Anambra",2024-01-24,2024-01-24,2,2024,1,Anambra,South East,1,5,Caution,54,Moderate,3,9,High Risk
IBD029108,"Medical Negligence, Lagos",2024-01-24,2024-01-24,1,2024,1,Lagos,South West,0,0,Safe,95,High,5,5,Moderate Risk
IBD028871,"Gunmen Attack, Plateau",2024-01-24,2024-01-24,28,2024,1,Plateau,North Central,2,10,Avoid Route,36,Low,1,13,Extreme Danger
IBD028904,"Kidnap Victims, Niger",2024-01-24,2024-01-24,2,2024,1,Niger,North Central,1,5,Caution,23,Low,1,7,Moderate Risk
IBD028925,"Police vs Kidnapper, Nasarawa",2024-01-24,2024-01-24,1,2024,1,Nasarawa,North Central,1,5,Caution,25,Low,1,7,Moderate Risk
IBD028878,"Decompose Body, Delta",2024-01-23,2024-01-23,1,2024,1,Delta,South South,0,0,Safe,92,High,5,5,Moderate Risk
IBD028877,"Herdsmen Attack, Benue",2024-01-23,2024-01-23,30,2024,1,Benue,North Central,2,10,Avoid Route,22,Low,1,13,Extreme Danger
IBD028873,"Herdsmen Attack, Benue",2024-01-23,2024-01-23,2,2024,1,Benue,North Central,2,5,Caution,36,Low,1,8,High Risk
IBD028888,"Gunmen Kill 5, Plateau",2024-01-23,2024-01-23,5,2024,1,Plateau,North Central,1,8,Avoid Route,24,Low,1,10,High Risk
IBD028881,"Banditry, Katsina",2024-01-23,2024-01-23,3,2024,1,Katsina,North West,1,8,Avoid Route,38,Low,1,10,High Risk
IBD028874,"Miners Killed, Nasarawa",2024-01-23,2024-01-23,3,2024,1,Nasarawa,North Central,0,3,Safe,41,Low,1,4,Moderate Risk
IBD028870,"Security Operatives vs Bandits, Kebbi",2024-01-22,2024-01-22,25,2024,1,Kebbi,North West,1,10,Avoid Route,16,Low,1,12,Extreme Danger
IBD028901,"Army vs bandits, Zamfara",2024-01-22,2024-01-29,40,2024,1,Zamfara,North West,1,10,Avoid Route,32,Low,1,12,Extreme Danger
IBD028868,"Fulani Herdsmen Attack, Plateau",2024-01-22,2024-01-22,8,2024,1,Plateau,North Central,2,8,Avoid Route,34,Low,1,11,High Risk
IBD028956,"Pastor Killed, Akwa Ibom",2024-01-22,2024-01-22,1,2024,1,Akwa Ibom,South South,0,0,Safe,81,High,5,5,Moderate Risk
IBD028875,"Assailants vs Woman, Akwa Ibom",2024-01-21,2024-01-21,1,2024,1,Akwa Ibom,South South,0,0,Safe,83,High,5,5,Moderate Risk
IBD028869,"Assailants vs Man, Ogun",2024-01-21,2024-01-21,1,2024,1,Ogun,South West,0,0,Safe,75,Moderate,3,3,Low Risk
IBD028867,"Sex Romp, Ondo",2024-01-21,2024-01-21,1,2024,1,Ondo,South West,0,0,Safe,61,Moderate,3,3,Low Risk
IBD028859,"Auto Crash, Kaduna",2024-01-21,2024-01-21,16,2024,1,Kaduna,North West,0,5,Caution,39,Low,1,6,Moderate Risk
IBD028864,"Cult Killing, Edo",2024-01-21,2024-01-21,3,2024,1,Edo,South South,0,3,Safe,51,Moderate,3,6,Moderate Risk
IBD028861,"Man Dies in Scuffle, Kano",2024-01-21,2024-01-21,1,2024,1,Kano,North West,0,0,Safe,39,Low,1,1,Low Risk
IBD028885,"Auto Crash, Lagos",2024-01-21,2024-01-21,1,2024,1,Lagos,South West,0,0,Safe,91,High,5,5,Moderate Risk
IBD028854,"Explosion, Kaduna",2024-01-20,2024-01-20,1,2024,1,Kaduna,North West,0,0,Safe,15,Low,1,1,Low Risk
IBD028862,"Auto Crash, Lagos",2024-01-20,2024-01-20,1,2024,1,Lagos,South West,0,0,Safe,84,High,5,5,Moderate Risk
IBD028860,"Inferno, Benue",2024-01-20,2024-01-20,1,2024,1,Benue,North Central,0,0,Safe,15,Low,1,1,Low Risk
IBD028863,"Banditry, Niger",2024-01-19,2024-01-20,1,2024,1,Niger,North Central,1,5,Caution,27,Low,1,7,Moderate Risk
IBD028866,"Mysterious Death, Ogun",2024-01-19,2024-01-19,1,2024,1,Ogun,South West,0,0,Safe,73,Moderate,3,3,Low Risk
IBD028851,"Man vs Kidnapper, Taraba",2024-01-19,2024-01-19,2,2024,1,Taraba,North East,1,5,Caution,18,Low,1,7,Moderate Risk
IBD028852,"Auto Crash, Jigawa",2024-01-18,2024-01-18,10,2024,1,Jigawa,North West,0,5,Caution,39,Low,1,6,Moderate Risk
IBD028855,"Banditry, Kebbi",2024-01-18,2024-01-18,11,2024,1,Kebbi,North West,1,10,Avoid Route,10,Low,1,12,Extreme Danger
IBD028808,"Herdsmen vs Soldiers, Benue",2024-01-18,2024-01-18,6,2024,1,Benue,North Central,1,8,Avoid Route,17,Low,1,10,High Risk
IBD028853,"Banditry, Taraba",2024-01-18,2024-01-18,3,2024,1,Taraba,North East,1,8,Avoid Route,28,Low,1,10,High Risk
IBD028856,"NAF vs Bandits, Kaduna",2024-01-18,2024-01-18,15,2024,1,Kaduna,North West,1,10,Avoid Route,23,Low,1,12,Extreme Danger
IBD028857,"Assailants vs Lady, Adamawa",2024-01-18,2024-01-18,1,2024,1,Adamawa,North East,0,0,Safe,49,Low,1,1,Low Risk
IBD028849,"Auto Crash, Kogi",2024-01-18,2024-01-18,2,2024,1,Kogi,North Central,0,0,Safe,10,Low,1,1,Low Risk
IBD028848,"Skit Maker, Nasarawa",2024-01-18,2024-01-18,1,2024,1,Nasarawa,North Central,0,0,Safe,13,Low,1,1,Low Risk
IBD028842,"Banditry, Kaduna",2024-01-18,2024-01-18,1,2024,1,Kaduna,North West,1,5,Caution,21,Low,1,7,Moderate Risk
IBD028850,"Assailants vs Herder, Plateau",2024-01-18,2024-01-18,1,2024,1,Plateau,North Central,0,0,Safe,10,Low,1,1,Low Risk
IBD028847,"Cult Clash, Ogun",2024-01-17,2024-01-17,2,2024,1,Ogun,South West,0,0,Safe,56,Moderate,3,3,Low Risk
IBD028837,"Security Agents vs Bandits, Benue",2024-01-17,2024-01-17,2,2024,1,Benue,North Central,1,5,Caution,46,Low,1,7,Moderate Risk
IBD028840,"Auto Crash, Rivers",2024-01-17,2024-01-17,1,2024,1,Rivers,South South,0,0,Safe,96,High,5,5,Moderate Risk
IBD028846,"Communal Clash, Kogi",2024-01-17,2024-01-17,1,2024,1,Kogi,North Central,0,0,Safe,25,Low,1,1,Low Risk
IBD028924,"Rape Victim, Ondo",2024-01-17,2024-01-17,1,2024,1,Ondo,South West,0,0,Safe,53,Moderate,3,3,Low Risk
IBD028827,"Police vs Robbers, Osun",2024-01-16,2024-01-16,3,2024,1,Osun,South West,0,3,Safe,22,Low,1,4,Moderate Risk
IBD028828,"Auto Crash, Osun",2024-01-16,2024-01-16,7,2024,1,Osun,South West,0,3,Safe,21,Low,1,4,Moderate Risk
IBD028841,"Policeman Kills Colleagues, Delta",2024-01-16,2024-01-16,1,2024,1,Delta,South South,0,0,Safe,88,High,5,5,Moderate Risk
IBD028829,"Pregnant Woman Dies, Lagos",2024-01-16,2024-01-16,1,2024,1,Lagos,South West,0,0,Safe,90,High,5,5,Moderate Risk
IBD028832,"Farmers vs Herders, Plateau",2024-01-16,2024-01-16,2,2024,1,Plateau,North Central,0,0,Safe,38,Low,1,1,Low Risk
IBD028830,"Auto Crash, Kwara",2024-01-16,2024-01-16,1,2024,1,Kwara,North Central,0,0,Safe,18,Low,1,1,Low Risk
IBD028833,"Vigilantes vs Boko Haram, Yobe",2024-01-16,2024-01-16,4,2024,1,Yobe,North East,0,3,Safe,21,Low,1,4,Moderate Risk
IBD028823,"Explosion, Oyo",2024-01-16,2024-01-16,9,2024,1,Oyo,South West,0,3,Safe,33,Low,1,4,Moderate Risk
IBD028835,"Gunmen vs Vigilante, Ebonyi",2024-01-16,2024-01-16,1,2024,1,Ebonyi,South East,1,5,Caution,26,Low,1,7,Moderate Risk
IBD028838,"Auto Crash, Osun",2024-01-16,2024-01-16,1,2024,1,Osun,South West,0,0,Safe,47,Low,1,1,Low Risk
IBD028839,"Auto Crash, Oyo",2024-01-16,2024-01-16,4,2024,1,Oyo,South West,0,3,Safe,32,Low,1,4,Moderate Risk
IBD028836,"Robbery Attack, Kwara",2024-01-16,2024-01-16,13,2024,1,Kwara,North Central,1,10,Avoid Route,20,Low,1,12,Extreme Danger
IBD028820,"Negligence, Ekiti",2024-01-15,2024-01-15,1,2024,1,Ekiti,South West,0,0,Safe,14,Low,1,1,Low Risk
IBD028818,"Boat Mishap, Niger",2024-01-15,2024-01-15,28,2024,1,Niger,North Central,0,5,Caution,10,Low,1,6,Moderate Risk
IBD028816,"Auto Crash, Ogun",2024-01-15,2024-01-15,5,2024,1,Ogun,South West,0,3,Safe,56,Moderate,3,6,Moderate Risk
IBD028813,"Auto Crash, Anambra",2024-01-15,2024-01-15,3,2024,1,Anambra,South East,0,3,Safe,76,Moderate,3,6,Moderate Risk
IBD028845,"Communal Clash, Benue",2024-01-15,2024-01-17,9,2024,1,Benue,North Central,0,3,Safe,49,Low,1,4,Moderate Risk
IBD028825,"Land Dispute, Nasarawa",2024-01-15,2024-01-15,7,2024,1,Nasarawa,North Central,0,3,Safe,12,Low,1,4,Moderate Risk
IBD028834,"Bandits vs NIS Operatives, Kebbi",2024-01-15,2024-01-15,3,2024,1,Kebbi,North West,1,8,Avoid Route,37,Low,1,10,High Risk
IBD028821,"Auto Crash, Kwara",2024-01-15,2024-01-15,3,2024,1,Kwara,North Central,0,3,Safe,42,Low,1,4,Moderate Risk
IBD028844,"Soldier Kills Colleague, Ogun",2024-01-15,2024-01-15,1,2024,1,Ogun,South West,0,0,Safe,65,Moderate,3,3,Low Risk
IBD028831,"Revenue Collectors Clash, Akwa Ibom",2024-01-15,2024-01-15,1,2024,1,Akwa Ibom,South South,0,0,Safe,93,High,5,5,Moderate Risk
IBD028824,"Auto Crash, FCT (Abuja)",2024-01-15,2024-01-15,1,2024,1,FCT,North Central,0,0,Safe,20,Low,1,1,Low Risk
IBD028819,"Bandits Kill 3, Zamfara",2024-01-14,2024-01-14,3,2024,1,Zamfara,North West,1,8,Avoid Route,22,Low,1,10,High Risk
IBD028814,"Inferno, Kano",2024-01-14,2024-01-14,7,2024,1,Kano,North West,0,3,Safe,19,Low,1,4,Moderate Risk
IBD028815,"Police vs Robbers, Anambra",2024-01-14,2024-01-14,2,2024,1,Anambra,South East,0,0,Safe,66,Moderate,3,3,Low Risk
IBD028812,"Youths vs Herder, Plateau",2024-01-14,2024-01-14,1,2024,1,Plateau,North Central,0,0,Safe,15,Low,1,1,Low Risk
IBD028817,"Retired Nurse, Benue",2024-01-14,2024-01-14,2,2024,1,Benue,North Central,0,0,Safe,27,Low,1,1,Low Risk
IBD028809,"Auto Crash, Ogun",2024-01-14,2024-01-14,3,2024,1,Ogun,South West,0,3,Safe,56,Moderate,3,6,Moderate Risk
IBD028807,"Domestic Violence, Niger",2024-01-13,2024-01-13,1,2024,1,Niger,North Central,0,0,Safe,17,Low,1,1,Low Risk
IBD028805,"Auto Crash, Ogun",2024-01-13,2024-01-13,1,2024,1,Ogun,South West,0,0,Safe,76,Moderate,3,3,Low Risk
IBD028811,"Gunmen vs Community Chairman, Rivers",2024-01-13,2024-01-13,1,2024,1,Rivers,South South,1,5,Caution,88,High,5,11,High Risk
IBD028822,"Police vs Robbers, Anambra",2024-01-13,2024-01-13,1,2024,1,Anambra,South East,0,0,Safe,57,Moderate,3,3,Low Risk
IBD028802,"Auto crash, Lagos",2024-01-13,2024-01-13,3,2024,1,Lagos,South West,0,3,Safe,81,High,5,8,High Risk
IBD028803,"Kidnappers Kill 2, FCT (Abuja)",2024-01-12,2024-01-12,2,2024,1,FCT,North Central,1,5,Caution,37,Low,1,7,Moderate Risk
IBD028804,"Doctor vs Baby, Oyo",2024-01-11,2024-01-11,1,2024,1,Oyo,South West,0,0,Safe,14,Low,1,1,Low Risk
IBD028792,"Banditry, Katsina",2024-01-11,2024-01-11,10,2024,1,Katsina,North West,1,10,Avoid Route,23,Low,1,12,Extreme Danger
IBD028794,"Gunmen Attack, Niger",2024-01-11,2024-01-11,1,2024,1,Niger,North Central,2,5,Caution,40,Low,1,8,High Risk
IBD028806,"Police vs Cultists, Rivers",2024-01-11,2024-01-11,2,2024,1,Rivers,South South,0,0,Safe,100,High,5,5,Moderate Risk
IBD028796,"Army vs Bandits, FCT (Abuja)",2024-01-10,2024-01-10,10,2024,1,FCT,North Central,1,10,Avoid Route,47,Low,1,12,Extreme Danger
IBD028797,"Army vs Bandits, Niger",2024-01-10,2024-01-10,20,2024,1,Niger,North Central,1,10,Avoid Route,16,Low,1,12,Extreme Danger
IBD028779,"Auto Crash, Oyo",2024-01-09,2024-01-09,6,2024,1,Oyo,South West,0,3,Safe,20,Low,1,4,Moderate Risk
IBD028795,"Auto Crash, Ogun",2024-01-09,2024-01-09,1,2024,1,Ogun,South West,0,0,Safe,56,Moderate,3,3,Low Risk
IBD028790,"Vigilante vs Motorcyclist, Edo",2024-01-09,2024-01-09,1,2024,1,Edo,South South,0,0,Safe,75,Moderate,3,3,Low Risk
IBD028780,"Auto Crash, Akwa Ibom",2024-01-08,2024-01-08,2,2024,1,Akwa Ibom,South South,0,0,Safe,95,High,5,5,Moderate Risk
IBD028777,"Gunmen Kill Traditional Ruler, Ogun",2024-01-08,2024-01-08,1,2024,1,Ogun,South West,1,5,Caution,59,Moderate,3,9,High Risk
IBD028783,"Police vs Bank Robbers, Benue",2024-01-08,2024-01-08,5,2024,1,Benue,North Central,0,3,Safe,36,Low,1,4,Moderate Risk
IBD028785,"Boko Haram Attack, Borno",2024-01-08,2024-01-08,9,2024,1,Borno,North East,1,8,Avoid Route,41,Low,1,10,High Risk
IBD028770,"Inferno, Kano",2024-01-08,2024-01-08,1,2024,1,Kano,North West,0,0,Safe,12,Low,1,1,Low Risk
IBD029116,"Gunmen Attack, Nasarawa",2024-01-08,2024-01-08,8,2024,1,Nasarawa,North Central,2,8,Avoid Route,19,Low,1,11,High Risk
IBD028784,"Boat Capsizes, Rivers",2024-01-08,2024-01-08,13,2024,1,Rivers,South South,0,5,Caution,89,High,5,10,High Risk
IBD028782,"Boko Haram Attack, Borno",2024-01-08,2024-01-08,6,2024,1,Borno,North East,1,8,Avoid Route,25,Low,1,10,High Risk
IBD028772,"Gunmen Attack, Benue",2024-01-07,2024-01-07,10,2024,1,Benue,North Central,2,10,Avoid Route,32,Low,1,13,Extreme Danger
IBD028826,"Army vs Boko Haram, Borno",2024-01-07,2024-01-13,20,2024,1,Borno,North East,0,5,Caution,46,Low,1,6,Moderate Risk
IBD028774,"Auto Crash, Lagos",2024-01-07,2024-01-07,1,2024,1,Lagos,South West,0,0,Safe,81,High,5,5,Moderate Risk
IBD028766,"Auto Crash, Kwara",2024-01-07,2024-01-07,10,2024,1,Kwara,North Central,0,5,Caution,37,Low,1,6,Moderate Risk
IBD029055,"Man vs Girlfriend, Imo",2024-01-07,2024-01-07,1,2024,1,Imo,South East,0,0,Safe,62,Moderate,3,3,Low Risk
IBD028765,"Boat Mishap, Anambra",2024-01-07,2024-01-07,8,2024,1,Anambra,South East,0,3,Safe,53,Moderate,3,6,Moderate Risk
IBD028801,"Neighour vs Man, Ogun",2024-01-07,2024-01-07,1,2024,1,Ogun,South West,0,0,Safe,59,Moderate,3,3,Low Risk
IBD028781,"Found Dead, Bayelsa",2024-01-07,2024-01-07,1,2024,1,Bayelsa,South South,0,0,Safe,88,High,5,5,Moderate Risk
IBD028769,"Son vs Father, Kano",2024-01-06,2024-01-06,1,2024,1,Kano,North West,0,0,Safe,31,Low,1,1,Low Risk
IBD028767,"Couple vs Man, Ogun",2024-01-06,2024-01-06,1,2024,1,Ogun,South West,0,0,Safe,53,Moderate,3,3,Low Risk
IBD028793,"Found Dead, Ogun",2024-01-06,2024-01-06,1,2024,1,Ogun,South West,0,0,Safe,58,Moderate,3,3,Low Risk
IBD028843,"Banditry, Kaduna",2024-01-06,2024-01-06,1,2024,1,Kaduna,North West,1,5,Caution,49,Low,1,7,Moderate Risk
IBD028763,"Woman Dies, Lagos",2024-01-05,2024-01-05,1,2024,1,Lagos,South West,0,0,Safe,86,High,5,5,Moderate Risk
IBD028778,"Bandits vs Farmers, Kaduna",2024-01-05,2024-01-05,1,2024,1,Kaduna,North West,1,5,Caution,16,Low,1,7,Moderate Risk
IBD028759,"Banditry, Katsina",2024-01-05,2024-01-05,8,2024,1,Katsina,North West,1,8,Avoid Route,29,Low,1,10,High Risk
IBD028776,"Bandits vs Village Head, Taraba",2024-01-05,2024-01-05,1,2024,1,Taraba,North East,1,5,Caution,27,Low,1,7,Moderate Risk
IBD028757,"Banditry, Kaduna",2024-01-05,2024-01-05,17,2024,1,Kaduna,North West,1,10,Avoid Route,30,Low,1,12,Extreme Danger
IBD028798,"Army vs Boko Haram/ISWAP, Borno",2024-01-05,2024-01-05,20,2024,1,Borno,North East,0,5,Caution,44,Low,1,6,Moderate Risk
IBD028756,"Auto Crash, Bayelsa",2024-01-05,2024-01-05,1,2024,1,Bayelsa,South South,0,0,Safe,82,High,5,5,Moderate Risk
IBD028799,"Army vs Terrorists, Zamfara",2024-01-05,2024-01-05,69,2024,1,Zamfara,North West,1,10,Avoid Route,43,Low,1,12,Extreme Danger
IBD028764,"NAF Air Strike, Borno",2024-01-05,2024-01-05,19,2024,1,Borno,North East,0,5,Caution,48,Low,1,6,Moderate Risk
IBD028752,"Domestic Violence, Yobe",2024-01-04,2024-01-04,1,2024,1,Yobe,North East,0,0,Safe,49,Low,1,1,Low Risk
IBD028768,"Man Dies, Lagos",2024-01-04,2024-01-04,1,2024,1,Lagos,South West,0,0,Safe,95,High,5,5,Moderate Risk
IBD028753,"Boko Haram Attack, Yobe",2024-01-04,2024-01-04,10,2024,1,Yobe,North East,1,10,Avoid Route,28,Low,1,12,Extreme Danger
IBD028754,"Arsonists Kill 2, Kogi",2024-01-04,2024-01-04,2,2024,1,Kogi,North Central,0,0,Safe,35,Low,1,1,Low Risk
IBD028761,"Man vs Friend, Kebbi",2024-01-04,2024-01-04,1,2024,1,Kebbi,North West,0,0,Safe,28,Low,1,1,Low Risk
IBD028762,"Boko Haram vs Pastor, Yobe",2024-01-04,2024-01-04,6,2024,1,Yobe,North East,0,3,Safe,26,Low,1,4,Moderate Risk
IBD028800,"Auto Crash, Katsina",2024-01-04,2024-01-04,2,2024,1,Katsina,North West,0,0,Safe,39,Low,1,1,Low Risk
IBD028744,"Auto Crash, Niger",2024-01-03,2024-01-03,19,2024,1,Niger,North Central,0,5,Caution,49,Low,1,6,Moderate Risk
IBD028740,"Auto Crash, Sokoto",2024-01-03,2024-01-03,2,2024,1,Sokoto,North West,0,0,Safe,12,Low,1,1,Low Risk
IBD028741,"Army vs Bandits, Katsina",2024-01-03,2024-01-03,5,2024,1,Katsina,North West,1,8,Avoid Route,26,Low,1,10,High Risk
IBD028737,"Man vs Imam, Kano",2024-01-03,2024-01-03,1,2024,1,Kano,North West,0,0,Safe,40,Low,1,1,Low Risk
IBD028735,"Auto Crash, Ogun",2024-01-03,2024-01-03,3,2024,1,Ogun,South West,0,3,Safe,70,Moderate,3,6,Moderate Risk
IBD028755,"Mysterious Deaths, Oyo",2024-01-03,2024-01-03,4,2024,1,Oyo,South West,0,3,Safe,31,Low,1,4,Moderate Risk
IBD028742,"Banditry, Katsina",2024-01-03,2024-01-03,5,2024,1,Katsina,North West,1,8,Avoid Route,15,Low,1,10,High Risk
IBD029390,"Stepson vs Widow, Anambra",2024-01-03,2024-01-03,1,2024,1,Anambra,South East,0,0,Safe,58,Moderate,3,3,Low Risk
IBD028734,"Robbery/ISWAP Attack, Nasarawa",2024-01-03,2024-01-03,4,2024,1,Nasarawa,North Central,1,8,Avoid Route,29,Low,1,10,High Risk
IBD028719,"Auto Crash, Kwara",2024-01-02,2024-01-02,10,2024,1,Kwara,North Central,0,5,Caution,38,Low,1,6,Moderate Risk
IBD028748,"Auto Crash, Edo",2024-01-02,2024-01-02,1,2024,1,Edo,South South,0,0,Safe,52,Moderate,3,3,Low Risk
IBD028726,"Auto Crash, Kaduna",2024-01-02,2024-01-02,6,2024,1,Kaduna,North West,0,3,Safe,10,Low,1,4,Moderate Risk
IBD028747,"Boko Haram Attack, Borno",2024-01-02,2024-01-02,2,2024,1,Borno,North East,1,5,Caution,30,Low,1,7,Moderate Risk
IBD028729,"Cultists Kill , Rivers",2024-01-02,2024-01-02,2,2024,1,Rivers,South South,0,0,Safe,83,High,5,5,Moderate Risk
IBD028775,"Electrocution, Lagos",2024-01-02,2024-01-02,1,2024,1,Lagos,South West,0,0,Safe,86,High,5,5,Moderate Risk
IBD028758,"Soldiers vs ISWAP, Borno",2024-01-02,2024-01-02,17,2024,1,Borno,North East,0,5,Caution,19,Low,1,6,Moderate Risk
IBD028739,"Kidnappers Kill 1, Plateau",2024-01-02,2024-01-02,1,2024,1,Plateau,North Central,1,5,Caution,38,Low,1,7,Moderate Risk
IBD028760,"Kidnappers Kill 3, Kogi",2024-01-02,2024-01-04,3,2024,1,Kogi,North Central,1,8,Avoid Route,22,Low,1,10,High Risk
IBD028751,"Banditry, Zamfara",2024-01-02,2024-01-02,6,2024,1,Zamfara,North West,1,8,Avoid Route,40,Low,1,10,High Risk
IBD030226,"Kidnap Victims, Ogun",2024-01-02,2024-01-02,2,2024,1,Ogun,South West,1,5,Caution,64,Moderate,3,9,High Risk
IBD030595,"Flood Disaster, Zamfara",2024-01-01,2024-08-28,13,2024,1,Zamfara,North West,0,5,Caution,12,Low,1,6,Moderate Risk
IBD030130,"Cult Clash, Akwa Ibom",2024-01-01,2024-01-01,1,2024,1,Akwa Ibom,South South,0,0,Safe,84,High,5,5,Moderate Risk
IBD028717,"Fulani Herdsmen Attack, Plateau",2024-01-01,2024-01-01,3,2024,1,Plateau,North Central,2,8,Avoid Route,10,Low,1,11,High Risk
IBD030594,"Flood Disaster, Kano",2024-01-01,2024-08-28,23,2024,1,Kano,North West,0,5,Caution,31,Low,1,6,Moderate Risk
IBD030587,"Flood Disaster, Bauchi",2024-01-01,2024-08-28,20,2024,1,Bauchi,North East,0,5,Caution,30,Low,1,6,Moderate Risk
IBD028750,"Kidnappers Kill 1, Ebonyi",2024-01-01,2024-01-01,1,2024,1,Ebonyi,South East,1,5,Caution,10,Low,1,7,Moderate Risk
IBD028721,"Auto Crash, Ogun",2024-01-01,2024-01-01,2,2024,1,Ogun,South West,0,0,Safe,75,Moderate,3,3,Low Risk
IBD028723,"Man Kills Another, Ondo",2024-01-01,2024-01-01,1,2024,1,Ondo,South West,0,0,Safe,50,Moderate,3,3,Low Risk
IBD030596,"Flood Disaster, Sokoto",2024-01-01,2024-08-28,10,2024,1,Sokoto,North West,0,5,Caution,41,Low,1,6,Moderate Risk
IBD028730,"Hoodlums vs Police, Adamawa",2024-01-01,2024-01-01,1,2024,1,Adamawa,North East,0,0,Safe,36,Low,1,1,Low Risk
IBD028789,"Army Kills 11, Kaduna",2024-01-01,2024-01-07,11,2024,1,Kaduna,North West,0,5,Caution,46,Low,1,6,Moderate Risk
IBD029622,"Ritual Killing, Lagos",2024-01-01,2024-04-29,10,2024,1,Lagos,South West,0,5,Caution,83,High,5,10,High Risk
IBD030600,"Flood Disaster, Kadun",2024-01-01,2024-08-28,1,2024,1,Unknown,,0,0,Safe,14,Low,1,1,Low Risk
IBD030591,"Flood Disaster, Borno",2024-01-01,2024-08-28,2,2024,1,Borno,North East,0,0,Safe,39,Low,1,1,Low Risk
IBD030593,"Flood Disaster, Bayelsa",2024-01-01,2024-08-28,25,2024,1,Bayelsa,South South,0,5,Caution,97,High,5,10,High Risk
IBD030598,"Flood Disaster, Ebonyi",2024-01-01,2024-08-28,1,2024,1,Ebonyi,South East,0,0,Safe,43,Low,1,1,Low Risk
IBD030592,"Flood Disaster, Jigawa",2024-01-01,2024-08-28,18,2024,1,Jigawa,North West,0,5,Caution,41,Low,1,6,Moderate Risk
IBD030589,"Flood Disaster, Taraba",2024-01-01,2024-08-28,7,2024,1,Taraba,North East,0,3,Safe,41,Low,1,4,Moderate Risk
IBD030590,"Flood Disaster, Yobe",2024-01-01,2024-08-28,7,2024,1,Yobe,North East,0,3,Safe,42,Low,1,4,Moderate Risk
IBD028732,"Boko Haram Attack, Borno",2024-01-01,2024-01-01,11,2024,1,Borno,North East,1,10,Avoid Route,34,Low,1,12,Extreme Danger
IBD031249,"Auto Crash, Anambra",2024-01-01,2024-10-31,12,2024,1,Anambra,South East,0,5,Caution,59,Moderate,3,8,High Risk
IBD028749,"Men vs Neighbour, Kwara",2024-01-01,2024-01-01,1,2024,1,Kwara,North Central,0,0,Safe,48,Low,1,1,Low Risk
IBD028718,"Auto Crash, Lagos",2023-12-31,2023-12-31,1,2024,1,Lagos,South West,0,0,Safe,85,High,5,5,Moderate Risk
IBD028720,"Hoodlums vs Vigilante Commander, Edo",2023-12-31,2023-12-31,1,2024,1,Edo,South South,0,0,Safe,67,Moderate,3,3,Low Risk
IBD028727,"Man vs Sex Worker, Delta",2023-12-31,2023-12-31,1,2024,1,Delta,South South,0,0,Safe,85,High,5,5,Moderate Risk
IBD028724,"Police vs Gunmen, Anambra",2023-12-31,2023-12-31,3,2024,1,Anambra,South East,1,8,Avoid Route,79,Moderate,3,12,Extreme Danger
IBD028728,"Inferno, Delta",2023-12-31,2023-12-31,1,2024,1,Delta,South South,0,0,Safe,95,High,5,5,Moderate Risk
IBD028713,"Auto Crash, Ogun",2023-12-30,2023-12-30,1,2024,1,Ogun,South West,0,0,Safe,68,Moderate,3,3,Low Risk
IBD028710,"Tanker Explosion, Ebonyi",2023-12-30,2023-12-30,2,2024,1,Ebonyi,South East,0,0,Safe,48,Low,1,1,Low Risk
IBD028715,"Auto Crash, Niger",2023-12-30,2023-12-30,2,2024,1,Niger,North Central,0,0,Safe,24,Low,1,1,Low Risk
IBD028714,"Auto Crash, Niger",2023-12-30,2023-12-30,4,2024,1,Niger,North Central,0,3,Safe,30,Low,1,4,Moderate Risk
IBD028722,"Police vs Kidnappers, Delta",2023-12-30,2023-12-30,2,2024,1,Delta,South South,1,5,Caution,96,High,5,11,High Risk
IBD028712,"Auto Crash, Ogun",2023-12-30,2023-12-30,1,2024,1,Ogun,South West,0,0,Safe,54,Moderate,3,3,Low Risk
IBD028711,"Gunmen Kill 3, Plateau",2023-12-29,2023-12-29,3,2024,1,Plateau,North Central,1,8,Avoid Route,47,Low,1,10,High Risk
IBD028706,"Auto Crash, Imo",2023-12-29,2023-12-29,8,2024,1,Imo,South East,0,3,Safe,50,Moderate,3,6,Moderate Risk
IBD028731,"Domestic Violence, Ogun",2023-12-29,2023-12-29,1,2024,1,Ogun,South West,0,0,Safe,78,Moderate,3,3,Low Risk
IBD028705,"Auto Crash, Gombe",2023-12-29,2023-12-29,6,2024,1,Gombe,North East,0,3,Safe,44,Low,1,4,Moderate Risk
IBD028746,"Banditry, Niger",2023-12-29,2023-12-29,3,2024,1,Niger,North Central,1,8,Avoid Route,48,Low,1,10,High Risk
IBD028707,"Vandals Kill NSCDC Officer, Borno",2023-12-28,2023-12-28,1,2024,1,Borno,North East,0,0,Safe,19,Low,1,1,Low Risk
IBD029769,"One Killed, Lagos",2023-12-28,2023-12-28,1,2024,1,Lagos,South West,0,0,Safe,90,High,5,5,Moderate Risk
IBD028725,"Banditry, Nasarawa",2023-12-28,2023-12-28,2,2024,1,Nasarawa,North Central,1,5,Caution,43,Low,1,7,Moderate Risk
IBD028709,"Gunmen vs Policemen, Anambra",2023-12-28,2023-12-28,2,2024,1,Anambra,South East,1,5,Caution,77,Moderate,3,9,High Risk
IBD028786,"Found Dead, FCT (Abuja)",2023-12-27,2023-12-27,1,2024,1,FCT,North Central,0,0,Safe,48,Low,1,1,Low Risk
IBD028703,"Auto Crash, Benue",2023-12-27,2023-12-27,3,2024,1,Benue,North Central,0,3,Safe,33,Low,1,4,Moderate Risk
IBD028699,"Marathon Race, Kogi",2023-12-26,2023-12-26,3,2024,1,Kogi,North Central,0,3,Safe,34,Low,1,4,Moderate Risk
IBD028694,"Ritual Killing, Ogun",2023-12-26,2023-12-26,3,2024,1,Ogun,South West,0,3,Safe,56,Moderate,3,6,Moderate Risk
IBD028700,"Banditry, Kaduna",2023-12-26,2023-12-26,2,2024,1,Kaduna,North West,1,5,Caution,29,Low,1,7,Moderate Risk
IBD028685,"Domestic Violence, Imo",2023-12-26,2023-12-26,1,2024,1,Imo,South East,0,0,Safe,60,Moderate,3,3,Low Risk
IBD028683,"Banditry, Sokoto",2023-12-26,2023-12-26,12,2024,1,Sokoto,North West,1,10,Avoid Route,12,Low,1,12,Extreme Danger
IBD028689,"Police vs Kidnappers, Bauchi",2023-12-26,2023-12-26,6,2024,1,Bauchi,North East,1,8,Avoid Route,30,Low,1,10,High Risk
IBD028677,"Auto Crash, Ogun",2023-12-26,2023-12-26,2,2024,1,Ogun,South West,0,0,Safe,63,Moderate,3,3,Low Risk
IBD028702,"Soldier Kills Driver, Borno",2023-12-26,2023-12-26,1,2024,1,Borno,North East,0,0,Safe,43,Low,1,1,Low Risk
IBD028678,"Auto Crash, Kaduna",2023-12-26,2023-12-26,4,2024,1,Kaduna,North West,0,3,Safe,16,Low,1,4,Moderate Risk
IBD028692,"Auto Crash, Ogun",2023-12-26,2023-12-26,1,2024,1,Ogun,South West,0,0,Safe,54,Moderate,3,3,Low Risk
IBD028681,"Fire Outbreak, Akwa Ibom",2023-12-25,2023-12-25,2,2024,1,Akwa Ibom,South South,0,0,Safe,96,High,5,5,Moderate Risk
IBD028743,"Telephone Hawker, Edo",2023-12-25,2023-12-25,1,2024,1,Edo,South South,0,0,Safe,69,Moderate,3,3,Low Risk
IBD028704,"Kidnappers, FCT (Abuja)",2023-12-25,2023-12-26,6,2024,1,FCT,North Central,1,8,Avoid Route,13,Low,1,10,High Risk
IBD028701,"Siblings Drown, Lagos",2023-12-25,2023-12-25,2,2024,1,Lagos,South West,0,0,Safe,80,High,5,5,Moderate Risk
IBD028684,"Auto Crash, Osun",2023-12-25,2023-12-25,9,2024,1,Osun,South West,0,3,Safe,29,Low,1,4,Moderate Risk
IBD028771,"Electrocution, Ogun",2023-12-25,2023-12-25,1,2024,1,Ogun,South West,0,0,Safe,69,Moderate,3,3,Low Risk
IBD028697,"Auto Crash, Rivers",2023-12-25,2023-12-25,1,2024,1,Rivers,South South,0,0,Safe,99,High,5,5,Moderate Risk
IBD028698,"Fulani Herdsmen vs Farmers, Benue",2023-12-25,2023-12-25,4,2024,1,Benue,North Central,1,8,Avoid Route,16,Low,1,10,High Risk
IBD028773,"Electrocution, Ogun",2023-12-25,2023-12-25,1,2024,1,Ogun,South West,0,0,Safe,66,Moderate,3,3,Low Risk
IBD029078,"Masquerader vs Man, Anambra",2023-12-25,2023-12-25,1,2024,1,Anambra,South East,0,0,Safe,61,Moderate,3,3,Low Risk
IBD028690,"Guard Kills Man, Rivers",2023-12-25,2023-12-25,1,2024,1,Rivers,South South,0,0,Safe,84,High,5,5,Moderate Risk
IBD028687,"Boko Haram Attack, Adamawa",2023-12-25,2023-12-25,2,2024,1,Adamawa,North East,1,5,Caution,48,Low,1,7,Moderate Risk
IBD028669,"Cult Killing, Edo",2023-12-24,2023-12-24,4,2024,1,Edo,South South,0,3,Safe,55,Moderate,3,6,Moderate Risk
IBD028665,"Auto Crash, FCT (Abuja)",2023-12-24,2023-12-24,1,2024,1,FCT,North Central,0,0,Safe,17,Low,1,1,Low Risk
IBD028666,"Terrorists Attack, Katsina",2023-12-24,2023-12-24,7,2024,1,Katsina,North West,2,8,Avoid Route,28,Low,1,11,High Risk
IBD028679,"Man vs Friend, Cross River",2023-12-24,2023-12-24,1,2024,1,Cross River,South South,0,0,Safe,92,High,5,5,Moderate Risk
IBD028674,"Gunmen Attack, Plateau",2023-12-24,2023-12-24,23,2024,1,Plateau,North Central,2,10,Avoid Route,17,Low,1,13,Extreme Danger
IBD028696,"Hoodlums vs Worshippers, Ebonyi",2023-12-24,2023-12-24,3,2024,1,Ebonyi,South East,0,3,Safe,45,Low,1,4,Moderate Risk
IBD028682,"Pipeline Explosion, Rivers",2023-12-24,2023-12-24,22,2024,1,Rivers,South South,0,5,Caution,84,High,5,10,High Risk
IBD028670,"Soldiers vs Bandits, Kaduna",2023-12-24,2023-12-24,5,2024,1,Kaduna,North West,1,8,Avoid Route,38,Low,1,10,High Risk
IBD028680,"Police Officer vs Colleague, Edo",2023-12-24,2023-12-24,1,2024,1,Edo,South South,0,0,Safe,55,Moderate,3,3,Low Risk
IBD028673,"Army vs Bandits, Kaduna",2023-12-24,2023-12-24,1,2024,1,Kaduna,North West,1,5,Caution,20,Low,1,7,Moderate Risk
IBD028668,"Soldiers vs Bandits, Kaduna",2023-12-23,2023-12-23,3,2024,1,Kaduna,North West,1,8,Avoid Route,31,Low,1,10,High Risk
IBD028656,"Auto Crash, Ogun",2023-12-23,2023-12-23,2,2024,1,Ogun,South West,0,0,Safe,54,Moderate,3,3,Low Risk
IBD028686,"Man vs Neighbour, Ogun",2023-12-23,2023-12-23,1,2024,1,Ogun,South West,0,0,Safe,66,Moderate,3,3,Low Risk
IBD028662,"Fulani Herdsmen Attack, Plateau",2023-12-23,2023-12-23,17,2024,1,Plateau,North Central,2,10,Avoid Route,37,Low,1,13,Extreme Danger
IBD028663,"Kidnapping, Kwara",2023-12-23,2023-12-24,2,2024,1,Kwara,North Central,1,5,Caution,39,Low,1,7,Moderate Risk
IBD028667,"Soldiers vs Bandits, Niger",2023-12-23,2023-12-23,2,2024,1,Niger,North Central,1,5,Caution,30,Low,1,7,Moderate Risk
IBD028695,"Hoodlums Kills Traditional Ruler, Enugu",2023-12-23,2023-12-23,1,2024,1,Enugu,South East,0,0,Safe,73,Moderate,3,3,Low Risk
IBD028708,"Banditry, FCT (Abuja)",2023-12-23,2023-12-29,4,2024,1,FCT,North Central,1,8,Avoid Route,41,Low,1,10,High Risk
IBD028659,"Gunmen Kill 12, Plateau",2023-12-23,2023-12-23,83,2024,1,Plateau,North Central,1,10,Avoid Route,13,Low,1,12,Extreme Danger
IBD028660,"Auto Crash, Jigawa",2023-12-23,2023-12-23,11,2024,1,Jigawa,North West,0,5,Caution,44,Low,1,6,Moderate Risk
IBD028658,"Businesswoman, Benue",2023-12-23,2023-12-23,1,2024,1,Benue,North Central,0,0,Safe,39,Low,1,1,Low Risk
IBD028657,"Building Collapse, Lagos",2023-12-22,2023-12-22,3,2024,1,Lagos,South West,0,3,Safe,92,High,5,8,High Risk
IBD028693,"Domestic Violence, Rivers",2023-12-22,2023-12-22,1,2024,1,Rivers,South South,0,0,Safe,85,High,5,5,Moderate Risk
IBD028672,"Vigilante vs Man, Abia",2023-12-21,2023-12-21,1,2024,1,Abia,South East,0,0,Safe,69,Moderate,3,3,Low Risk
IBD028661,"Couple vs Man, Kano",2023-12-21,2023-12-21,1,2024,1,Kano,North West,0,0,Safe,12,Low,1,1,Low Risk
IBD028671,"Soldiers vs Bandits, Kaduna",2023-12-21,2023-12-21,3,2024,1,Kaduna,North West,1,8,Avoid Route,42,Low,1,10,High Risk
IBD028691,"One Drowns, Lagos",2023-12-21,2023-12-21,1,2024,1,Lagos,South West,0,0,Safe,92,High,5,5,Moderate Risk
IBD029092,"Man vs Mother, Cross River",2023-12-21,2023-12-21,1,2024,1,Cross River,South South,0,0,Safe,96,High,5,5,Moderate Risk
IBD028655,"Assailants vs Man, Edo",2023-12-20,2023-12-20,1,2024,1,Edo,South South,0,0,Safe,52,Moderate,3,3,Low Risk
IBD028650,"Police vs Armed Robbery, Kwara",2023-12-20,2023-12-20,1,2024,1,Kwara,North Central,0,0,Safe,21,Low,1,1,Low Risk
IBD028654,"Bandits Kill Man, Zamfara",2023-12-20,2023-12-20,1,2024,1,Zamfara,North West,1,5,Caution,23,Low,1,7,Moderate Risk
IBD028791,"Security Operatives vs Youth, Delta",2023-12-20,2023-12-20,2,2024,1,Delta,South South,0,0,Safe,84,High,5,5,Moderate Risk
IBD028646,"Auto Crash, Anambra",2023-12-20,2023-12-20,1,2024,1,Anambra,South East,0,0,Safe,79,Moderate,3,3,Low Risk
IBD028664,"Ritual Killing, Ogun",2023-12-20,2023-12-20,2,2024,1,Ogun,South West,0,0,Safe,64,Moderate,3,3,Low Risk
IBD028648,"Fulani Militants Attack, Plateau",2023-12-20,2023-12-20,2,2024,1,Plateau,North Central,1,5,Caution,22,Low,1,7,Moderate Risk
IBD028736,"Quackery, Kano",2023-12-20,2023-12-20,1,2024,1,Kano,North West,0,0,Safe,13,Low,1,1,Low Risk
IBD028642,"Domestic Issue, Kwara",2023-12-19,2023-12-19,1,2024,1,Kwara,North Central,0,0,Safe,22,Low,1,1,Low Risk
IBD028635,"Police vs Kidnapper, Enugu",2023-12-19,2023-12-19,1,2024,1,Enugu,South East,1,5,Caution,63,Moderate,3,9,High Risk
IBD028645,"Boko Haram Attack, Borno",2023-12-19,2023-12-19,2,2024,1,Borno,North East,1,5,Caution,25,Low,1,7,Moderate Risk
IBD028637,"Auto Crash, Ogun",2023-12-19,2023-12-19,3,2024,1,Ogun,South West,0,3,Safe,60,Moderate,3,6,Moderate Risk
IBD028636,"Bandits Kill 1, Sokoto",2023-12-19,2023-12-19,1,2024,1,Sokoto,North West,1,5,Caution,17,Low,1,7,Moderate Risk
IBD028638,"Police vs Bandits, Taraba",2023-12-19,2023-12-19,4,2024,1,Taraba,North East,1,8,Avoid Route,32,Low,1,10,High Risk
IBD028641,"Police vs Bandit, Enugu",2023-12-19,2023-12-19,1,2024,1,Enugu,South East,1,5,Caution,67,Moderate,3,9,High Risk
IBD028639,"Boyfriend and Girlfriend, Bauchi",2023-12-18,2023-12-18,1,2024,1,Bauchi,North East,0,0,Safe,29,Low,1,1,Low Risk
IBD028632,"Gunmen vs Police, Akwa Ibom",2023-12-18,2023-12-18,1,2024,1,Akwa Ibom,South South,1,5,Caution,98,High,5,11,High Risk
IBD028634,"Farmers vs Herders, Kano",2023-12-18,2023-12-18,1,2024,1,Kano,North West,0,0,Safe,35,Low,1,1,Low Risk
IBD028624,"Police vs Bank Robbers, Benue",2023-12-18,2023-12-18,2,2024,1,Benue,North Central,0,0,Safe,20,Low,1,1,Low Risk
IBD028647,"Mob vs Man, Ogun",2023-12-18,2023-12-18,1,2024,1,Ogun,South West,0,0,Safe,63,Moderate,3,3,Low Risk
IBD028616,"Cult Clash, Ogun",2023-12-18,2023-12-18,1,2024,1,Ogun,South West,0,0,Safe,68,Moderate,3,3,Low Risk
IBD028623,"Inferno, Oyo",2023-12-18,2023-12-18,2,2024,1,Oyo,South West,0,0,Safe,38,Low,1,1,Low Risk
IBD028626,"Police vs Hoodlums, Delta",2023-12-17,2023-12-17,2,2024,1,Delta,South South,0,0,Safe,85,High,5,5,Moderate Risk
IBD028629,"Police Kill Colleague, Rivers",2023-12-17,2023-12-17,1,2024,1,Rivers,South South,0,0,Safe,84,High,5,5,Moderate Risk
IBD028628,"Bandits vs Ansaru Militants, Kaduna",2023-12-17,2023-12-17,35,2024,1,Kaduna,North West,1,10,Avoid Route,32,Low,1,12,Extreme Danger
IBD028738,"Park Official Kills Preacher, Ogun",2023-12-17,2023-12-17,1,2024,1,Ogun,South West,0,0,Safe,59,Moderate,3,3,Low Risk
IBD028622,"Auto Crash, Ogun",2023-12-17,2023-12-17,2,2024,1,Ogun,South West,0,0,Safe,74,Moderate,3,3,Low Risk
IBD028615,"Auto Crash, Ogun",2023-12-17,2023-12-17,2,2024,1,Ogun,South West,0,0,Safe,60,Moderate,3,3,Low Risk
IBD028621,"Landlord vs Student, Delta",2023-12-16,2023-12-16,1,2024,1,Delta,South South,0,0,Safe,85,High,5,5,Moderate Risk
IBD028612,"Auto Crash, Ogun",2023-12-16,2023-12-16,3,2024,1,Ogun,South West,0,3,Safe,60,Moderate,3,6,Moderate Risk
IBD028643,"Boko Haram Attack, Yobe",2023-12-16,2023-12-16,1,2024,1,Yobe,North East,1,5,Caution,45,Low,1,7,Moderate Risk
IBD028619,"Police vs Hoodlums, Rivers",2023-12-16,2023-12-16,2,2024,1,Rivers,South South,0,0,Safe,100,High,5,5,Moderate Risk
IBD028618,"Banditry, Zamfara",2023-12-16,2023-12-16,4,2024,1,Zamfara,North West,1,8,Avoid Route,12,Low,1,10,High Risk
IBD028614,"Banditry, Katsina",2023-12-16,2023-12-16,4,2024,1,Katsina,North West,1,8,Avoid Route,15,Low,1,10,High Risk
IBD028653,"Vigilantes vs Herders, FCT (Abuja)",2023-12-16,2023-12-20,3,2024,1,FCT,North Central,0,3,Safe,48,Low,1,4,Moderate Risk
IBD028644,"Auto Crash, Enugu",2023-12-15,2023-12-15,1,2024,1,Enugu,South East,0,0,Safe,60,Moderate,3,3,Low Risk
IBD031332,"Kidnap Victim, RIvers",2023-12-15,2023-12-15,1,2024,1,Rivers,South South,1,5,Caution,83,High,5,11,High Risk
IBD028652,"Banditry, Plateau",2023-12-15,2023-12-15,1,2024,1,Plateau,North Central,1,5,Caution,25,Low,1,7,Moderate Risk
IBD028929,"Auto Crashes, Delta",2023-12-15,2024-01-15,3,2024,1,Delta,South South,0,3,Safe,91,High,5,8,High Risk
IBD029617,"Domestic Violence, Adamawa",2023-12-15,2023-12-15,1,2024,1,Adamawa,North East,0,0,Safe,29,Low,1,1,Low Risk
IBD028633,"Assailants vs Businessman, Ogun",2023-12-15,2023-12-15,1,2024,1,Ogun,South West,0,0,Safe,63,Moderate,3,3,Low Risk
IBD028610,"Army vs Bandits, Sokoto",2023-12-14,2023-12-14,3,2024,1,Sokoto,North West,1,8,Avoid Route,20,Low,1,10,High Risk
IBD028640,"Police vs Kidnappers, Rivers",2023-12-14,2023-12-14,2,2024,1,Rivers,South South,1,5,Caution,84,High,5,11,High Risk
IBD028625,"Police vs Kidnappers, Katsina",2023-12-14,2023-12-15,2,2024,1,Katsina,North West,1,5,Caution,15,Low,1,7,Moderate Risk
IBD028627,"Domestic Violence, Lagos",2023-12-14,2023-12-14,1,2024,1,Lagos,South West,0,0,Safe,88,High,5,5,Moderate Risk
IBD028608,"Inferno, Zamfara",2023-12-13,2023-12-13,2,2024,1,Zamfara,North West,0,0,Safe,38,Low,1,1,Low Risk
IBD028601,"Auto Crash, Zamfara",2023-12-13,2023-12-13,6,2024,1,Zamfara,North West,0,3,Safe,45,Low,1,4,Moderate Risk
IBD028600,"Water Tank Collapse, Ondo",2023-12-13,2023-12-13,2,2024,1,Ondo,South West,0,0,Safe,74,Moderate,3,3,Low Risk
IBD028603,"Inferno, Enugu",2023-12-13,2023-12-13,1,2024,1,Enugu,South East,0,0,Safe,57,Moderate,3,3,Low Risk
IBD028649,"Domestic Violence, Lagos",2023-12-13,2023-12-13,1,2024,1,Lagos,South West,0,0,Safe,89,High,5,5,Moderate Risk
IBD028589,"Auto Crash, Ogun",2023-12-12,2023-12-12,10,2024,1,Ogun,South West,0,5,Caution,53,Moderate,3,8,High Risk
IBD028594,"Boat Mishap, Adamawa",2023-12-12,2023-12-12,2,2024,1,Adamawa,North East,0,0,Safe,16,Low,1,1,Low Risk
IBD028595,"Found Dead, Ondo",2023-12-12,2023-12-12,1,2024,1,Ondo,South West,0,0,Safe,61,Moderate,3,3,Low Risk
IBD028593,"Auto Crash, Osun",2023-12-12,2023-12-12,1,2024,1,Osun,South West,0,0,Safe,10,Low,1,1,Low Risk
IBD028604,"Robbery Attack, Ekiti",2023-12-12,2023-12-12,3,2024,1,Ekiti,South West,1,8,Avoid Route,10,Low,1,10,High Risk
IBD028602,"Electrocution, Ogun",2023-12-11,2023-12-11,1,2024,1,Ogun,South West,0,0,Safe,69,Moderate,3,3,Low Risk
IBD028596,"Generator Fume, Delta",2023-12-11,2023-12-11,2,2024,1,Delta,South South,0,0,Safe,97,High,5,5,Moderate Risk
IBD028607,"Kidnappers Kill 1, Ogun",2023-12-11,2023-12-11,1,2024,1,Ogun,South West,1,5,Caution,52,Moderate,3,9,High Risk
IBD028581,"Gunmen Attack, Anambra",2023-12-11,2023-12-11,8,2024,1,Anambra,South East,2,8,Avoid Route,66,Moderate,3,13,Extreme Danger
IBD028590,"Gunmen vs Soldiers, Rivers",2023-12-11,2023-12-11,6,2024,1,Rivers,South South,1,8,Avoid Route,85,High,5,14,Extreme Danger
IBD028599,"Soldiers vs Bouncer, Bonny",2023-12-11,2023-12-11,1,2024,1,Unknown,,0,0,Safe,24,Low,1,1,Low Risk
IBD028591,"Security Operatives vs Gunmen, Anambra",2023-12-11,2023-12-11,1,2024,1,Anambra,South East,1,5,Caution,54,Moderate,3,9,High Risk
IBD028587,"Auto Crash, Anambra",2023-12-10,2023-12-10,1,2024,1,Anambra,South East,0,0,Safe,67,Moderate,3,3,Low Risk
IBD028592,"NAF vs Bandit Leader, Niger",2023-12-10,2023-12-10,1,2024,1,Niger,North Central,1,5,Caution,11,Low,1,7,Moderate Risk
IBD028578,"NAF vs Bandits, Niger",2023-12-10,2023-12-10,40,2024,1,Niger,North Central,1,10,Avoid Route,44,Low,1,12,Extreme Danger
IBD028582,"Gunmen vs Guard, FCT (Abuja)",2023-12-10,2023-12-10,1,2024,1,FCT,North Central,1,5,Caution,31,Low,1,7,Moderate Risk
IBD028576,"Auto Crash, Kaduna",2023-12-10,2023-12-10,17,2024,1,Kaduna,North West,0,5,Caution,17,Low,1,6,Moderate Risk
IBD028585,"Auto Crash, Delta",2023-12-10,2023-12-10,3,2024,1,Delta,South South,0,3,Safe,95,High,5,8,High Risk
IBD028524,"Domestic Violence, Adamawa",2023-12-10,2023-12-10,1,2024,1,Adamawa,North East,0,0,Safe,43,Low,1,1,Low Risk
IBD028597,"Gunmen vs Monarch's Aide, Cross River",2023-12-10,2023-12-10,6,2024,1,Cross River,South South,1,8,Avoid Route,80,High,5,14,Extreme Danger
IBD028584,"Fulani Herdsmen, Plateau",2023-12-10,2023-12-10,4,2024,1,Plateau,North Central,1,8,Avoid Route,16,Low,1,10,High Risk
IBD028533,"Tanker Explosion, Nasarawa",2023-12-09,2023-12-09,6,2024,1,Nasarawa,North Central,0,3,Safe,48,Low,1,4,Moderate Risk
IBD028605,"Police vs Kidnappers, Delta",2023-12-09,2023-12-09,1,2024,1,Delta,South South,1,5,Caution,97,High,5,11,High Risk
IBD028579,"Kidnappers Kill Vigilante, Bauchi",2023-12-09,2023-12-09,1,2024,1,Bauchi,North East,1,5,Caution,22,Low,1,7,Moderate Risk
IBD028575,"Ritual Killing, Ondo",2023-12-09,2023-12-09,1,2024,1,Ondo,South West,0,0,Safe,61,Moderate,3,3,Low Risk
IBD028583,"Driver vs Baker, Lagos",2023-12-08,2023-12-08,1,2024,1,Lagos,South West,0,0,Safe,94,High,5,5,Moderate Risk
IBD028572,"Auto Crash, Ogun",2023-12-08,2023-12-08,1,2024,1,Ogun,South West,0,0,Safe,52,Moderate,3,3,Low Risk
IBD028586,"Man vs Friend, Lagos",2023-12-08,2023-12-08,1,2024,1,Lagos,South West,0,0,Safe,81,High,5,5,Moderate Risk
IBD028566,"Security Operative vs Graduate, Anambra",2023-12-07,2023-12-07,3,2024,1,Anambra,South East,0,3,Safe,65,Moderate,3,6,Moderate Risk
IBD028574,"Miners, Zamfara",2023-12-07,2023-12-07,3,2024,1,Zamfara,North West,0,3,Safe,44,Low,1,4,Moderate Risk
IBD028620,"Boy Die in Elevator, Lagos",2023-12-06,2023-12-06,1,2024,1,Lagos,South West,0,0,Safe,93,High,5,5,Moderate Risk
IBD028547,"Auto Crash, Kogi",2023-12-05,2023-12-05,1,2024,1,Kogi,North Central,0,0,Safe,36,Low,1,1,Low Risk
IBD028553,"Auto Crash, Lagos",2023-12-05,2023-12-05,1,2024,1,Lagos,South West,0,0,Safe,97,High,5,5,Moderate Risk
IBD028554,"Drown, Edo",2023-12-05,2023-12-05,1,2024,1,Edo,South South,0,0,Safe,68,Moderate,3,3,Low Risk
IBD028577,"Man Kills Mother, Enugu",2023-12-04,2023-12-04,2,2024,1,Enugu,South East,0,0,Safe,50,Moderate,3,3,Low Risk
IBD028556,"Youths vs Barber, Delta",2023-12-04,2023-12-04,1,2024,1,Delta,South South,0,0,Safe,99,High,5,5,Moderate Risk
IBD028548,"Cultists Attack, Rivers",2023-12-04,2023-12-04,3,2024,1,Rivers,South South,1,8,Avoid Route,92,High,5,14,Extreme Danger
IBD028745,"Cultism, Rivers",2023-12-04,2023-12-04,1,2024,1,Rivers,South South,0,0,Safe,100,High,5,5,Moderate Risk
IBD028539,"Inferno, Lagos",2023-12-04,2023-12-04,1,2024,1,Lagos,South West,0,0,Safe,99,High,5,5,Moderate Risk
IBD028546,"Soldiers vs Bandits, Kaduna",2023-12-04,2023-12-04,3,2024,1,Kaduna,North West,1,8,Avoid Route,16,Low,1,10,High Risk
IBD028675,"Man vs Woman, Abia",2023-12-04,2023-12-04,1,2024,1,Abia,South East,0,0,Safe,64,Moderate,3,3,Low Risk
IBD028544,"Auto Crash, Lagos",2023-12-04,2023-12-04,4,2024,1,Lagos,South West,0,3,Safe,100,High,5,8,High Risk
IBD028588,"Auto Crash, Lagos",2023-12-04,2023-12-04,1,2024,1,Lagos,South West,0,0,Safe,85,High,5,5,Moderate Risk
IBD028930,"Domestic Violence, Abia",2023-12-04,2023-12-04,1,2024,1,Abia,South East,0,0,Safe,68,Moderate,3,3,Low Risk
IBD028552,"Police vs Gunmen, Imo",2023-12-04,2023-12-04,1,2024,1,Imo,South East,1,5,Caution,69,Moderate,3,9,High Risk
IBD028542,"Army Bombs Villagers, Kaduna",2023-12-03,2023-12-04,127,2024,1,Kaduna,North West,0,5,Caution,36,Low,1,6,Moderate Risk
IBD028549,"Bandits Kill Driver, Niger",2023-12-03,2023-12-03,1,2024,1,Niger,North Central,1,5,Caution,27,Low,1,7,Moderate Risk
IBD028550,"Gunmen Attack, Taraba",2023-12-03,2023-12-03,33,2024,1,Taraba,North East,2,10,Avoid Route,28,Low,1,13,Extreme Danger
IBD028545,"Police vs Kidnappers, Adamawa",2023-12-03,2023-12-03,2,2024,1,Adamawa,North East,1,5,Caution,12,Low,1,7,Moderate Risk
IBD028538,"Cult Killing, Rivers",2023-12-03,2023-12-03,1,2024,1,Rivers,South South,0,0,Safe,80,High,5,5,Moderate Risk
IBD028528,"Piracy, Bayelsa (Offshore)",2023-12-02,2023-12-02,1,2024,1,Bayelsa,South South,0,0,Safe,83,High,5,5,Moderate Risk
IBD028567,"Bandits vs Soldier, Kaduna",2023-12-02,2023-12-02,1,2024,1,Kaduna,North West,1,5,Caution,36,Low,1,7,Moderate Risk
IBD028562,"Footballer Slumped, Ogun",2023-12-02,2023-12-02,1,2024,1,Ogun,South West,0,0,Safe,57,Moderate,3,3,Low Risk
IBD028557,"Auto Crash, Ogun",2023-12-02,2023-12-02,1,2024,1,Ogun,South West,0,0,Safe,60,Moderate,3,3,Low Risk
IBD028529,"Man vs Neighbour, Edo",2023-12-02,2023-12-02,1,2024,1,Edo,South South,0,0,Safe,78,Moderate,3,3,Low Risk
IBD028532,"Suspect Kills Policeman, Worshipper, Delta",2023-12-02,2023-12-02,3,2024,1,Delta,South South,0,3,Safe,94,High,5,8,High Risk
IBD028530,"Kidnappers vs Boy, FCT (Abuja)",2023-12-02,2023-12-02,1,2024,1,FCT,North Central,1,5,Caution,18,Low,1,7,Moderate Risk
IBD028536,"Petrol Tanker, Lagos",2023-12-02,2023-12-02,1,2024,1,Lagos,South West,0,0,Safe,86,High,5,5,Moderate Risk
IBD028531,"Auto Crash, Akwa Ibom",2023-12-02,2023-12-02,5,2024,1,Akwa Ibom,South South,0,3,Safe,98,High,5,8,High Risk
IBD028534,"Herdsmen Attack, Benue",2023-12-02,2023-12-02,11,2024,1,Benue,North Central,2,10,Avoid Route,29,Low,1,13,Extreme Danger
IBD028551,"Yam Farmer, Kwara",2023-12-02,2023-12-02,1,2024,1,Kwara,North Central,0,0,Safe,12,Low,1,1,Low Risk
IBD028561,"Robbers Raid Hostel, Ogun",2023-12-02,2023-12-02,1,2024,1,Ogun,South West,0,0,Safe,59,Moderate,3,3,Low Risk
IBD028537,"Banditry, Sokoto",2023-12-02,2023-12-02,3,2024,1,Sokoto,North West,1,8,Avoid Route,49,Low,1,10,High Risk
IBD028540,"Robbers Kill Student, Bauchi",2023-12-02,2023-12-02,1,2024,1,Bauchi,North East,0,0,Safe,39,Low,1,1,Low Risk
IBD028558,"Auto Crash, Ogun",2023-12-02,2023-12-02,1,2024,1,Ogun,South West,0,0,Safe,77,Moderate,3,3,Low Risk
IBD028570,"Ritual Killings, Bayelsa",2023-12-01,2023-12-10,10,2024,1,Bayelsa,South South,0,5,Caution,98,High,5,10,High Risk
IBD028606,"Auto Crash, Ebonyi",2023-12-01,2023-12-01,1,2024,1,Ebonyi,South East,0,0,Safe,13,Low,1,1,Low Risk
IBD028535,"Banditry, Sokoto",2023-12-01,2023-12-01,5,2024,1,Sokoto,North West,1,8,Avoid Route,12,Low,1,10,High Risk
IBD028564,"Pastor vs Newborn, Ondo",2023-12-01,2023-12-01,1,2024,1,Ondo,South West,0,0,Safe,61,Moderate,3,3,Low Risk
IBD028522,"Wheelbarrow Pusher vs Revenue Collector, Edo",2023-12-01,2023-12-01,1,2024,1,Edo,South South,0,0,Safe,72,Moderate,3,3,Low Risk
IBD028523,"Vigilantes vs Bandit, Kebbi",2023-12-01,2023-12-01,1,2024,1,Kebbi,North West,1,5,Caution,48,Low,1,7,Moderate Risk
IBD028563,"Assailants vs Lady, Lagos",2023-12-01,2023-11-01,1,2024,1,Lagos,South West,0,0,Safe,82,High,5,5,Moderate Risk
IBD028526,"Auto Crash, Oyo",2023-12-01,2023-12-01,3,2024,1,Oyo,South West,0,3,Safe,22,Low,1,4,Moderate Risk
IBD028516,"Herdsmen Attack, Plateau",2023-11-30,2023-11-30,7,2024,1,Plateau,North Central,2,8,Avoid Route,17,Low,1,11,High Risk
IBD028520,"Auto Crash, Ogun",2023-11-30,2023-11-30,1,2024,1,Ogun,South West,0,0,Safe,60,Moderate,3,3,Low Risk
IBD028543,"Sorcery, Nasarawa",2023-11-30,2023-11-30,1,2024,1,Nasarawa,North Central,0,0,Safe,30,Low,1,1,Low Risk
IBD028521,"Gunmen vs Businessman, Imo",2023-11-30,2023-11-30,1,2024,1,Imo,South East,1,5,Caution,63,Moderate,3,9,High Risk
IBD028512,"Police vs Teenager, Kano",2023-11-29,2023-11-29,1,2024,1,Kano,North West,0,0,Safe,25,Low,1,1,Low Risk
IBD028517,"Pastor Kills Wife, Ekiti",2023-11-29,2023-11-29,1,2024,1,Ekiti,South West,0,0,Safe,25,Low,1,1,Low Risk
IBD028511,"Accountant Kill by Robbers, Ogun",2023-11-29,2023-11-29,1,2024,1,Ogun,South West,0,0,Safe,76,Moderate,3,3,Low Risk
IBD028518,"Police vs Kidnapper, Bauchi",2023-11-29,2023-11-29,1,2024,1,Bauchi,North East,1,5,Caution,38,Low,1,7,Moderate Risk
IBD028519,"Boko Haram, Borno",2023-11-29,2023-11-29,4,2024,1,Borno,North East,0,3,Safe,12,Low,1,4,Moderate Risk
IBD028514,"Auto Crash, Ogun",2023-11-29,2023-11-29,1,2024,1,Ogun,South West,0,0,Safe,54,Moderate,3,3,Low Risk
IBD028573,"Man vs Guard, FCT (Abuja)",2023-11-28,2023-11-28,1,2024,1,FCT,North Central,0,0,Safe,42,Low,1,1,Low Risk
IBD028507,"Police vs Gunmen, Anambra",2023-11-28,2023-11-28,4,2024,1,Anambra,South East,1,8,Avoid Route,65,Moderate,3,12,Extreme Danger
IBD028513,"Herdsmen Kill Farmers, Taraba",2023-11-28,2023-11-28,2,2024,1,Taraba,North East,1,5,Caution,40,Low,1,7,Moderate Risk
IBD028510,"Auto Crash, Kwara",2023-11-28,2023-11-28,25,2024,1,Kwara,North Central,0,5,Caution,25,Low,1,6,Moderate Risk
IBD028515,"Bandits vs Hunters, Taraba",2023-11-28,2023-11-28,39,2024,1,Taraba,North East,1,10,Avoid Route,21,Low,1,12,Extreme Danger
IBD028506,"Police vs gunmen, Delta",2023-11-28,2023-11-28,3,2024,1,Delta,South South,1,8,Avoid Route,98,High,5,14,Extreme Danger
IBD028502,"Corpse Found, Kwara",2023-11-27,2023-11-27,1,2024,1,Kwara,North Central,0,0,Safe,48,Low,1,1,Low Risk
IBD028501,"Cult Killing, Lagos",2023-11-27,2023-11-27,2,2024,1,Lagos,South West,0,0,Safe,92,High,5,5,Moderate Risk
IBD028505,"Gunmen vs Mechanic, Nasarawa",2023-11-27,2023-11-27,1,2024,1,Nasarawa,North Central,1,5,Caution,29,Low,1,7,Moderate Risk
IBD028503,"Auto Crash, Kebbi",2023-11-27,2023-11-27,11,2024,1,Kebbi,North West,0,5,Caution,32,Low,1,6,Moderate Risk
IBD028496,"Construction Worker, Lagos",2023-11-27,2023-11-27,1,2024,1,Lagos,South West,0,0,Safe,83,High,5,5,Moderate Risk
IBD028494,"Gunmen vs Policemen, Imo",2023-11-27,2023-11-27,3,2024,1,Imo,South East,1,8,Avoid Route,71,Moderate,3,12,Extreme Danger
IBD028493,"Armed Robbery, Enugu",2023-11-26,2023-11-26,3,2024,1,Enugu,South East,0,3,Safe,55,Moderate,3,6,Moderate Risk
IBD029090,"Ritual Killing, Ogun",2023-11-26,2023-11-26,1,2024,1,Ogun,South West,0,0,Safe,79,Moderate,3,3,Low Risk
IBD028504,"Boy in Canal, Lagos",2023-11-26,2023-11-26,1,2024,1,Lagos,South West,0,0,Safe,91,High,5,5,Moderate Risk
IBD028509,"Boko Haram Attack, Borno",2023-11-26,2023-11-26,11,2024,1,Borno,North East,1,10,Avoid Route,48,Low,1,12,Extreme Danger
IBD028498,"Herders vs Farmers, Kebbi",2023-11-25,2023-11-27,1,2024,1,Kebbi,North West,0,0,Safe,10,Low,1,1,Low Risk
IBD028495,"Soldier Drowns, Rivers",2023-11-25,2023-11-25,1,2024,1,Rivers,South South,0,0,Safe,80,High,5,5,Moderate Risk
IBD028497,"Auto Crash, Kebbi",2023-11-25,2023-11-25,1,2024,1,Kebbi,North West,0,0,Safe,19,Low,1,1,Low Risk
IBD028508,"Security Operatives vs Bandits, Katsina",2023-11-25,2023-11-25,3,2024,1,Katsina,North West,1,8,Avoid Route,11,Low,1,10,High Risk
IBD028488,"Auto Crash, Lagos",2023-11-25,2023-11-25,1,2024,1,Lagos,South West,0,0,Safe,98,High,5,5,Moderate Risk
IBD028490,"Building Collapse, FCT (Abuja)",2023-11-25,2023-11-25,1,2024,1,FCT,North Central,0,0,Safe,11,Low,1,1,Low Risk
IBD028485,"Bandits Kill 1, Zamfara",2023-11-25,2023-11-25,1,2024,1,Zamfara,North West,1,5,Caution,16,Low,1,7,Moderate Risk
IBD028491,"Gunmen Kill Traditional Ruler, Imo",2023-11-25,2023-11-25,1,2024,1,Imo,South East,1,5,Caution,62,Moderate,3,9,High Risk
IBD028489,"Bandits Kill 2, Taraba",2023-11-24,2023-11-24,3,2024,1,Taraba,North East,1,8,Avoid Route,14,Low,1,10,High Risk
IBD028492,"Cultist Dies, Ogun",2023-11-24,2023-11-24,1,2024,1,Ogun,South West,0,0,Safe,76,Moderate,3,3,Low Risk
IBD028484,"NAF vs Terrorists, Borno",2023-11-24,2023-11-24,60,2024,1,Borno,North East,1,10,Avoid Route,13,Low,1,12,Extreme Danger
IBD028481,"Banditry, Taraba",2023-11-24,2023-11-24,10,2024,1,Taraba,North East,1,10,Avoid Route,11,Low,1,12,Extreme Danger
IBD028486,"Banditry, Zamfara",2023-11-24,2023-11-24,2,2024,1,Zamfara,North West,1,5,Caution,24,Low,1,7,Moderate Risk
IBD028483,"Soldiers vs Boko Haram, Borno",2023-11-24,2023-11-24,100,2024,1,Borno,North East,0,5,Caution,39,Low,1,6,Moderate Risk
IBD028487,"Auto Crash, Kwara",2023-11-24,2023-11-24,8,2024,1,Kwara,North Central,0,3,Safe,44,Low,1,4,Moderate Risk
IBD028480,"Farmer vs Herder, Osun",2023-11-23,2023-11-23,1,2024,1,Osun,South West,0,0,Safe,34,Low,1,1,Low Risk
IBD028476,"Auto Crash, Edo",2023-11-23,2023-11-23,4,2024,1,Edo,South South,0,3,Safe,78,Moderate,3,6,Moderate Risk
IBD028482,"Gunmen vs Ward Chairman, Imo",2023-11-23,2023-11-23,1,2024,1,Imo,South East,1,5,Caution,62,Moderate,3,9,High Risk
IBD028477,"Army vs Bandits, Zamfara",2023-11-22,2023-11-22,4,2024,1,Zamfara,North West,1,8,Avoid Route,33,Low,1,10,High Risk
IBD028565,"Man Kills Another, Oyo",2023-11-22,2023-11-22,1,2024,1,Oyo,South West,0,0,Safe,34,Low,1,1,Low Risk
IBD028555,"Youths Clash, Anambra",2023-11-22,2023-11-22,2,2024,1,Anambra,South East,0,0,Safe,50,Moderate,3,3,Low Risk
IBD028467,"Sorcery, Ogun",2023-11-22,2023-11-22,1,2024,1,Ogun,South West,0,0,Safe,66,Moderate,3,3,Low Risk
IBD028472,"Auto Crash, Lagos",2023-11-22,2023-11-22,1,2024,1,Lagos,South West,0,0,Safe,87,High,5,5,Moderate Risk
IBD028479,"Cultist Attack, Rivers",2023-11-22,2023-11-22,1,2024,1,Rivers,South South,1,5,Caution,92,High,5,11,High Risk
IBD028475,"Gunmen Kill 4, Plateau",2023-11-22,2023-11-22,4,2024,1,Plateau,North Central,1,8,Avoid Route,47,Low,1,10,High Risk
IBD028443,"Security Operatives vs Kidnappers, Plateau",2023-11-22,2023-11-22,1,2024,1,Plateau,North Central,1,5,Caution,27,Low,1,7,Moderate Risk
IBD028478,"Gunmen Attack, FCT (Abuja)",2023-11-22,2023-11-22,1,2024,1,FCT,North Central,2,5,Caution,42,Low,1,8,High Risk
IBD028469,"Deafman vs Farmer, Ekiti",2023-11-21,2023-11-21,1,2024,1,Ekiti,South West,0,0,Safe,32,Low,1,1,Low Risk
IBD028466,"Army vs Police, Adamawa",2023-11-21,2023-11-21,1,2024,1,Adamawa,North East,0,0,Safe,31,Low,1,1,Low Risk
IBD028471,"Auto Crash, Niger",2023-11-21,2023-11-21,20,2024,1,Niger,North Central,0,5,Caution,26,Low,1,6,Moderate Risk
IBD028810,"One Found Dead, Rivers",2023-11-21,2023-11-21,1,2024,1,Rivers,South South,0,0,Safe,100,High,5,5,Moderate Risk
IBD028474,"Gunmen vs Locals, Plateau",2023-11-20,2023-11-20,4,2024,1,Plateau,North Central,1,8,Avoid Route,30,Low,1,10,High Risk
IBD028465,"Army vs Bandits, Kaduna",2023-11-20,2023-11-20,1,2024,1,Kaduna,North West,1,5,Caution,18,Low,1,7,Moderate Risk
IBD028462,"Landlord, Rivers",2023-11-20,2023-11-22,1,2024,1,Rivers,South South,0,0,Safe,86,High,5,5,Moderate Risk
IBD028464,"Army vs Bandits, Kaduna",2023-11-20,2023-11-20,5,2024,1,Kaduna,North West,1,8,Avoid Route,36,Low,1,10,High Risk
IBD028463,"Banditry, Zamfara",2023-11-19,2023-11-19,1,2024,1,Zamfara,North West,1,5,Caution,44,Low,1,7,Moderate Risk
IBD028630,"Carpenter vs Woman, Lagos",2023-11-19,2023-11-19,1,2024,1,Lagos,South West,0,0,Safe,82,High,5,5,Moderate Risk
IBD028609,"Ritual Killing, Ogun",2023-11-19,2023-11-19,6,2024,1,Ogun,South West,0,3,Safe,79,Moderate,3,6,Moderate Risk
IBD028441,"Cult Killing, Kwara",2023-11-18,2023-11-18,2,2024,1,Kwara,North Central,0,0,Safe,46,Low,1,1,Low Risk
IBD028451,"Boko Haram Attack, Borno",2023-11-18,2023-11-18,1,2024,1,Borno,North East,1,5,Caution,11,Low,1,7,Moderate Risk
IBD028445,"Boko Haram vs ISWAP, Borno",2023-11-18,2023-11-18,60,2024,1,Borno,North East,0,5,Caution,22,Low,1,6,Moderate Risk
IBD028468,"Gunmen vs Vigilantes, FCT (Abuja)",2023-11-18,2023-11-18,2,2024,1,FCT,North Central,1,5,Caution,33,Low,1,7,Moderate Risk
IBD028452,"Boko Haram Attack, Borno",2023-11-18,2023-11-18,3,2024,1,Borno,North East,1,8,Avoid Route,49,Low,1,10,High Risk
IBD028454,"Kidnappers Kill 1, FCT (Abuja)",2023-11-18,2023-11-18,1,2024,1,FCT,North Central,1,5,Caution,23,Low,1,7,Moderate Risk
IBD028473,"Vigilante Chairman, Delta",2023-11-18,2023-11-18,1,2024,1,Delta,South South,0,0,Safe,95,High,5,5,Moderate Risk
IBD028455,"Army vs ISWAP, Borno",2023-11-18,2023-11-18,20,2024,1,Borno,North East,0,5,Caution,49,Low,1,6,Moderate Risk
IBD028442,"Auto Crash, Kogi",2023-11-18,2023-11-18,7,2024,1,Kogi,North Central,0,3,Safe,25,Low,1,4,Moderate Risk
IBD028470,"Cult Clash, Lagos",2023-11-18,2023-11-18,1,2024,1,Lagos,South West,0,0,Safe,99,High,5,5,Moderate Risk
IBD028437,"Master vs Apprentice, Delta",2023-11-17,2023-11-17,1,2024,1,Delta,South South,0,0,Safe,80,High,5,5,Moderate Risk
IBD028453,"Bandits vs Pastor, Kaduna",2023-11-17,2023-11-17,1,2024,1,Kaduna,North West,1,5,Caution,28,Low,1,7,Moderate Risk
IBD028453,"Bandits vs Pastor, Kaduna",2023-11-17,2023-11-17,1,2024,1,Kaduna,North West,1,5,Caution,18,Low,1,7,Moderate Risk
IBD028437,"Master vs Apprentice, Delta",2023-11-17,2023-11-17,1,2024,1,Delta,South South,0,0,Safe,99,High,5,5,Moderate Risk
IBD028438,"Gunmen vs Policemen, Ebonyi",2023-11-17,2023-11-17,5,2024,1,Ebonyi,South East,1,8,Avoid Route,40,Low,1,10,High Risk
IBD028459,"Cult Killing, Nasaraawa",2023-11-17,2023-11-17,1,2024,1,Unknown,,0,0,Safe,21,Low,1,1,Low Risk
IBD028613,"Birth Complications, Ogun",2023-11-17,2023-11-17,1,2024,1,Ogun,South West,0,0,Safe,70,Moderate,3,3,Low Risk
IBD028449,"Soldiers vs Boko Haram, Kaduna",2023-11-16,2023-11-16,24,2024,1,Kaduna,North West,0,5,Caution,17,Low,1,6,Moderate Risk
IBD028433,"Shi'ites Protest, Kaduna",2023-11-16,2023-11-16,1,2024,1,Kaduna,North West,0,0,Safe,41,Low,1,1,Low Risk
IBD028431,"Building Collapse, Lagos",2023-11-16,2023-11-16,1,2024,1,Lagos,South West,0,0,Safe,97,High,5,5,Moderate Risk
IBD028440,"Boat Mishap, Niger",2023-11-16,2023-11-16,10,2024,1,Niger,North Central,0,5,Caution,36,Low,1,6,Moderate Risk
IBD028444,"Domestic Violence, Gombe",2023-11-16,2023-11-16,1,2024,1,Gombe,North East,0,0,Safe,12,Low,1,1,Low Risk
IBD028439,"Army vs Bandits, Kaduna",2023-11-16,2023-11-16,6,2024,1,Kaduna,North West,1,8,Avoid Route,47,Low,1,10,High Risk
IBD028424,"Domestic Violence, Kaduna",2023-11-15,2023-11-15,1,2024,1,Kaduna,North West,0,0,Safe,48,Low,1,1,Low Risk
IBD029137,"Kidnappers vs Aide, FCT (Abuja)",2023-11-15,2023-11-15,1,2024,1,FCT,North Central,1,5,Caution,45,Low,1,7,Moderate Risk
IBD028559,"Pregnant Woman, Rivers",2023-11-15,2023-11-15,1,2024,1,Rivers,South South,0,0,Safe,83,High,5,5,Moderate Risk
IBD029093,"Gunmen vs Vigilantes, Ebonyi",2023-11-15,2023-11-15,2,2024,1,Ebonyi,South East,1,5,Caution,16,Low,1,7,Moderate Risk
IBD031648,"Assailants vs Woman, Kano",2023-11-15,2023-11-15,1,2024,1,Kano,North West,0,0,Safe,27,Low,1,1,Low Risk
IBD028447,"Banditry, Sokoto",2023-11-15,2023-11-15,6,2024,1,Sokoto,North West,1,8,Avoid Route,35,Low,1,10,High Risk
IBD028430,"Hoodlums Kill Woman, Ondo",2023-11-15,2023-11-15,1,2024,1,Ondo,South West,0,0,Safe,69,Moderate,3,3,Low Risk
IBD028428,"Fire Incidents, Borno",2023-11-15,2023-11-15,2,2024,1,Borno,North East,0,0,Safe,32,Low,1,1,Low Risk
IBD028418,"Auto Crash, Ogun",2023-11-14,2023-11-14,6,2024,1,Ogun,South West,0,3,Safe,53,Moderate,3,6,Moderate Risk
IBD028414,"Auto Crash, Abia",2023-11-14,2023-11-14,7,2024,1,Abia,South East,0,3,Safe,54,Moderate,3,6,Moderate Risk
IBD028432,"Kidnappers Kill Pastor, Kogi",2023-11-14,2023-11-14,1,2024,1,Kogi,North Central,1,5,Caution,10,Low,1,7,Moderate Risk
IBD028382,"Army vs Terrorists, Kaduna",2023-11-14,2023-11-14,1,2024,1,Kaduna,North West,1,5,Caution,33,Low,1,7,Moderate Risk
IBD028450,"Auto Crash, Edo",2023-11-13,2023-11-13,1,2024,1,Edo,South South,0,0,Safe,62,Moderate,3,3,Low Risk
IBD028396,"Domestic Violence, Benue",2023-11-13,2023-11-13,1,2024,1,Benue,North Central,0,0,Safe,12,Low,1,1,Low Risk
IBD028403,"Boat Mishap, Taraba",2023-11-13,2023-11-13,20,2024,1,Taraba,North East,0,5,Caution,33,Low,1,6,Moderate Risk
IBD028422,"Army vs Bandits, Kaduna",2023-11-13,2023-11-13,2,2024,1,Kaduna,North West,1,5,Caution,35,Low,1,7,Moderate Risk
IBD028420,"Cult Clash, Delta",2023-11-13,2023-11-13,1,2024,1,Delta,South South,0,0,Safe,98,High,5,5,Moderate Risk
IBD028409,"Gunmen Kill 2, Oyo",2023-11-13,2023-11-13,2,2024,1,Oyo,South West,1,5,Caution,11,Low,1,7,Moderate Risk
IBD028408,"Auto Crash, Lagos",2023-11-13,2023-11-13,2,2024,1,Lagos,South West,0,0,Safe,86,High,5,5,Moderate Risk
IBD028416,"Auto Crash, Cross River",2023-11-13,2023-11-13,3,2024,1,Cross River,South South,0,3,Safe,86,High,5,8,High Risk
IBD028395,"Political Violence, Bayelsa",2023-11-12,2023-11-12,1,2024,1,Bayelsa,South South,0,0,Safe,87,High,5,5,Moderate Risk
IBD028401,"Gunmen Attack, Kwara",2023-11-12,2023-11-12,2,2024,1,Kwara,North Central,2,5,Caution,38,Low,1,8,High Risk
IBD028394,"Cultists Kill 5, RIvers",2023-11-12,2023-11-12,6,2024,1,Rivers,South South,0,3,Safe,84,High,5,8,High Risk
IBD028411,"Police vs Bandits, Zamfara",2023-11-12,2023-11-12,28,2024,1,Zamfara,North West,1,10,Avoid Route,37,Low,1,12,Extreme Danger
IBD028405,"Cult Killing, Ogun",2023-11-12,2023-11-12,3,2024,1,Ogun,South West,0,3,Safe,62,Moderate,3,6,Moderate Risk
IBD028392,"Auto Crash, Ogun",2023-11-12,2023-11-12,5,2024,1,Ogun,South West,0,3,Safe,50,Moderate,3,6,Moderate Risk
IBD028458,"Banditry, Sokoto",2023-11-12,2023-11-15,4,2024,1,Sokoto,North West,1,8,Avoid Route,13,Low,1,10,High Risk
IBD028410,"Robbers vs Motorcyclist, Oyo",2023-11-12,2023-11-12,1,2024,1,Oyo,South West,0,0,Safe,48,Low,1,1,Low Risk
IBD028651,"Auto Crash, Lagos",2023-11-12,2023-11-12,3,2024,1,Lagos,South West,0,3,Safe,89,High,5,8,High Risk
IBD028456,"Banditry, Sokoto",2023-11-12,2023-11-15,4,2024,1,Sokoto,North West,1,8,Avoid Route,41,Low,1,10,High Risk
IBD028400,"Auto Crash, Kano",2023-11-12,2023-11-12,12,2024,1,Kano,North West,0,5,Caution,11,Low,1,6,Moderate Risk
IBD028425,"Corpse Found, Ondo",2023-11-11,2023-11-11,1,2024,1,Ondo,South West,0,0,Safe,53,Moderate,3,3,Low Risk
IBD028399,"Female Peacemaker, Lagos",2023-11-11,2023-11-11,1,2024,1,Lagos,South West,0,0,Safe,85,High,5,5,Moderate Risk
IBD028389,"Political Violence, Kogi",2023-11-11,2023-11-11,2,2024,1,Kogi,North Central,0,0,Safe,39,Low,1,1,Low Risk
IBD028421,"Hoodlums vs Politician, Lagos",2023-11-11,2023-11-11,1,2024,1,Lagos,South West,0,0,Safe,100,High,5,5,Moderate Risk
IBD028500,"Auto Crash, Ondo",2023-11-11,2023-11-11,1,2024,1,Ondo,South West,0,0,Safe,68,Moderate,3,3,Low Risk
IBD028404,"Army vs Bandits, Kaduna",2023-11-11,2023-11-11,2,2024,1,Kaduna,North West,1,5,Caution,49,Low,1,7,Moderate Risk
IBD028407,"Girl Dies Inside Well, FCT (Abuja)",2023-11-11,2023-11-11,1,2024,1,FCT,North Central,0,0,Safe,19,Low,1,1,Low Risk
IBD028393,"Police vs Kidnapper, Katsina",2023-11-11,2023-11-11,1,2024,1,Katsina,North West,1,5,Caution,23,Low,1,7,Moderate Risk
IBD028390,"Political Violence, Bayelsa",2023-11-11,2023-11-11,1,2024,1,Bayelsa,South South,0,0,Safe,100,High,5,5,Moderate Risk
IBD028402,"Political Violence, Anambra",2023-11-11,2023-11-11,1,2024,1,Anambra,South East,0,0,Safe,63,Moderate,3,3,Low Risk
IBD028406,"Herders Kill 10, Benue",2023-11-11,2023-11-12,10,2024,1,Benue,North Central,0,5,Caution,13,Low,1,6,Moderate Risk
IBD028427,"Auto Crash, Bauchi",2023-11-11,2023-11-11,2,2024,1,Bauchi,North East,0,0,Safe,43,Low,1,1,Low Risk
IBD028426,"Auto Crash, Bauchi",2023-11-11,2023-11-11,1,2024,1,Bauchi,North East,0,0,Safe,23,Low,1,1,Low Risk
IBD028415,"Political Violence, Kogi",2023-11-11,2023-11-11,1,2024,1,Kogi,North Central,0,0,Safe,46,Low,1,1,Low Risk
IBD028380,"Ritual Killing, Oyo",2023-11-10,2023-11-10,1,2024,1,Oyo,South West,0,0,Safe,25,Low,1,1,Low Risk
IBD028398,"Assailants vs Teenager, FCT (Abuja)",2023-11-10,2023-11-10,1,2024,1,FCT,North Central,0,0,Safe,36,Low,1,1,Low Risk
IBD028423,"Retired Permanent Secretory, Oyo",2023-11-10,2023-11-10,1,2024,1,Oyo,South West,0,0,Safe,22,Low,1,1,Low Risk
IBD028384,"Auto Crash, Lagos",2023-11-10,2023-11-10,1,2024,1,Lagos,South West,0,0,Safe,82,High,5,5,Moderate Risk
IBD028377,"Auto Crash, Ogun",2023-11-10,2023-11-10,2,2024,1,Ogun,South West,0,0,Safe,71,Moderate,3,3,Low Risk
IBD028383,"Cult Clash, Ogun",2023-11-10,2023-11-10,2,2024,1,Ogun,South West,0,0,Safe,75,Moderate,3,3,Low Risk
IBD028379,"Herdsmen Attack, Enugu",2023-11-10,2023-11-10,1,2024,1,Enugu,South East,2,5,Caution,54,Moderate,3,10,High Risk
IBD028413,"Security Guard, Ogun",2023-11-10,2023-11-10,1,2024,1,Ogun,South West,0,0,Safe,52,Moderate,3,3,Low Risk
IBD028434,"Gunmen vs Motorcyclist, Lagos",2023-11-10,2023-11-10,1,2024,1,Lagos,South West,1,5,Caution,83,High,5,11,High Risk
IBD028387,"Security Operatives vs Kidnappers, Kebbi",2023-11-10,2023-11-10,3,2024,1,Kebbi,North West,1,8,Avoid Route,42,Low,1,10,High Risk
IBD028429,"Motorist Dies, Lagos",2023-11-10,2023-11-10,1,2024,1,Lagos,South West,0,0,Safe,95,High,5,5,Moderate Risk
IBD028385,"Auto Crash, Lagos",2023-11-09,2023-11-09,1,2024,1,Lagos,South West,0,0,Safe,91,High,5,5,Moderate Risk
IBD028362,"Boko Haram/ISWAP Mine Explosion, Borno",2023-11-09,2023-11-09,6,2024,1,Borno,North East,0,3,Safe,40,Low,1,4,Moderate Risk
IBD028560,"OAU Student, Ogun",2023-11-08,2023-11-08,1,2024,1,Ogun,South West,0,0,Safe,73,Moderate,3,3,Low Risk
IBD028368,"Banditry, Sokoto",2023-11-08,2023-11-08,5,2024,1,Sokoto,North West,1,8,Avoid Route,41,Low,1,10,High Risk
IBD028370,"Student vs Teacher, Taraba",2023-11-08,2023-11-08,1,2024,1,Taraba,North East,0,0,Safe,35,Low,1,1,Low Risk
IBD028361,"Vigilante Group vs Fulani, Niger",2023-11-08,2023-11-08,4,2024,1,Niger,North Central,0,3,Safe,13,Low,1,4,Moderate Risk
IBD028373,"Ritual Killing, Ondo",2023-11-08,2023-11-08,2,2024,1,Ondo,South West,0,0,Safe,73,Moderate,3,3,Low Risk
IBD028366,"Scavenger, Rivers",2023-11-08,2023-11-08,1,2024,1,Rivers,South South,0,0,Safe,84,High,5,5,Moderate Risk
IBD028397,"NAF vs Boko Haram, Borno",2023-11-08,2023-11-08,20,2024,1,Borno,North East,0,5,Caution,10,Low,1,6,Moderate Risk
IBD028461,"Man vs Okada Rider, Benue",2023-11-08,2023-11-08,1,2024,1,Benue,North Central,0,0,Safe,23,Low,1,1,Low Risk
IBD028360,"Banditry, Kaduna",2023-11-07,2023-11-07,2,2024,1,Kaduna,North West,1,5,Caution,32,Low,1,7,Moderate Risk
IBD028363,"Commercial Motorcyclist, FCT (Abuja)",2023-11-07,2023-11-07,1,2024,1,FCT,North Central,0,0,Safe,25,Low,1,1,Low Risk
IBD028369,"Man Drowns, Kwara",2023-11-07,2023-11-07,1,2024,1,Kwara,North Central,0,0,Safe,35,Low,1,1,Low Risk
IBD028353,"Electrocution, Ogun",2023-11-07,2023-11-07,1,2024,1,Ogun,South West,0,0,Safe,79,Moderate,3,3,Low Risk
IBD028367,"Corpse Found, Rivers",2023-11-07,2023-11-07,1,2024,1,Rivers,South South,0,0,Safe,91,High,5,5,Moderate Risk
IBD028378,"Motorcycle Thief Lynched, Benue",2023-11-07,2023-11-07,1,2024,1,Benue,North Central,0,0,Safe,21,Low,1,1,Low Risk
IBD028357,"Political Violence, Kogi",2023-11-07,2023-11-07,10,2024,1,Kogi,North Central,0,5,Caution,48,Low,1,6,Moderate Risk
IBD028571,"Man Killed, Lagos",2023-11-07,2023-11-07,1,2024,1,Lagos,South West,0,0,Safe,85,High,5,5,Moderate Risk
IBD028419,"Man vs Police, Plateau",2023-11-07,2023-11-07,1,2024,1,Plateau,North Central,0,0,Safe,29,Low,1,1,Low Risk
IBD028349,"Cult Clash, Lagos",2023-11-07,2023-11-07,2,2024,1,Lagos,South West,0,0,Safe,88,High,5,5,Moderate Risk
IBD028460,"Banditry, FCT (Abuja)",2023-11-07,2023-11-09,36,2024,1,FCT,North Central,1,10,Avoid Route,25,Low,1,12,Extreme Danger
IBD028787,"Security Operatives vs Woman, Nasarawa",2023-11-07,2023-11-07,1,2024,1,Nasarawa,North Central,0,0,Safe,45,Low,1,1,Low Risk
IBD028351,"Landlord Election, Anambra",2023-11-07,2023-11-07,2,2024,1,Anambra,South East,0,0,Safe,67,Moderate,3,3,Low Risk
IBD028381,"Detainee vs Police Officer, Lagos",2023-11-06,2023-11-06,1,2024,1,Lagos,South West,0,0,Safe,93,High,5,5,Moderate Risk
IBD028339,"Inferno at Embassy, FCT (Abuja)",2023-11-06,2023-11-06,3,2024,1,FCT,North Central,0,3,Safe,25,Low,1,4,Moderate Risk
IBD028347,"Gunmen Attack, Benue",2023-11-06,2023-11-06,10,2024,1,Benue,North Central,2,10,Avoid Route,10,Low,1,13,Extreme Danger
IBD028365,"Banditry, Sokoto",2023-11-06,2023-11-06,11,2024,1,Sokoto,North West,1,10,Avoid Route,43,Low,1,12,Extreme Danger
IBD028417,"Assailants vs Man, Plateau",2023-11-06,2023-11-06,1,2024,1,Plateau,North Central,0,0,Safe,21,Low,1,1,Low Risk
IBD028346,"Herdsmen Attack, Benue",2023-11-06,2023-11-06,5,2024,1,Benue,North Central,2,8,Avoid Route,46,Low,1,11,High Risk
IBD028348,"Bullet Proof Charm, Bauchi",2023-11-06,2023-11-06,1,2024,1,Bauchi,North East,0,0,Safe,28,Low,1,1,Low Risk
IBD028354,"Boat Mishap, Nasarawa",2023-11-06,2023-11-06,4,2024,1,Nasarawa,North Central,0,3,Safe,28,Low,1,4,Moderate Risk
IBD028356,"Boy Drowns, Kwara",2023-11-06,2023-11-06,1,2024,1,Kwara,North Central,0,0,Safe,34,Low,1,1,Low Risk
IBD028350,"Bandits Kill 5, Katsina",2023-11-06,2023-11-06,5,2024,1,Katsina,North West,1,8,Avoid Route,10,Low,1,10,High Risk
IBD028359,"Army vs Terrorists, Plateau",2023-11-06,2023-11-06,4,2024,1,Plateau,North Central,1,8,Avoid Route,33,Low,1,10,High Risk
IBD028332,"Boko Haram vs Businessman, Borno",2023-11-05,2023-11-05,1,2024,1,Borno,North East,0,0,Safe,24,Low,1,1,Low Risk
IBD028341,"Banditry, Niger",2023-11-05,2023-11-05,1,2024,1,Niger,North Central,1,5,Caution,39,Low,1,7,Moderate Risk
IBD028331,"Banditry, Zamfara",2023-11-05,2023-11-05,2,2024,1,Zamfara,North West,1,5,Caution,12,Low,1,7,Moderate Risk
IBD028244,"Boko Haram Attack, Borno",2023-11-05,2023-11-05,12,2024,1,Borno,North East,1,10,Avoid Route,33,Low,1,12,Extreme Danger
IBD028343,"Army vs Bandits, Kaduna",2023-11-05,2023-11-05,1,2024,1,Kaduna,North West,1,5,Caution,28,Low,1,7,Moderate Risk
IBD028333,"Mob Kill Bike Thief, Niger",2023-11-05,2023-11-05,1,2024,1,Niger,North Central,0,0,Safe,47,Low,1,1,Low Risk
IBD028336,"Banditry, Katsina",2023-11-05,2023-11-05,20,2024,1,Katsina,North West,1,10,Avoid Route,12,Low,1,12,Extreme Danger
IBD028345,"Troops vs Bandits, Kaduna",2023-11-05,2023-11-05,3,2024,1,Kaduna,North West,1,8,Avoid Route,16,Low,1,10,High Risk
IBD028342,"Army vs Bandits, Kaduna",2023-11-05,2023-11-05,2,2024,1,Kaduna,North West,1,5,Caution,21,Low,1,7,Moderate Risk
IBD028364,"Mob Kill Suspected Thief, Bauchi",2023-11-04,2023-11-04,1,2024,1,Bauchi,North East,0,0,Safe,47,Low,1,1,Low Risk
IBD028330,"Lightning Kills 3, Anambra",2023-11-04,2023-11-04,3,2024,1,Anambra,South East,0,3,Safe,56,Moderate,3,6,Moderate Risk
IBD028328,"Soldiers vs Bandits, Zamfara",2023-11-04,2023-11-04,40,2024,1,Zamfara,North West,1,10,Avoid Route,38,Low,1,12,Extreme Danger
IBD028358,"Political Violence, Bayelsa",2023-11-04,2023-11-04,1,2024,1,Bayelsa,South South,0,0,Safe,86,High,5,5,Moderate Risk
IBD028323,"Piracy, Rivers (Offshore)",2023-11-03,2023-11-03,4,2024,1,Rivers,South South,0,3,Safe,84,High,5,8,High Risk
IBD028326,"Gang War, Benue",2023-11-03,2023-11-03,21,2024,1,Benue,North Central,0,5,Caution,49,Low,1,6,Moderate Risk
IBD028371,"Army vs Bandits, Kaduna",2023-11-03,2023-11-03,2,2024,1,Kaduna,North West,1,5,Caution,28,Low,1,7,Moderate Risk
IBD028412,"Worshipper Dies During Revival, Ogun",2023-11-03,2023-11-03,1,2024,1,Ogun,South West,0,0,Safe,58,Moderate,3,3,Low Risk
IBD028320,"Auto Crash, Kebbi",2023-11-03,2023-11-03,11,2024,1,Kebbi,North West,0,5,Caution,17,Low,1,6,Moderate Risk
IBD028322,"Soldiers vs Boko Haram, Borno",2023-11-03,2023-11-03,80,2024,1,Borno,North East,0,5,Caution,20,Low,1,6,Moderate Risk
IBD031259,"Kidnappers Kill Man, Niger",2023-11-02,2023-11-02,1,2024,1,Niger,North Central,1,5,Caution,22,Low,1,7,Moderate Risk
IBD028315,"Auto Crash, FCT (Abuja)",2023-11-02,2023-11-02,8,2024,1,FCT,North Central,0,3,Safe,20,Low,1,4,Moderate Risk
IBD028321,"Soldiers vs Boko Haram, Yobe",2023-11-02,2023-11-02,80,2024,1,Yobe,North East,0,5,Caution,39,Low,1,6,Moderate Risk
IBD028318,"Banditry, Sokoto",2023-11-02,2023-11-02,6,2024,1,Sokoto,North West,1,8,Avoid Route,11,Low,1,10,High Risk
IBD028344,"Woman Inside Canal, Ogun",2023-11-02,2023-11-02,1,2024,1,Ogun,South West,0,0,Safe,62,Moderate,3,3,Low Risk
IBD028334,"Hoodlums vs Man, Bauchi",2023-11-02,2023-11-02,2,2024,1,Bauchi,North East,0,0,Safe,30,Low,1,1,Low Risk
IBD028374,"Army vs Bandits, Kaduna",2023-11-02,2023-11-02,1,2024,1,Kaduna,North West,1,5,Caution,47,Low,1,7,Moderate Risk
IBD028733,"Gunmen Kill 2, Plateau",2023-11-02,2023-11-02,2,2024,1,Plateau,North Central,1,5,Caution,49,Low,1,7,Moderate Risk
IBD028569,"Inferno, Kano",2023-11-01,2023-11-30,2,2024,1,Kano,North West,0,0,Safe,14,Low,1,1,Low Risk
IBD028325,"Police vs Armed Robbers, Rivers",2023-11-01,2023-11-01,1,2024,1,Rivers,South South,0,0,Safe,92,High,5,5,Moderate Risk
IBD028311,"Terrorists vs Travelers, Zamfara",2023-11-01,2023-11-01,15,2024,1,Zamfara,North West,1,10,Avoid Route,35,Low,1,12,Extreme Danger
IBD028319,"Police Kill Kidnapper, Bauchi",2023-11-01,2023-11-01,1,2024,1,Bauchi,North East,1,5,Caution,16,Low,1,7,Moderate Risk
IBD028314,"Security Operatives vs Kidnappers, Plateau",2023-11-01,2023-11-01,2,2024,1,Plateau,North Central,1,5,Caution,45,Low,1,7,Moderate Risk
IBD028307,"Mob vs Thugs, Anambra",2023-11-01,2023-11-01,2,2024,1,Anambra,South East,0,0,Safe,58,Moderate,3,3,Low Risk
IBD028617,"Assailants vs Man, Enugu",2023-11-01,2023-11-01,1,2024,1,Enugu,South East,0,0,Safe,66,Moderate,3,3,Low Risk
IBD028324,"Soldiers vs Bandits, Zamfara",2023-11-01,2023-11-01,10,2024,1,Zamfara,North West,1,10,Avoid Route,39,Low,1,12,Extreme Danger
IBD028309,"1 Killed, Imo",2023-11-01,2023-11-01,1,2024,1,Imo,South East,0,0,Safe,52,Moderate,3,3,Low Risk
IBD028375,"Army vs Bandits, Kaduna",2023-11-01,2023-11-01,4,2024,1,Kaduna,North West,1,8,Avoid Route,37,Low,1,10,High Risk
IBD028292,"Building Collapse, Ekiti",2023-10-31,2023-10-31,1,2024,1,Ekiti,South West,0,0,Safe,43,Low,1,1,Low Risk
IBD028295,"Auto Crash, Lagos",2023-10-31,2023-10-31,3,2024,1,Lagos,South West,0,3,Safe,95,High,5,8,High Risk
IBD028306,"Villagers vs Bandits, Bauchi",2023-10-31,2023-10-31,1,2024,1,Bauchi,North East,1,5,Caution,24,Low,1,7,Moderate Risk
IBD028296,"Banditry, Kaduna",2023-10-31,2023-10-31,1,2024,1,Kaduna,North West,1,5,Caution,25,Low,1,7,Moderate Risk
IBD028327,"Soldiers vs Bandits, Katsina",2023-10-31,2023-11-01,10,2024,1,Katsina,North West,1,10,Avoid Route,13,Low,1,12,Extreme Danger
IBD028298,"Sex Romp, Kwara",2023-10-31,2023-10-31,1,2024,1,Kwara,North Central,0,0,Safe,26,Low,1,1,Low Risk
IBD028313,"Mysterious Death, Lagos",2023-10-31,2023-10-31,1,2024,1,Lagos,South West,0,0,Safe,96,High,5,5,Moderate Risk
IBD028310,"Boko Haram Attack, Yobe",2023-10-31,2023-10-31,22,2024,1,Yobe,North East,1,10,Avoid Route,32,Low,1,12,Extreme Danger
IBD028304,"Auto Crash, Zamfara",2023-10-31,2023-10-31,12,2024,1,Zamfara,North West,0,5,Caution,34,Low,1,6,Moderate Risk
IBD028297,"Army vs Terrorists, Zamfara",2023-10-30,2023-10-30,3,2024,1,Zamfara,North West,1,8,Avoid Route,39,Low,1,10,High Risk
IBD028293,"Boko Haram vs Police, Borno",2023-10-30,2023-10-30,1,2024,1,Borno,North East,0,0,Safe,29,Low,1,1,Low Risk
IBD028302,"Soldiers vs Bandit, Kaduna",2023-10-30,2023-10-30,1,2024,1,Kaduna,North West,1,5,Caution,29,Low,1,7,Moderate Risk
IBD028300,"Gunmen vs Traditional Ruler, Taraba",2023-10-30,2023-10-30,1,2024,1,Taraba,North East,1,5,Caution,26,Low,1,7,Moderate Risk
IBD028317,"Protester Killed, Rivers",2023-10-30,2023-10-30,1,2024,1,Rivers,South South,0,0,Safe,89,High,5,5,Moderate Risk
IBD028335,"Boko Haram Attack, Borno",2023-10-30,2023-10-31,39,2024,1,Borno,North East,1,10,Avoid Route,11,Low,1,12,Extreme Danger
IBD028299,"Army vs Bandits, Kebbi",2023-10-30,2023-10-30,3,2024,1,Kebbi,North West,1,8,Avoid Route,18,Low,1,10,High Risk
IBD028303,"Boko Haram Attack, Yobe",2023-10-30,2023-10-30,25,2024,1,Yobe,North East,1,10,Avoid Route,45,Low,1,12,Extreme Danger
IBD028272,"Assailants vs Lecturer, Niger",2023-10-29,2023-10-29,1,2024,1,Niger,North Central,0,0,Safe,44,Low,1,1,Low Risk
IBD028286,"Herdsmen Attack, Benue",2023-10-29,2023-10-29,3,2024,1,Benue,North Central,2,8,Avoid Route,45,Low,1,11,High Risk
IBD028290,"Security Operatives vs Gunmen, Anambra",2023-10-29,2023-10-29,2,2024,1,Anambra,South East,1,5,Caution,62,Moderate,3,9,High Risk
IBD028278,"Bandits Kill Teacher, Kaduna",2023-10-29,2023-10-29,3,2024,1,Kaduna,North West,1,8,Avoid Route,14,Low,1,10,High Risk
IBD028281,"Boko Haram Attack, Borno",2023-10-29,2023-10-29,1,2024,1,Borno,North East,1,5,Caution,12,Low,1,7,Moderate Risk
IBD028285,"Herdsmen Attack, Benue",2023-10-29,2023-10-29,4,2024,1,Benue,North Central,2,8,Avoid Route,33,Low,1,11,High Risk
IBD028289,"NAF vs Boko Haram Terrorists, Borno",2023-10-29,2023-10-29,22,2024,1,Borno,North East,1,10,Avoid Route,10,Low,1,12,Extreme Danger
IBD028271,"Boat Mishap, Taraba",2023-10-28,2023-10-28,95,2024,1,Taraba,North East,0,5,Caution,29,Low,1,6,Moderate Risk
IBD028316,"Bandits Kill 2, Kaduna",2023-10-28,2023-10-28,2,2024,1,Kaduna,North West,1,5,Caution,24,Low,1,7,Moderate Risk
IBD028329,"Herdsmen vs Man, Plateau",2023-10-28,2023-10-28,1,2024,1,Plateau,North Central,1,5,Caution,48,Low,1,7,Moderate Risk
IBD028355,"Assailants vs Motorcyclist, Plateau",2023-10-28,2023-10-28,3,2024,1,Plateau,North Central,0,3,Safe,47,Low,1,4,Moderate Risk
IBD028277,"Kidnappers Kill Baby, Kwara",2023-10-28,2023-10-28,1,2024,1,Kwara,North Central,1,5,Caution,33,Low,1,7,Moderate Risk
IBD028279,"Army vs Terrorists, Anambra",2023-10-28,2023-10-28,2,2024,1,Anambra,South East,1,5,Caution,65,Moderate,3,9,High Risk
IBD028275,"Two Men Die, Kano",2023-10-28,2023-10-28,2,2024,1,Kano,North West,0,0,Safe,21,Low,1,1,Low Risk
IBD028352,"Robbery Gang Killed, Ondo",2023-10-28,2023-10-28,1,2024,1,Ondo,South West,0,0,Safe,73,Moderate,3,3,Low Risk
IBD028274,"Gunmen Kill 1, Benue",2023-10-28,2023-10-28,1,2024,1,Benue,North Central,1,5,Caution,21,Low,1,7,Moderate Risk
IBD028276,"Sea Pirates vs Fishermen, Akwa Ibom (Offshore)",2023-10-28,2023-10-28,9,2024,1,Akwa Ibom,South South,0,3,Safe,91,High,5,8,High Risk
IBD029525,"Gunmen vs Policemen, Abia",2023-10-27,2023-10-27,2,2024,1,Abia,South East,1,5,Caution,52,Moderate,3,9,High Risk
IBD031414,"Man Kills Baby, Delta",2023-10-27,2023-10-27,1,2024,1,Delta,South South,0,0,Safe,95,High,5,5,Moderate Risk
IBD028273,"Cult Clash, Edo",2023-10-27,2023-10-27,4,2024,1,Edo,South South,0,3,Safe,64,Moderate,3,6,Moderate Risk
IBD028312,"Man Drowns in Beach, Lagos",2023-10-27,2023-10-27,1,2024,1,Lagos,South West,0,0,Safe,93,High,5,5,Moderate Risk
IBD028280,"Farmer Killed, FCT (Abuja)",2023-10-26,2023-10-26,1,2024,1,FCT,North Central,0,0,Safe,42,Low,1,1,Low Risk
IBD028264,"Army vs Boko Haram, Yobe",2023-10-26,2023-10-26,4,2024,1,Yobe,North East,0,3,Safe,41,Low,1,4,Moderate Risk
IBD028270,"Banditry, Zamfara",2023-10-26,2023-10-26,6,2024,1,Zamfara,North West,1,8,Avoid Route,11,Low,1,10,High Risk
IBD028301,"Boat Mishap, Lagos",2023-10-26,2023-10-26,2,2024,1,Lagos,South West,0,0,Safe,96,High,5,5,Moderate Risk
IBD028283,"Electrocution, Edo",2023-10-26,2023-10-26,1,2024,1,Edo,South South,0,0,Safe,58,Moderate,3,3,Low Risk
IBD028269,"Herdsmen Attack, Benue",2023-10-26,2023-10-27,3,2024,1,Benue,North Central,2,8,Avoid Route,33,Low,1,11,High Risk
IBD028284,"Communal Clash, Cross River",2023-10-26,2023-10-26,20,2024,1,Cross River,South South,0,5,Caution,97,High,5,10,High Risk
IBD028254,"Assailants vs Motorcyclist, Osun",2023-10-25,2023-10-25,1,2024,1,Osun,South West,0,0,Safe,17,Low,1,1,Low Risk
IBD028261,"Gunmen vs Policeman, Abia",2023-10-25,2023-10-25,1,2024,1,Abia,South East,1,5,Caution,59,Moderate,3,9,High Risk
IBD028263,"Army vs Boko Haram, Yobe",2023-10-25,2023-10-25,6,2024,1,Yobe,North East,0,3,Safe,42,Low,1,4,Moderate Risk
IBD028265,"Police Kill 1, Rivers",2023-10-25,2023-10-25,1,2024,1,Rivers,South South,0,0,Safe,81,High,5,5,Moderate Risk
IBD028259,"Ritual Killing, Rivers",2023-10-25,2023-10-25,1,2024,1,Rivers,South South,0,0,Safe,95,High,5,5,Moderate Risk
IBD028268,"Soldiers vs Bandits, Kaduna",2023-10-25,2023-10-25,2,2024,1,Kaduna,North West,1,5,Caution,18,Low,1,7,Moderate Risk
IBD028291,"Bandits Kill Woman, Katsina",2023-10-24,2023-10-24,1,2024,1,Katsina,North West,1,5,Caution,15,Low,1,7,Moderate Risk
IBD028257,"Bandits Attack, Kaduna",2023-10-24,2023-10-24,2,2024,1,Kaduna,North West,2,5,Caution,27,Low,1,8,High Risk
IBD028258,"Bandits Attack, Kaduna",2023-10-24,2023-10-24,1,2024,1,Kaduna,North West,2,5,Caution,12,Low,1,8,High Risk
IBD028256,"Gunmen Attack, Edo",2023-10-24,2023-10-24,3,2024,1,Edo,South South,2,8,Avoid Route,59,Moderate,3,13,Extreme Danger
IBD028631,"Man vs Wife, Lagos",2023-10-24,2023-10-24,1,2024,1,Lagos,South West,0,0,Safe,88,High,5,5,Moderate Risk
IBD028250,"Domestic Violence, Benue",2023-10-24,2023-10-24,1,2024,1,Benue,North Central,0,0,Safe,46,Low,1,1,Low Risk
IBD028246,"Ansaru Attack, Kaduna",2023-10-24,2023-10-24,2,2024,1,Kaduna,North West,1,5,Caution,13,Low,1,7,Moderate Risk
IBD028251,"Soldiers vs Bandits, Plateau",2023-10-24,2023-10-24,4,2024,1,Plateau,North Central,1,8,Avoid Route,46,Low,1,10,High Risk
IBD028234,"Baby Dies, Abia",2023-10-23,2023-10-23,1,2024,1,Abia,South East,0,0,Safe,70,Moderate,3,3,Low Risk
IBD028247,"Assailants vs Businesswoman, Akwa Ibom",2023-10-23,2023-10-23,1,2024,1,Akwa Ibom,South South,0,0,Safe,85,High,5,5,Moderate Risk
IBD028249,"Army vs ISWAP, Borno",2023-10-23,2023-10-23,9,2024,1,Borno,North East,0,3,Safe,38,Low,1,4,Moderate Risk
IBD028230,"Vigilante Member Dies, Edo",2023-10-23,2023-10-23,1,2024,1,Edo,South South,0,0,Safe,75,Moderate,3,3,Low Risk
IBD028248,"Gunmen vs IDPs, Benue",2023-10-23,2023-10-23,3,2024,1,Benue,North Central,1,8,Avoid Route,23,Low,1,10,High Risk
IBD028253,"Woman vs Neighbour, Cross River",2023-10-23,2023-10-23,1,2024,1,Cross River,South South,0,0,Safe,84,High,5,5,Moderate Risk
IBD028233,"Commuters, Kwara",2023-10-23,2023-10-23,3,2024,1,Kwara,North Central,0,3,Safe,22,Low,1,4,Moderate Risk
IBD028252,"Army vs Bandits, Sokoto",2023-10-23,2023-10-24,25,2024,1,Sokoto,North West,1,10,Avoid Route,45,Low,1,12,Extreme Danger
IBD028236,"Security Operatives vs Bandits, Kebbi",2023-10-22,2023-10-22,1,2024,1,Kebbi,North West,1,5,Caution,22,Low,1,7,Moderate Risk
IBD028226,"Auto Crash, Ogun",2023-10-22,2023-10-22,5,2024,1,Ogun,South West,0,3,Safe,57,Moderate,3,6,Moderate Risk
IBD028235,"Banditry, Katsina",2023-10-22,2023-10-22,7,2024,1,Katsina,North West,1,8,Avoid Route,10,Low,1,10,High Risk
IBD028245,"Ritual Killing, Oyo",2023-10-22,2023-10-22,1,2024,1,Oyo,South West,0,0,Safe,28,Low,1,1,Low Risk
IBD028242,"Assailants vs Student, Gombe",2023-10-22,2023-10-22,1,2024,1,Gombe,North East,0,0,Safe,11,Low,1,1,Low Risk
IBD028224,"Auto Crash, Kwara",2023-10-22,2023-10-22,2,2024,1,Kwara,North Central,0,0,Safe,13,Low,1,1,Low Risk
IBD028229,"Woman Dies, Cross River",2023-10-22,2023-10-22,1,2024,1,Cross River,South South,0,0,Safe,90,High,5,5,Moderate Risk
IBD028232,"Man vs Student, Bauchi",2023-10-22,2023-10-22,1,2024,1,Bauchi,North East,0,0,Safe,28,Low,1,1,Low Risk
IBD028676,"Gunmen Attack, Plateau",2023-10-21,2023-10-21,8,2024,1,Plateau,North Central,2,8,Avoid Route,10,Low,1,11,High Risk
IBD029326,"Medical Negligence, Lagos",2023-10-21,2023-10-21,1,2024,1,Lagos,South West,0,0,Safe,97,High,5,5,Moderate Risk
IBD028243,"Ex-in-law vs Man, Niger",2023-10-21,2023-10-21,1,2024,1,Niger,North Central,0,0,Safe,47,Low,1,1,Low Risk
IBD028227,"Tanker Explosion, Kwara",2023-10-21,2023-10-21,5,2024,1,Kwara,North Central,0,3,Safe,42,Low,1,4,Moderate Risk
IBD028225,"Army vs Gunmen, Imo",2023-10-21,2023-10-21,1,2024,1,Imo,South East,1,5,Caution,75,Moderate,3,9,High Risk
IBD028217,"Mysterious Death, Borno",2023-10-21,2023-10-21,1,2024,1,Borno,North East,0,0,Safe,49,Low,1,1,Low Risk
IBD028262,"Student Kidnapper Kills Child, Plateau",2023-10-21,2023-10-21,1,2024,1,Plateau,North Central,1,5,Caution,29,Low,1,7,Moderate Risk
IBD028215,"Mysterious Death, Abia",2023-10-20,2023-10-20,1,2024,1,Abia,South East,0,0,Safe,66,Moderate,3,3,Low Risk
IBD028212,"Army vs ISWAP, Borno",2023-10-20,2023-10-20,6,2024,1,Borno,North East,0,3,Safe,11,Low,1,4,Moderate Risk
IBD028214,"Mob vs Man, Nasarawa",2023-10-20,2023-10-20,1,2024,1,Nasarawa,North Central,0,0,Safe,18,Low,1,1,Low Risk
IBD028219,"Mob vs Man, Kogi",2023-10-20,2023-10-20,1,2024,1,Kogi,North Central,0,0,Safe,47,Low,1,1,Low Risk
IBD028211,"Boat Mishap, Niger",2023-10-20,2023-10-20,2,2024,1,Niger,North Central,0,0,Safe,44,Low,1,1,Low Risk
IBD028216,"Assassins vs Mother, Gombe",2023-10-20,2023-10-20,1,2024,1,Gombe,North East,0,0,Safe,18,Low,1,1,Low Risk
IBD028220,"Auto Crash, Osun",2023-10-20,2023-10-20,7,2024,1,Osun,South West,0,3,Safe,30,Low,1,4,Moderate Risk
IBD028209,"Flooding, Abuja",2023-10-20,2023-10-20,1,2024,1,Unknown,,0,0,Safe,31,Low,1,1,Low Risk
IBD028223,"Clerics vs Surveyor, Oyo",2023-10-20,2023-10-20,1,2024,1,Oyo,South West,0,0,Safe,30,Low,1,1,Low Risk
IBD028208,"Bank Robbery, Benue",2023-10-20,2023-10-20,9,2024,1,Benue,North Central,0,3,Safe,27,Low,1,4,Moderate Risk
IBD028260,"NAF vs Bandits, Niger",2023-10-20,2023-10-20,50,2024,1,Niger,North Central,1,10,Avoid Route,29,Low,1,12,Extreme Danger
IBD028218,"Security Operatives vs Bandits, Bauchi",2023-10-19,2023-10-19,1,2024,1,Bauchi,North East,1,5,Caution,48,Low,1,7,Moderate Risk
IBD028231,"Boat Mishap, Edo",2023-10-19,2023-10-19,5,2024,1,Edo,South South,0,3,Safe,76,Moderate,3,6,Moderate Risk
IBD028201,"Auto Crash, Kwara",2023-10-19,2023-10-19,1,2024,1,Kwara,North Central,0,0,Safe,42,Low,1,1,Low Risk
IBD028221,"Auto Crash, Akwa Ibom",2023-10-19,2023-10-19,3,2024,1,Akwa Ibom,South South,0,3,Safe,99,High,5,8,High Risk
IBD028228,"Boko Haram vs Customs Officer, Yobe",2023-10-19,2023-10-19,1,2024,1,Yobe,North East,0,0,Safe,43,Low,1,1,Low Risk
IBD028210,"Auto Crash, Anambra",2023-10-19,2023-10-19,1,2024,1,Anambra,South East,0,0,Safe,53,Moderate,3,3,Low Risk
IBD028222,"Student Dies, Kaduna",2023-10-19,2023-10-19,1,2024,1,Kaduna,North West,0,0,Safe,48,Low,1,1,Low Risk
IBD029860,"Police Officer Killed One, Imo",2023-10-18,2023-10-18,1,2024,1,Imo,South East,0,0,Safe,61,Moderate,3,3,Low Risk
IBD028207,"Gunmen vs Officer, Cross River",2023-10-18,2023-10-18,1,2024,1,Cross River,South South,1,5,Caution,87,High,5,11,High Risk
IBD028192,"Banditry, Kebbi",2023-10-18,2023-10-18,2,2024,1,Kebbi,North West,1,5,Caution,21,Low,1,7,Moderate Risk
IBD028197,"Auto Crash, Yobe",2023-10-18,2023-10-18,23,2024,1,Yobe,North East,0,5,Caution,34,Low,1,6,Moderate Risk
IBD028200,"Assailants vs Corps Member, Kaduna",2023-10-18,2023-10-18,1,2024,1,Kaduna,North West,0,0,Safe,48,Low,1,1,Low Risk
IBD028204,"Robbers vs Bread Seller, Kwara",2023-10-18,2023-10-18,1,2024,1,Kwara,North Central,0,0,Safe,44,Low,1,1,Low Risk
IBD028198,"Man vs Community Volunteer Guard, Benue",2023-10-18,2023-10-18,1,2024,1,Benue,North Central,0,0,Safe,20,Low,1,1,Low Risk
IBD028202,"Man vs Teacher, Delta",2023-10-18,2023-10-18,1,2024,1,Delta,South South,0,0,Safe,81,High,5,5,Moderate Risk
IBD028238,"Bandits Attack, Kaduna",2023-10-18,2023-10-21,3,2024,1,Kaduna,North West,2,8,Avoid Route,40,Low,1,11,High Risk
IBD028205,"Banditry, Kaduna",2023-10-18,2023-10-18,1,2024,1,Kaduna,North West,1,5,Caution,15,Low,1,7,Moderate Risk
IBD028193,"Filling Station Fire, Ogun",2023-10-18,2023-10-18,2,2024,1,Ogun,South West,0,0,Safe,59,Moderate,3,3,Low Risk
IBD028203,"3 People Burnt To Death, Anambra",2023-10-18,2023-10-18,3,2024,1,Anambra,South East,0,3,Safe,52,Moderate,3,6,Moderate Risk
IBD028190,"Fulani Herdsmen Attack, Benue",2023-10-17,2023-10-17,5,2024,1,Benue,North Central,2,8,Avoid Route,15,Low,1,11,High Risk
IBD028191,"Fulani Herdsmen Attack, Benue",2023-10-17,2023-10-17,4,2024,1,Benue,North Central,2,8,Avoid Route,38,Low,1,11,High Risk
IBD028196,"Army vs Terrorist's, Kaduna",2023-10-17,2023-10-17,4,2024,1,Kaduna,North West,1,8,Avoid Route,10,Low,1,10,High Risk
IBD028188,"Gunmen Kill Businessman, Niger",2023-10-17,2023-10-17,1,2024,1,Niger,North Central,1,5,Caution,25,Low,1,7,Moderate Risk
IBD028267,"Man vs Girlfriend, Delta",2023-10-17,2023-10-17,1,2024,1,Delta,South South,0,0,Safe,97,High,5,5,Moderate Risk
IBD028186,"Boy Dies, Ogun",2023-10-17,2023-10-17,1,2024,1,Ogun,South West,0,0,Safe,61,Moderate,3,3,Low Risk
IBD028189,"Assailants vs Lawmaker's Daughter, Borno",2023-10-17,2023-10-17,1,2024,1,Borno,North East,0,0,Safe,26,Low,1,1,Low Risk
IBD028436,"Man vs Teenage Girl, Enugu",2023-10-17,2023-10-17,1,2024,1,Enugu,South East,0,0,Safe,58,Moderate,3,3,Low Risk
IBD028194,"Assailants vs Doctor, Nasarawa",2023-10-17,2023-10-17,1,2024,1,Nasarawa,North Central,0,0,Safe,18,Low,1,1,Low Risk
IBD018157,"Ritual Killing, Oyo",2023-10-16,2023-10-16,1,2024,1,Oyo,South West,0,0,Safe,46,Low,1,1,Low Risk
IBD028178,"Twin Die, Lagos",2023-10-16,2023-10-16,2,2024,1,Lagos,South West,0,0,Safe,81,High,5,5,Moderate Risk
IBD028156,"Man Kills Woman, Edo",2023-10-16,2023-10-16,1,2024,1,Edo,South South,0,0,Safe,59,Moderate,3,3,Low Risk
IBD028195,"Banditry, Zamfara",2023-10-16,2023-10-16,3,2024,1,Zamfara,North West,1,8,Avoid Route,34,Low,1,10,High Risk
IBD028241,"Boko Haram kills 7, Borno",2023-10-16,2023-10-16,7,2024,1,Borno,North East,0,3,Safe,18,Low,1,4,Moderate Risk
IBD028858,"Cult Clash, Ebonyi",2023-10-15,2023-10-15,4,2024,1,Ebonyi,South East,0,3,Safe,32,Low,1,4,Moderate Risk
IBD029709,"Ritual Killing, Ondo",2023-10-15,2023-10-15,1,2024,1,Ondo,South West,0,0,Safe,55,Moderate,3,3,Low Risk
IBD028180,"Bandits Kill 2, Kaduna",2023-10-15,2023-10-15,4,2024,1,Kaduna,North West,1,8,Avoid Route,25,Low,1,10,High Risk
IBD028176,"Auto Crash, Ogun",2023-10-15,2023-10-15,1,2024,1,Ogun,South West,0,0,Safe,71,Moderate,3,3,Low Risk
IBD028181,"Domestic Violence, Delta",2023-10-15,2023-10-15,1,2024,1,Delta,South South,0,0,Safe,83,High,5,5,Moderate Risk
IBD028239,"Assailants vs Women, Plateau",2023-10-15,2023-10-15,2,2024,1,Plateau,North Central,0,0,Safe,42,Low,1,1,Low Risk
IBD028240,"Assailants Kill Man, Plateau",2023-10-15,2023-10-15,1,2024,1,Plateau,North Central,0,0,Safe,19,Low,1,1,Low Risk
IBD028255,"Missing Genital, FCT (Abuja)",2023-10-15,2023-10-15,1,2024,1,FCT,North Central,0,0,Safe,22,Low,1,1,Low Risk
IBD028173,"Youths vs Police, Delta",2023-10-15,2023-10-15,1,2024,1,Delta,South South,0,0,Safe,80,High,5,5,Moderate Risk
IBD028184,"Gunmen vs Vigilante, Bauchi",2023-10-15,2023-10-15,9,2024,1,Bauchi,North East,1,8,Avoid Route,11,Low,1,10,High Risk
IBD028177,"Fulani Herdsmen Attack, Oyo",2023-10-14,2023-10-14,5,2024,1,Oyo,South West,2,8,Avoid Route,17,Low,1,11,High Risk
IBD028168,"Auto Crash, Lagos",2023-10-14,2023-10-14,3,2024,1,Lagos,South West,0,3,Safe,99,High,5,8,High Risk
IBD028172,"Police vs Kidnapper, FCT (Abuja)",2023-10-14,2023-10-14,1,2024,1,FCT,North Central,1,5,Caution,10,Low,1,7,Moderate Risk
IBD028305,"Hoodlums vs Okada Riders, Ondo",2023-10-14,2023-10-20,20,2024,1,Ondo,South West,0,5,Caution,65,Moderate,3,8,High Risk
IBD028164,"Cult Clash, Ogun",2023-10-14,2023-10-14,3,2024,1,Ogun,South West,0,3,Safe,58,Moderate,3,6,Moderate Risk
IBD028171,"NAF vs Terrorists, Borno",2023-10-14,2023-10-14,55,2024,1,Borno,North East,1,10,Avoid Route,42,Low,1,12,Extreme Danger
IBD028169,"Herders Kill 3, Benue",2023-10-14,2023-10-14,3,2024,1,Benue,North Central,0,3,Safe,39,Low,1,4,Moderate Risk
IBD028266,"Auto Crash, Oyo",2023-10-14,2023-10-14,15,2024,1,Oyo,South West,0,5,Caution,26,Low,1,6,Moderate Risk
IBD028175,"Flood Victim, Enugu",2023-10-14,2023-10-14,1,2024,1,Enugu,South East,0,0,Safe,56,Moderate,3,3,Low Risk
IBD028162,"Electrocution, Plateau",2023-10-13,2023-10-13,9,2024,1,Plateau,North Central,0,3,Safe,20,Low,1,4,Moderate Risk
IBD028185,"Gunmen vs Registrar, Imo",2023-10-13,2023-10-13,1,2024,1,Imo,South East,1,5,Caution,66,Moderate,3,9,High Risk
IBD028166,"Herdsmen vs Travellers, Benue",2023-10-13,2023-10-13,3,2024,1,Benue,North Central,1,8,Avoid Route,15,Low,1,10,High Risk
IBD028206,"Hoodlums vs Teachers, Ebonyi",2023-10-13,2023-10-13,2,2024,1,Ebonyi,South East,0,0,Safe,14,Low,1,1,Low Risk
IBD028237,"Police vs Man, Anambra",2023-10-13,2023-10-13,1,2024,1,Anambra,South East,0,0,Safe,55,Moderate,3,3,Low Risk
IBD028167,"Army vs Bandit, Kadauna",2023-10-13,2023-10-13,1,2024,1,Unknown,,1,5,Caution,38,Low,1,7,Moderate Risk
IBD028153,"Tanker Crash, Lagos",2023-10-12,2023-10-12,10,2024,1,Lagos,South West,0,5,Caution,96,High,5,10,High Risk
IBD028155,"Thunder Strike, Benue",2023-10-12,2023-10-12,1,2024,1,Benue,North Central,0,0,Safe,22,Low,1,1,Low Risk
IBD028163,"Flood Disaster, Imo",2023-10-11,2023-10-11,1,2024,1,Imo,South East,0,0,Safe,53,Moderate,3,3,Low Risk
IBD028152,"Gunmen Kill 2, Taraba",2023-10-11,2023-10-11,2,2024,1,Taraba,North East,1,5,Caution,22,Low,1,7,Moderate Risk
IBD028160,"IPOB/ESN vs Victims, Imo",2023-10-11,2023-10-11,10,2024,1,Imo,South East,0,5,Caution,70,Moderate,3,8,High Risk
IBD028151,"Building Collapse, Osun",2023-10-11,2023-10-11,2,2024,1,Osun,South West,0,0,Safe,15,Low,1,1,Low Risk
IBD028187,"Gunmen vs NSCDC Personnel, Bauchi",2023-10-11,2023-10-11,1,2024,1,Bauchi,North East,1,5,Caution,22,Low,1,7,Moderate Risk
IBD028154,"Bandits vs Ransom Bearer, Kaduna",2023-10-11,2023-10-11,1,2024,1,Kaduna,North West,1,5,Caution,32,Low,1,7,Moderate Risk
IBD028174,"NAF vs Bandits, Zamfara",2023-10-11,2023-10-11,50,2024,1,Zamfara,North West,1,10,Avoid Route,14,Low,1,12,Extreme Danger
IBD028143,"Banditry, Sokoto",2023-10-10,2023-10-10,4,2024,1,Sokoto,North West,1,8,Avoid Route,27,Low,1,10,High Risk
IBD028148,"Auto Crash, FCT (Abuja)",2023-10-10,2023-10-10,3,2024,1,FCT,North Central,0,3,Safe,40,Low,1,4,Moderate Risk
IBD028146,"Cultists vs Mechanic, Rivers",2023-10-10,2023-10-10,1,2024,1,Rivers,South South,0,0,Safe,82,High,5,5,Moderate Risk
IBD028183,"Assailants vs Driver, Rivers",2023-10-10,2023-10-10,1,2024,1,Rivers,South South,0,0,Safe,95,High,5,5,Moderate Risk
IBD028150,"Auto Crash, Ogun",2023-10-10,2023-10-10,3,2024,1,Ogun,South West,0,3,Safe,72,Moderate,3,6,Moderate Risk
IBD028182,"Kidnappers vs Man, Edo",2023-10-10,2023-10-10,1,2024,1,Edo,South South,1,5,Caution,56,Moderate,3,9,High Risk
IBD028147,"Gunmen vs Businessman, Rivers",2023-10-10,2023-10-10,1,2024,1,Rivers,South South,1,5,Caution,92,High,5,11,High Risk
IBD028179,"Domestic Violence, Akwa Ibom",2023-10-10,2023-10-10,1,2024,1,Akwa Ibom,South South,0,0,Safe,99,High,5,5,Moderate Risk
IBD028157,"Security Operatives vs Kidnapper, Niger",2023-10-10,2023-10-10,1,2024,1,Niger,North Central,1,5,Caution,43,Low,1,7,Moderate Risk
IBD028140,"Auto Crash, Abia",2023-10-10,2023-10-10,1,2024,1,Abia,South East,0,0,Safe,63,Moderate,3,3,Low Risk
IBD028131,"Auto Crash, Ogun",2023-10-10,2023-10-10,4,2024,1,Ogun,South West,0,3,Safe,52,Moderate,3,6,Moderate Risk
IBD028199,"Man KIlls Friend, Benue",2023-10-10,2023-10-10,1,2024,1,Benue,North Central,0,0,Safe,49,Low,1,1,Low Risk
IBD028141,"Sorcery, Bauchi",2023-10-10,2023-10-10,1,2024,1,Bauchi,North East,0,0,Safe,21,Low,1,1,Low Risk
IBD028144,"Banditry, Niger",2023-10-10,2023-10-10,1,2024,1,Niger,North Central,1,5,Caution,32,Low,1,7,Moderate Risk
IBD028213,"Army vs Bandit, Benue",2023-10-09,2023-10-09,1,2024,1,Benue,North Central,1,5,Caution,48,Low,1,7,Moderate Risk
IBD028161,"Cab Driver, Ogun",2023-10-09,2023-10-09,1,2024,1,Ogun,South West,0,0,Safe,63,Moderate,3,3,Low Risk
IBD028138,"Haulage Driver, Anambra",2023-10-09,2023-10-09,1,2024,1,Anambra,South East,0,0,Safe,51,Moderate,3,3,Low Risk
IBD028136,"Assailant vs Woman, Delta",2023-10-09,2023-10-09,1,2024,1,Delta,South South,0,0,Safe,80,High,5,5,Moderate Risk
IBD028134,"Gunmen vs Vigilante, Delta",2023-10-09,2023-10-09,2,2024,1,Delta,South South,1,5,Caution,95,High,5,11,High Risk
IBD028132,"Man vs Trader, Edo",2023-10-08,2023-10-08,1,2024,1,Edo,South South,0,0,Safe,64,Moderate,3,3,Low Risk
IBD028340,"Inferno, Kano",2023-10-08,2023-10-15,8,2024,1,Kano,North West,0,3,Safe,18,Low,1,4,Moderate Risk
IBD028128,"Banditry, Sokoto",2023-10-08,2023-10-08,1,2024,1,Sokoto,North West,1,5,Caution,43,Low,1,7,Moderate Risk
IBD028123,"Thugs Clash, Kogi",2023-10-07,2023-10-07,2,2024,1,Kogi,North Central,0,0,Safe,46,Low,1,1,Low Risk
IBD028119,"Banditry, Kaduna",2023-10-07,2023-10-07,4,2024,1,Kaduna,North West,1,8,Avoid Route,16,Low,1,10,High Risk
IBD028137,"Police vs Kidnappers, Bauchi",2023-10-07,2023-10-07,67,2024,1,Bauchi,North East,1,10,Avoid Route,28,Low,1,12,Extreme Danger
IBD028149,"Gunmen Attack, Benue",2023-10-07,2023-10-07,4,2024,1,Benue,North Central,2,8,Avoid Route,26,Low,1,11,High Risk
IBD028122,"Herders vs Farmers, Kebbi",2023-10-07,2023-10-07,2,2024,1,Kebbi,North West,0,0,Safe,34,Low,1,1,Low Risk
IBD028376,"Kidnap Victims, Kaduna",2023-10-07,2023-10-07,5,2024,1,Kaduna,North West,1,8,Avoid Route,25,Low,1,10,High Risk
IBD028129,"Auto Crash, Imo",2023-10-06,2023-10-06,4,2024,1,Imo,South East,0,3,Safe,57,Moderate,3,6,Moderate Risk
IBD028126,"Gunmen Attack, Imo",2023-10-06,2023-10-06,2,2024,1,Imo,South East,2,5,Caution,75,Moderate,3,10,High Risk
IBD028133,"Man vs Mob, FCT ( Abuja)",2023-10-05,2023-10-05,1,2024,1,FCT,North Central,0,0,Safe,32,Low,1,1,Low Risk
IBD028118,"Man Kills 8, Adamawa",2023-10-05,2023-10-05,9,2024,1,Adamawa,North East,0,3,Safe,49,Low,1,4,Moderate Risk
IBD028105,"Man Kills 9, Adamawa",2023-10-05,2023-10-05,9,2024,1,Adamawa,North East,0,3,Safe,16,Low,1,4,Moderate Risk
IBD028115,"Banditry, Benue",2023-10-05,2023-10-05,2,2024,1,Benue,North Central,1,5,Caution,18,Low,1,7,Moderate Risk
IBD028130,"Auto Crash, Oyo",2023-10-05,2023-10-05,2,2024,1,Oyo,South West,0,0,Safe,11,Low,1,1,Low Risk
IBD028139,"Domestic Violence, Kwara",2023-10-04,2023-10-04,1,2024,1,Kwara,North Central,0,0,Safe,39,Low,1,1,Low Risk
IBD028111,"Auto Crash, Lagos",2023-10-04,2023-10-04,1,2024,1,Lagos,South West,0,0,Safe,96,High,5,5,Moderate Risk
IBD028113,"Auto Crash, Lagos",2023-10-04,2023-10-04,3,2024,1,Lagos,South West,0,3,Safe,91,High,5,8,High Risk
IBD028108,"Gunmen Attack, Osun",2023-10-04,2023-10-04,1,2024,1,Osun,South West,2,5,Caution,17,Low,1,8,High Risk
IBD028112,"Police vs Robbers, Lagos",2023-10-04,2023-10-04,1,2024,1,Lagos,South West,0,0,Safe,98,High,5,5,Moderate Risk
IBD028109,"Communal Crisis, Osun",2023-10-04,2023-10-04,7,2024,1,Osun,South West,0,3,Safe,43,Low,1,4,Moderate Risk
IBD028100,"Auto Crash, Lagos",2023-10-03,2023-10-03,3,2024,1,Lagos,South West,0,3,Safe,86,High,5,8,High Risk
IBD028102,"Church Building Collapse, Benue",2023-10-03,2023-10-03,1,2024,1,Benue,North Central,0,0,Safe,14,Low,1,1,Low Risk
IBD027921,"Brothers vs Man, Akwa Ibom",2023-10-02,2023-10-02,1,2024,1,Akwa Ibom,South South,0,0,Safe,99,High,5,5,Moderate Risk
IBD028135,"Security Operatives Kill 5, Katsina",2023-10-02,2023-10-02,5,2024,1,Katsina,North West,0,3,Safe,22,Low,1,4,Moderate Risk
IBD028099,"Boat Mishap, Kebbi",2023-10-02,2023-10-02,23,2024,1,Kebbi,North West,0,5,Caution,43,Low,1,6,Moderate Risk
IBD028098,"Bandits Kill LGA Councillor, Katsina",2023-10-02,2023-10-02,1,2024,1,Katsina,North West,1,5,Caution,36,Low,1,7,Moderate Risk
IBD028094,"Banditry, Sokoto",2023-10-02,2023-10-02,3,2024,1,Sokoto,North West,1,8,Avoid Route,18,Low,1,10,High Risk
IBD028114,"Gunmen Attack, Kogi",2023-10-02,2023-10-02,1,2024,1,Kogi,North Central,2,5,Caution,23,Low,1,8,High Risk
IBD028120,"Gunmen Kill 3, Benue",2023-10-02,2023-10-05,3,2024,1,Benue,North Central,1,8,Avoid Route,34,Low,1,10,High Risk
IBD028125,"Man vs Station Manager, Edo",2023-10-02,2023-10-02,1,2024,1,Edo,South South,0,0,Safe,72,Moderate,3,3,Low Risk
IBD028092,"Army vs Gunmen, Imo",2023-10-02,2023-10-02,12,2024,1,Imo,South East,1,10,Avoid Route,55,Moderate,3,14,Extreme Danger
IBD028080,"Electrocution, Taraba",2023-10-02,2023-10-02,4,2024,1,Taraba,North East,0,3,Safe,38,Low,1,4,Moderate Risk
IBD028086,"Gunmen Attack, Benue",2023-10-02,2023-10-02,1,2024,1,Benue,North Central,2,5,Caution,30,Low,1,8,High Risk
IBD028110,"Vigilante vs Man, Niger",2023-10-02,2023-10-02,1,2024,1,Niger,North Central,0,0,Safe,31,Low,1,1,Low Risk
IBD028089,"Gunmen Kill Man, Delta",2023-10-01,2023-10-01,1,2024,1,Delta,South South,1,5,Caution,93,High,5,11,High Risk
IBD031578,"Pastor's Corpse, Bayelsa",2023-10-01,2023-10-01,1,2024,1,Bayelsa,South South,0,0,Safe,97,High,5,5,Moderate Risk
IBD028083,"Gunmen Kill 9, Plateau",2023-10-01,2023-10-01,8,2024,1,Plateau,North Central,1,8,Avoid Route,36,Low,1,10,High Risk
IBD028081,"Auto Crash/Inferno, Delta",2023-10-01,2023-10-01,7,2024,1,Delta,South South,0,3,Safe,99,High,5,8,High Risk
IBD028091,"ISWAP vs Boko Haram, Borno",2023-10-01,2023-10-01,1,2024,1,Borno,North East,0,0,Safe,31,Low,1,1,Low Risk
IBD028104,"Assailants vs Consultant, Rivers",2023-10-01,2023-10-01,1,2024,1,Rivers,South South,0,0,Safe,93,High,5,5,Moderate Risk
IBD028090,"ISWAP Kill 1, Borno",2023-10-01,2023-10-01,1,2024,1,Borno,North East,0,0,Safe,36,Low,1,1,Low Risk
IBD028085,"Auto Crash, Ogun",2023-10-01,2023-10-01,1,2024,1,Ogun,South West,0,0,Safe,54,Moderate,3,3,Low Risk
IBD028107,"Men Behead Woman, Kogi",2023-10-01,2023-10-01,1,2024,1,Kogi,North Central,0,0,Safe,28,Low,1,1,Low Risk
IBD028282,"Found Dead, Abia",2023-09-30,2023-09-30,70,2024,1,Abia,South East,0,5,Caution,57,Moderate,3,8,High Risk
IBD028294,"Boko Haram vs Police, Borno",2023-09-30,2023-09-30,1,2024,1,Borno,North East,0,0,Safe,17,Low,1,1,Low Risk
IBD028082,"Fire Outbreak, Rivers",2023-09-30,2023-09-30,28,2024,1,Rivers,South South,0,5,Caution,93,High,5,10,High Risk
IBD028159,"Couple Found Dead, Delta",2023-09-30,2023-09-30,2,2024,1,Delta,South South,0,0,Safe,92,High,5,5,Moderate Risk
IBD028097,"Man Drowns, Ogun",2023-09-30,2023-09-30,1,2024,1,Ogun,South West,0,0,Safe,78,Moderate,3,3,Low Risk
IBD028078,"Banditry, Kaduna",2023-09-30,2023-09-30,1,2024,1,Kaduna,North West,1,5,Caution,38,Low,1,7,Moderate Risk
IBD028527,"Robbery Attack, Ogun",2023-09-30,2023-10-20,2,2024,1,Ogun,South West,1,5,Caution,68,Moderate,3,9,High Risk
IBD028106,"Auto Crash, Lagos",2023-09-29,2023-09-29,1,2024,1,Lagos,South West,0,0,Safe,89,High,5,5,Moderate Risk
IBD028087,"ISWAP Kill 2, Borno",2023-09-29,2023-10-01,2,2024,1,Borno,North East,0,0,Safe,12,Low,1,1,Low Risk
IBD028101,"Vigilante vs Okada Man, Niger",2023-09-29,2023-09-29,1,2024,1,Niger,North Central,0,0,Safe,46,Low,1,1,Low Risk
IBD028073,"Mob vs Commercial Driver, Plateau",2023-09-28,2023-09-28,1,2024,1,Plateau,North Central,0,0,Safe,44,Low,1,1,Low Risk
IBD028088,"Army vs ISWAP, Borno",2023-09-28,2023-09-28,20,2024,1,Borno,North East,0,5,Caution,24,Low,1,6,Moderate Risk
IBD028077,"Hotel Manager, Kwara",2023-09-28,2023-09-28,1,2024,1,Kwara,North Central,0,0,Safe,37,Low,1,1,Low Risk
IBD028142,"Domestic Violence, Bauchi",2023-09-28,2023-09-28,1,2024,1,Bauchi,North East,0,0,Safe,15,Low,1,1,Low Risk
IBD028096,"Undergraduate Student, Katsina",2023-09-28,2023-09-28,1,2024,1,Katsina,North West,0,0,Safe,39,Low,1,1,Low Risk
IBD028066,"Auto Crash, Ogun",2023-09-27,2023-09-27,1,2024,1,Ogun,South West,0,0,Safe,68,Moderate,3,3,Low Risk
IBD028071,"Police vs Kidnappers, Delta",2023-09-27,2023-09-27,4,2024,1,Delta,South South,1,8,Avoid Route,99,High,5,14,Extreme Danger
IBD028095,"NAF vs Boko Haram, Borno",2023-09-27,2023-09-30,18,2024,1,Borno,North East,0,5,Caution,22,Low,1,6,Moderate Risk
IBD028072,"Auto Crash, Osun",2023-09-27,2023-09-27,4,2024,1,Osun,South West,0,3,Safe,10,Low,1,4,Moderate Risk
IBD028075,"Woman vs Stepson, Lagos",2023-09-27,2023-09-27,1,2024,1,Lagos,South West,0,0,Safe,82,High,5,5,Moderate Risk
IBD029811,"Retired General, Imo",2023-09-27,2023-09-27,1,2024,1,Imo,South East,0,0,Safe,64,Moderate,3,3,Low Risk
IBD028069,"Gunmen Attack, Kaduna",2023-09-26,2023-09-26,1,2024,1,Kaduna,North West,2,5,Caution,32,Low,1,8,High Risk
IBD028067,"Bandits Kill 6, Kaduna",2023-09-26,2023-09-26,6,2024,1,Kaduna,North West,1,8,Avoid Route,42,Low,1,10,High Risk
IBD028068,"Gunmen Kill 2, Kwara",2023-09-26,2023-09-26,2,2024,1,Kwara,North Central,1,5,Caution,36,Low,1,7,Moderate Risk
IBD028084,"Assailants vs Woman, FCT (Abuja)",2023-09-26,2023-09-26,1,2024,1,FCT,North Central,0,0,Safe,35,Low,1,1,Low Risk
IBD028065,"Woman vs Husband, Ondo",2023-09-26,2023-09-26,1,2024,1,Ondo,South West,0,0,Safe,70,Moderate,3,3,Low Risk
IBD028062,Auto Crash. Edo,2023-09-25,2023-09-25,5,2024,1,Edo,South South,0,3,Safe,72,Moderate,3,6,Moderate Risk
IBD028074,"Flood Disaster, Gombe",2023-09-25,2023-09-25,1,2024,1,Gombe,North East,0,0,Safe,11,Low,1,1,Low Risk
IBD028070,"Gunmen Attack, Edo",2023-09-24,2023-09-24,2,2024,1,Edo,South South,2,5,Caution,53,Moderate,3,10,High Risk
IBD028060,"Man Drowns, Kano",2023-09-24,2023-09-24,1,2024,1,Kano,North West,0,0,Safe,23,Low,1,1,Low Risk
IBD028054,"Army vs Bandits, Sokoto",2023-09-24,2023-09-24,20,2024,1,Sokoto,North West,1,10,Avoid Route,18,Low,1,12,Extreme Danger
IBD028064,"Auto Crash, FCT (Abuja)",2023-09-24,2023-09-24,1,2024,1,FCT,North Central,0,0,Safe,19,Low,1,1,Low Risk
IBD028050,"Boko Haram Attack, Borno",2023-09-23,2023-09-23,5,2024,1,Borno,North East,1,8,Avoid Route,42,Low,1,10,High Risk
IBD028045,"Army vs Bandits, Zamfara",2023-09-23,2023-09-23,5,2024,1,Zamfara,North West,1,8,Avoid Route,25,Low,1,10,High Risk
IBD028057,"Boko Haram vs Farmers, Borno",2023-09-23,2023-09-23,10,2024,1,Borno,North East,0,5,Caution,41,Low,1,6,Moderate Risk
IBD028063,"Man vs Neigbhour, Delta",2023-09-23,2023-09-23,1,2024,1,Delta,South South,0,0,Safe,96,High,5,5,Moderate Risk
IBD028079,"Man Kills Lady, Kaduna",2023-09-23,2023-09-23,1,2024,1,Kaduna,North West,0,0,Safe,13,Low,1,1,Low Risk
IBD028053,"Gunmen vs Fulani Leader, Plateau",2023-09-23,2023-09-23,1,2024,1,Plateau,North Central,1,5,Caution,12,Low,1,7,Moderate Risk
IBD028047,"Pastor Kills Young Lady, Delta",2023-09-22,2023-09-22,1,2024,1,Delta,South South,0,0,Safe,86,High,5,5,Moderate Risk
IBD028049,"Electrocusion, Lagos",2023-09-21,2023-09-21,2,2024,1,Lagos,South West,0,0,Safe,85,High,5,5,Moderate Risk
IBD028034,"Gunmen vs Nursing Mother, Osun",2023-09-21,2023-09-21,1,2024,1,Osun,South West,1,5,Caution,17,Low,1,7,Moderate Risk
IBD028048,"Assailants vs Man, Abia",2023-09-21,2023-09-21,1,2024,1,Abia,South East,0,0,Safe,62,Moderate,3,3,Low Risk
IBD028046,"Gunmen vs Vigilantes, Edo",2023-09-21,2023-09-21,6,2024,1,Edo,South South,1,8,Avoid Route,63,Moderate,3,12,Extreme Danger
IBD028061,"Herdsmen vs Farmers, Nasarawa",2023-09-20,2023-09-20,1,2024,1,Nasarawa,North Central,1,5,Caution,48,Low,1,7,Moderate Risk
IBD028038,"Gunmen Attack, Benue",2023-09-20,2023-09-20,3,2024,1,Benue,North Central,2,8,Avoid Route,20,Low,1,11,High Risk
IBD028036,"Security Operatives vs Kidnappers, Anambra",2023-09-20,2023-09-20,1,2024,1,Anambra,South East,1,5,Caution,67,Moderate,3,9,High Risk
IBD028037,"Banditry, Kebbi",2023-09-20,2023-09-20,23,2024,1,Kebbi,North West,1,10,Avoid Route,44,Low,1,12,Extreme Danger
IBD028042,"Gunmen vs Police Officer, Enugu",2023-09-20,2023-09-20,2,2024,1,Enugu,South East,1,5,Caution,57,Moderate,3,9,High Risk
IBD028031,"NAF vs Boko Terrorists, Borno",2023-09-20,2023-09-20,8,2024,1,Borno,North East,1,8,Avoid Route,30,Low,1,10,High Risk
IBD028165,"Man vs Friend, Ondo",2023-09-20,2023-09-20,1,2024,1,Ondo,South West,0,0,Safe,50,Moderate,3,3,Low Risk
IBD028026,"Gunmen vs Security Operatives, Imo",2023-09-19,2023-09-19,9,2024,1,Imo,South East,1,8,Avoid Route,62,Moderate,3,12,Extreme Danger
IBD028029,"Man Dies Inside Well, Kano",2023-09-19,2023-09-19,1,2024,1,Kano,North West,0,0,Safe,20,Low,1,1,Low Risk
IBD028059,"Herders Attack, Nasarawa",2023-09-19,2023-09-19,1,2024,1,Nasarawa,North Central,1,5,Caution,17,Low,1,7,Moderate Risk
IBD028033,"Hunter vs Girl, Lagos",2023-09-19,2023-09-19,1,2024,1,Lagos,South West,0,0,Safe,86,High,5,5,Moderate Risk
IBD028011,"Auto Crash, Anambra",2023-09-18,2023-09-18,1,2024,1,Anambra,South East,0,0,Safe,66,Moderate,3,3,Low Risk
IBD028116,"Man vs Friend, Imo",2023-09-18,2023-09-18,1,2024,1,Imo,South East,0,0,Safe,62,Moderate,3,3,Low Risk
IBD028058,"Herders vs Farmers, Nasarawa",2023-09-18,2023-09-19,2,2024,1,Nasarawa,North Central,0,0,Safe,16,Low,1,1,Low Risk
IBD028020,"Army vs Gunmen, Abia",2023-09-18,2023-09-18,3,2024,1,Abia,South East,1,8,Avoid Route,77,Moderate,3,12,Extreme Danger
IBD028019,"Security Operatives vs Gunmen, Enugu",2023-09-18,2023-09-18,3,2024,1,Enugu,South East,1,8,Avoid Route,53,Moderate,3,12,Extreme Danger
IBD028027,"Police vs Kidnappers, Rivers",2023-09-18,2023-09-18,4,2024,1,Rivers,South South,1,8,Avoid Route,89,High,5,14,Extreme Danger
IBD028025,"Boy Dies, Lagos",2023-09-18,2023-09-18,1,2024,1,Lagos,South West,0,0,Safe,93,High,5,5,Moderate Risk
IBD028028,"Bandits, Niger",2023-09-17,2023-09-17,4,2024,1,Niger,North Central,1,8,Avoid Route,17,Low,1,10,High Risk
IBD028055,"Herders vs Employer, Oyo",2023-09-17,2023-09-17,1,2024,1,Oyo,South West,0,0,Safe,28,Low,1,1,Low Risk
IBD028009,"Auto Crash, Ogun",2023-09-17,2023-09-17,5,2024,1,Ogun,South West,0,3,Safe,74,Moderate,3,6,Moderate Risk
IBD028032,"Doctor Dies, Lagos",2023-09-17,2023-09-17,1,2024,1,Lagos,South West,0,0,Safe,89,High,5,5,Moderate Risk
IBD028018,"Flood Disaster, Plateau",2023-09-17,2023-09-18,4,2024,1,Plateau,North Central,0,3,Safe,26,Low,1,4,Moderate Risk
IBD028024,"Banditry, Sokoto",2023-09-17,2023-09-17,10,2024,1,Sokoto,North West,1,10,Avoid Route,13,Low,1,12,Extreme Danger
IBD028007,"Communal Clash, Osun",2023-09-17,2023-09-17,1,2024,1,Osun,South West,0,0,Safe,35,Low,1,1,Low Risk
IBD028023,"Banditry, Kebbi",2023-09-17,2023-09-17,15,2024,1,Kebbi,North West,1,10,Avoid Route,27,Low,1,12,Extreme Danger
IBD028041,"Boko Haram Kill Farmers, Borno",2023-09-16,2023-09-16,2,2024,1,Borno,North East,0,0,Safe,16,Low,1,1,Low Risk
IBD028006,"Auto Crash, Kogi",2023-09-16,2023-09-16,1,2024,1,Kogi,North Central,0,0,Safe,11,Low,1,1,Low Risk
IBD028022,"Gunmen vs Boy, FCT (Abuja)",2023-09-16,2023-09-16,1,2024,1,FCT,North Central,1,5,Caution,49,Low,1,7,Moderate Risk
IBD028001,"Assailant vs Man, Osun",2023-09-16,2023-09-16,1,2024,1,Osun,South West,0,0,Safe,33,Low,1,1,Low Risk
IBD028015,"Auto Crash, Lagos",2023-09-16,2023-09-16,1,2024,1,Lagos,South West,0,0,Safe,82,High,5,5,Moderate Risk
IBD028021,"Banditry, Kaduna",2023-09-16,2023-09-16,1,2024,1,Kaduna,North West,1,5,Caution,33,Low,1,7,Moderate Risk
IBD028040,"Brothers vs Journalist, Zamfara",2023-09-16,2023-09-16,1,2024,1,Zamfara,North West,0,0,Safe,19,Low,1,1,Low Risk
IBD027996,"Auto Crash, Ekiti",2023-09-15,2023-09-15,3,2024,1,Ekiti,South West,0,3,Safe,38,Low,1,4,Moderate Risk
IBD028003,"Flooding, Lagos",2023-09-15,2023-09-15,1,2024,1,Lagos,South West,0,0,Safe,92,High,5,5,Moderate Risk
IBD030670,"Police vs Man, Rivers",2023-09-15,2024-09-01,1,2024,1,Rivers,South South,0,0,Safe,83,High,5,5,Moderate Risk
IBD028005,"Banditry, Kaduna",2023-09-15,2023-09-15,2,2024,1,Kaduna,North West,1,5,Caution,36,Low,1,7,Moderate Risk
IBD027997,"Auto Crash, Anambra",2023-09-15,2023-09-15,5,2024,1,Anambra,South East,0,3,Safe,50,Moderate,3,6,Moderate Risk
IBD028012,"Police vs Kidnappers, Bauchi",2023-09-15,2023-09-15,10,2024,1,Bauchi,North East,1,10,Avoid Route,11,Low,1,12,Extreme Danger
IBD027990,"Man Kill Scavenger, FCT (Abuja)",2023-09-14,2023-09-14,1,2024,1,FCT,North Central,0,0,Safe,21,Low,1,1,Low Risk
IBD027994,"Cultist vs Student, Anambra",2023-09-14,2023-09-14,1,2024,1,Anambra,South East,0,0,Safe,73,Moderate,3,3,Low Risk
IBD028000,"Police vs IPOB/ESN, Ebonyi",2023-09-14,2023-09-14,1,2024,1,Ebonyi,South East,0,0,Safe,42,Low,1,1,Low Risk
IBD027984,"Gunmen Attack, Sokoto",2023-09-14,2023-09-14,4,2024,1,Sokoto,North West,2,8,Avoid Route,20,Low,1,11,High Risk
IBD028013,"Complication, Lagos",2023-09-14,2023-09-14,1,2024,1,Lagos,South West,0,0,Safe,100,High,5,5,Moderate Risk
IBD027974,"Auto Crash, FCT (Abuja)",2023-09-13,2023-09-13,4,2024,1,FCT,North Central,0,3,Safe,36,Low,1,4,Moderate Risk
IBD027982,"Assailants vs LP Chieftain, Abia",2023-09-13,2023-09-13,1,2024,1,Abia,South East,0,0,Safe,51,Moderate,3,3,Low Risk
IBD027986,"Auto Crash, Kogi",2023-09-13,2023-09-13,3,2024,1,Kogi,North Central,0,3,Safe,48,Low,1,4,Moderate Risk
IBD027977,"ISWAP vs Fishermen, Borno",2023-09-13,2023-09-13,7,2024,1,Borno,North East,0,3,Safe,12,Low,1,4,Moderate Risk
IBD028016,"One Killed, Lagos",2023-09-13,2023-09-13,1,2024,1,Lagos,South West,0,0,Safe,100,High,5,5,Moderate Risk
IBD028017,"Cult Killing, Ogun",2023-09-13,2023-09-17,16,2024,1,Ogun,South West,0,5,Caution,57,Moderate,3,8,High Risk
IBD028051,"Man vs Wife, Borno",2023-09-12,2023-09-12,1,2024,1,Borno,North East,0,0,Safe,15,Low,1,1,Low Risk
IBD028030,"Police vs Kidnappers, Delta",2023-09-12,2023-09-12,4,2024,1,Delta,South South,1,8,Avoid Route,85,High,5,14,Extreme Danger
IBD027978,"Domestic Violence, Delta",2023-09-12,2023-09-12,1,2024,1,Delta,South South,0,0,Safe,97,High,5,5,Moderate Risk
IBD027980,"Flood Disaster, Lagos",2023-09-12,2023-09-12,1,2024,1,Lagos,South West,0,0,Safe,93,High,5,5,Moderate Risk
IBD027975,"Farmers vs Herders, FCT (Abuja)",2023-09-12,2023-09-12,1,2024,1,FCT,North Central,0,0,Safe,30,Low,1,1,Low Risk
IBD027987,"Mysterious Death, Lagos",2023-09-12,2023-09-12,1,2024,1,Lagos,South West,0,0,Safe,82,High,5,5,Moderate Risk
IBD028008,"Electrocution, Nasarawa",2023-09-12,2023-09-12,1,2024,1,Nasarawa,North Central,0,0,Safe,37,Low,1,1,Low Risk
IBD028014,"Man vs Girlfriend, Lagos",2023-09-12,2023-09-12,1,2024,1,Lagos,South West,0,0,Safe,87,High,5,5,Moderate Risk
IBD027967,"Gunmen vs Man, FCT (Abuja)",2023-09-12,2023-09-12,1,2024,1,FCT,North Central,1,5,Caution,25,Low,1,7,Moderate Risk
IBD027966,"Auto Crash, Lagos",2023-09-12,2023-09-12,1,2024,1,Lagos,South West,0,0,Safe,82,High,5,5,Moderate Risk
IBD027976,"Electrocution, Anambra",2023-09-12,2023-09-12,1,2024,1,Anambra,South East,0,0,Safe,73,Moderate,3,3,Low Risk
IBD027969,"NURTW Factional Clash, FCT (Abuja)",2023-09-12,2023-09-12,1,2024,1,FCT,North Central,0,0,Safe,41,Low,1,1,Low Risk
IBD027960,"Boat Mishap, Adamawa",2023-09-11,2023-09-11,11,2024,1,Adamawa,North East,0,5,Caution,27,Low,1,6,Moderate Risk
IBD027955,"Gunmen Attack, Plateau",2023-09-11,2023-09-11,11,2024,1,Plateau,North Central,2,10,Avoid Route,49,Low,1,13,Extreme Danger
IBD027971,"Herdsmen Attack, Enugu",2023-09-11,2023-09-11,3,2024,1,Enugu,South East,2,8,Avoid Route,61,Moderate,3,13,Extreme Danger
IBD027963,"Police vs Kidnappers, Adamawa",2023-09-11,2023-09-11,2,2024,1,Adamawa,North East,1,5,Caution,28,Low,1,7,Moderate Risk
IBD027956,"Gunmen vs Vigilante, Delta",2023-09-11,2023-09-11,1,2024,1,Delta,South South,1,5,Caution,81,High,5,11,High Risk
IBD027972,"Banditry, Plateau",2023-09-11,2023-09-11,6,2024,1,Plateau,North Central,1,8,Avoid Route,23,Low,1,10,High Risk
IBD027965,"NAF vs ISWAP, Borno",2023-09-11,2023-09-11,30,2024,1,Borno,North East,0,5,Caution,47,Low,1,6,Moderate Risk
IBD027981,"Assailant vs Woman, Lagos",2023-09-11,2023-09-11,1,2024,1,Lagos,South West,0,0,Safe,94,High,5,5,Moderate Risk
IBD027988,"Cultists vs Transport Worker, Lagos",2023-09-11,2023-09-11,1,2024,1,Lagos,South West,0,0,Safe,97,High,5,5,Moderate Risk
IBD027957,"Communal Clash, Cross River",2023-09-11,2023-09-11,10,2024,1,Cross River,South South,0,5,Caution,94,High,5,10,High Risk
IBD028035,"Assailant vs Undergraduate, FCT (Abuja)",2023-09-11,2023-09-11,1,2024,1,FCT,North Central,0,0,Safe,37,Low,1,1,Low Risk
IBD027962,"Cult Killing, Edo",2023-09-10,2023-09-10,1,2024,1,Edo,South South,0,0,Safe,70,Moderate,3,3,Low Risk
IBD027943,"Auto Crash, Ogun",2023-09-10,2023-09-10,2,2024,1,Ogun,South West,0,0,Safe,68,Moderate,3,3,Low Risk
IBD027944,"Auto Crash, Niger",2023-09-10,2023-09-10,1,2024,1,Niger,North Central,0,0,Safe,37,Low,1,1,Low Risk
IBD027946,"Corpse Found, Zamfara",2023-09-10,2023-09-10,1,2024,1,Zamfara,North West,0,0,Safe,41,Low,1,1,Low Risk
IBD027961,"Cultists vs Man, Edo",2023-09-10,2023-09-10,1,2024,1,Edo,South South,0,0,Safe,55,Moderate,3,3,Low Risk
IBD027958,"Residents vs Tailor, Lagos",2023-09-10,2023-09-10,1,2024,1,Lagos,South West,0,0,Safe,95,High,5,5,Moderate Risk
IBD027940,"Boat Accident, Niger",2023-09-10,2023-09-10,28,2024,1,Niger,North Central,0,5,Caution,17,Low,1,6,Moderate Risk
IBD027959,"Cult Killing, Osun",2023-09-10,2023-09-10,4,2024,1,Osun,South West,0,3,Safe,19,Low,1,4,Moderate Risk
IBD027938,"Domestic Violence, Gombe",2023-09-10,2023-09-10,1,2024,1,Gombe,North East,0,0,Safe,22,Low,1,1,Low Risk
IBD027993,"Gunmen Attack, Kaduna",2023-09-10,2023-09-10,1,2024,1,Kaduna,North West,2,5,Caution,31,Low,1,8,High Risk
IBD027985,"Auto Crash, Kogi",2023-09-10,2023-09-10,5,2024,1,Kogi,North Central,0,3,Safe,18,Low,1,4,Moderate Risk
IBD027942,"Gunmen Attack, Taraba",2023-09-10,2023-09-10,1,2024,1,Taraba,North East,2,5,Caution,28,Low,1,8,High Risk
IBD027941,"Security Operatives vs Kidnapper, Anambra",2023-09-09,2023-09-09,1,2024,1,Anambra,South East,1,5,Caution,78,Moderate,3,9,High Risk
IBD027948,"Auto Crash, Kwara",2023-09-09,2023-09-09,1,2024,1,Kwara,North Central,0,0,Safe,38,Low,1,1,Low Risk
IBD027939,"Gunmen vs Villagers, Enugu",2023-09-09,2023-09-09,3,2024,1,Enugu,South East,1,8,Avoid Route,58,Moderate,3,12,Extreme Danger
IBD027936,"Boat Mishap, Adamawa",2023-09-09,2023-09-09,11,2024,1,Adamawa,North East,0,5,Caution,18,Low,1,6,Moderate Risk
IBD027952,"Building Collapse, Ogun",2023-09-09,2023-09-09,2,2024,1,Ogun,South West,0,0,Safe,79,Moderate,3,3,Low Risk
IBD027970,"Auto Crash, Kogi",2023-09-09,2023-09-09,1,2024,1,Kogi,North Central,0,0,Safe,45,Low,1,1,Low Risk
IBD027945,"Man vs Artisan, Edo",2023-09-09,2023-09-09,1,2024,1,Edo,South South,0,0,Safe,63,Moderate,3,3,Low Risk
IBD027953,"Auto Crash, Ogun",2023-09-09,2023-09-09,1,2024,1,Ogun,South West,0,0,Safe,67,Moderate,3,3,Low Risk
IBD027949,"Banditry, Kebbi",2023-09-09,2023-09-09,2,2024,1,Kebbi,North West,1,5,Caution,48,Low,1,7,Moderate Risk
IBD028010,"Student, Kwara",2023-09-09,2023-09-09,1,2024,1,Kwara,North Central,0,0,Safe,20,Low,1,1,Low Risk
IBD027970,"Auto Crash, Kogi",2023-09-09,2023-09-09,1,2024,1,Kogi,North Central,0,0,Safe,45,Low,1,1,Low Risk
IBD028039,"Boko Haram Kill Farmers, Borno",2023-09-09,2023-09-09,6,2024,1,Borno,North East,0,3,Safe,30,Low,1,4,Moderate Risk
IBD028103,"Policeman Kill Farmer, Akwa Ibom",2023-09-09,2023-10-02,1,2024,1,Akwa Ibom,South South,0,0,Safe,84,High,5,5,Moderate Risk
IBD027930,"Electrocution, Niger",2023-09-08,2023-09-08,1,2024,1,Niger,North Central,0,0,Safe,18,Low,1,1,Low Risk
IBD027932,"Auto Crash, Ogun",2023-09-08,2023-09-08,2,2024,1,Ogun,South West,0,0,Safe,70,Moderate,3,3,Low Risk
IBD027951,"Taxi Driver Dies, Rivers",2023-09-08,2023-09-08,1,2024,1,Rivers,South South,0,0,Safe,97,High,5,5,Moderate Risk
IBD027937,"Cultists Kill DPO, Rivers",2023-09-08,2023-09-08,1,2024,1,Rivers,South South,0,0,Safe,86,High,5,5,Moderate Risk
IBD027925,"DSS vs Fashion Designer, FCT (Abuja)",2023-09-07,2023-09-07,1,2024,1,FCT,North Central,0,0,Safe,48,Low,1,1,Low Risk
IBD027935,"Gunmen vs Guards, Benue",2023-09-07,2023-09-07,2,2024,1,Benue,North Central,1,5,Caution,20,Low,1,7,Moderate Risk
IBD027995,"Gunmen vs PDP Chieftain, Osun",2023-09-07,2023-09-07,1,2024,1,Osun,South West,1,5,Caution,19,Low,1,7,Moderate Risk
IBD027933,"Domestic Violence, Rivers",2023-09-07,2023-09-07,1,2024,1,Rivers,South South,0,0,Safe,92,High,5,5,Moderate Risk
IBD027931,"Bandits Kill Seminarian, Kaduna",2023-09-07,2023-09-07,1,2024,1,Kaduna,North West,1,5,Caution,26,Low,1,7,Moderate Risk
IBD027954,"Assailant vs Tricyclist, Taraba",2023-09-07,2023-09-07,1,2024,1,Taraba,North East,0,0,Safe,29,Low,1,1,Low Risk
IBD027999,"Gunmen vs Policeman, Rivers",2023-09-07,2023-09-07,1,2024,1,Rivers,South South,1,5,Caution,99,High,5,11,High Risk
IBD028288,"Terrorists Attack, Borno",2023-09-07,2023-09-07,1,2024,1,Borno,North East,2,5,Caution,14,Low,1,8,High Risk
IBD027927,"Assailants vs Student, Ekiti",2023-09-05,2023-09-05,1,2024,1,Ekiti,South West,0,0,Safe,24,Low,1,1,Low Risk
IBD027920,"Auto Crash, Ogun",2023-09-05,2023-09-05,2,2024,1,Ogun,South West,0,0,Safe,77,Moderate,3,3,Low Risk
IBD027922,"Kidnappers Kill Director, Niger",2023-09-05,2023-09-05,1,2024,1,Niger,North Central,1,5,Caution,38,Low,1,7,Moderate Risk
IBD027918,"Well Dredger, Kwara",2023-09-05,2023-09-05,1,2024,1,Kwara,North Central,0,0,Safe,30,Low,1,1,Low Risk
IBD027929,"Police vs Kidnapper, Adamawa",2023-09-05,2023-09-05,1,2024,1,Adamawa,North East,1,5,Caution,39,Low,1,7,Moderate Risk
IBD027983,"Auto Crash, Katsina",2023-09-05,2023-09-05,1,2024,1,Katsina,North West,0,0,Safe,19,Low,1,1,Low Risk
IBD027915,"Police vs Driver, Lagos",2023-09-05,2023-09-05,1,2024,1,Lagos,South West,0,0,Safe,85,High,5,5,Moderate Risk
IBD027919,"Auto Crash, Ondo",2023-09-05,2023-09-05,6,2024,1,Ondo,South West,0,3,Safe,57,Moderate,3,6,Moderate Risk
IBD027907,"Electrocution, Anambra",2023-09-04,2023-09-04,1,2024,1,Anambra,South East,0,0,Safe,64,Moderate,3,3,Low Risk
IBD027998,"Labourer vs Farmer, Ondo",2023-09-04,2023-09-04,1,2024,1,Ondo,South West,0,0,Safe,64,Moderate,3,3,Low Risk
IBD027992,"Corpse Found, Kaduna",2023-09-04,2023-09-04,1,2024,1,Kaduna,North West,0,0,Safe,41,Low,1,1,Low Risk
IBD027964,"Boat Mishap, Adamawa",2023-09-04,2023-09-04,2,2024,1,Adamawa,North East,0,0,Safe,35,Low,1,1,Low Risk
IBD027903,"Corpse Found, Kwara",2023-09-04,2023-09-04,1,2024,1,Kwara,North Central,0,0,Safe,48,Low,1,1,Low Risk
IBD028044,"Boat Mishap, Nasarawa",2023-09-04,2023-09-04,2,2024,1,Nasarawa,North Central,0,0,Safe,13,Low,1,1,Low Risk
IBD027923,"Army vs Boko Haram, Borno",2023-09-04,2023-09-04,1,2024,1,Borno,North East,0,0,Safe,33,Low,1,1,Low Risk
IBD027914,"Police vs Robbers, Benue",2023-09-04,2023-09-04,1,2024,1,Benue,North Central,0,0,Safe,25,Low,1,1,Low Risk
IBD028170,"Gunmen Kill 1, Benue",2023-09-03,2023-09-03,1,2024,1,Benue,North Central,1,5,Caution,34,Low,1,7,Moderate Risk
IBD027904,"Gunmen vs Businesswoman , Kwara",2023-09-03,2023-09-03,1,2024,1,Kwara,North Central,1,5,Caution,38,Low,1,7,Moderate Risk
IBD027905,"Auto Crash, Kogi",2023-09-03,2023-09-03,12,2024,1,Kogi,North Central,0,5,Caution,29,Low,1,6,Moderate Risk
IBD027901,"Gunmen Attack, Ekiti",2023-09-03,2023-09-03,1,2024,1,Ekiti,South West,2,5,Caution,32,Low,1,8,High Risk
IBD027906,"Cult Killing, Anambra",2023-09-03,2023-09-03,1,2024,1,Anambra,South East,0,0,Safe,79,Moderate,3,3,Low Risk
IBD027902,"Cult Killing, Kwara",2023-09-03,2023-09-03,3,2024,1,Kwara,North Central,0,3,Safe,23,Low,1,4,Moderate Risk
IBD027885,"Police Cadet Dies, Kano",2023-09-03,2023-09-03,1,2024,1,Kano,North West,0,0,Safe,30,Low,1,1,Low Risk
IBD027912,"Communal Clash, Rivers",2023-09-03,2023-09-03,1,2024,1,Rivers,South South,0,0,Safe,84,High,5,5,Moderate Risk
IBD027888,"Auto Crash, Ogun",2023-09-03,2023-09-03,4,2024,1,Ogun,South West,0,3,Safe,76,Moderate,3,6,Moderate Risk
IBD027916,"Police vs Kidnappers, Enugu",2023-09-03,2023-09-03,3,2024,1,Enugu,South East,1,8,Avoid Route,73,Moderate,3,12,Extreme Danger
IBD027889,"Police vs Kidnappers, Bauchi",2023-09-02,2023-09-02,28,2024,1,Bauchi,North East,1,10,Avoid Route,38,Low,1,12,Extreme Danger
IBD027917,"Footballer, kwara",2023-09-02,2023-09-02,1,2024,1,Kwara,North Central,0,0,Safe,27,Low,1,1,Low Risk
IBD027886,"Auto Crash, Osun",2023-09-02,2023-09-02,6,2024,1,Osun,South West,0,3,Safe,44,Low,1,4,Moderate Risk
IBD027890,"Flood Disaster, Kebbi",2023-09-02,2023-09-02,3,2024,1,Kebbi,North West,0,3,Safe,12,Low,1,4,Moderate Risk
IBD027887,"Building Collapse, Anambra",2023-09-02,2023-09-02,3,2024,1,Anambra,South East,0,3,Safe,51,Moderate,3,6,Moderate Risk
IBD027891,"Hoodlums vs Vigilante, Niger",2023-09-01,2023-09-01,1,2024,1,Niger,North Central,0,0,Safe,31,Low,1,1,Low Risk
IBD027896,"Auto Crash, Ondo",2023-09-01,2023-09-01,2,2024,1,Ondo,South West,0,0,Safe,57,Moderate,3,3,Low Risk
IBD027895,"Man Dies, Kwara",2023-09-01,2023-09-01,1,2024,1,Kwara,North Central,0,0,Safe,19,Low,1,1,Low Risk
IBD027894,"Banditry, Kaduna",2023-09-01,2023-09-01,7,2024,1,Kaduna,North West,1,8,Avoid Route,28,Low,1,10,High Risk
IBD027892,"Building Collapse, Enugu",2023-09-01,2023-09-01,4,2024,1,Enugu,South East,0,3,Safe,67,Moderate,3,6,Moderate Risk
IBD027897,"Police vs Suspected Kidnappers, Imo",2023-09-01,2023-09-01,2,2024,1,Imo,South East,1,5,Caution,51,Moderate,3,9,High Risk
IBD027899,"Auto Crash, FCT (Abuja)",2023-09-01,2023-09-01,1,2024,1,FCT,North Central,0,0,Safe,13,Low,1,1,Low Risk
IBD028124,"Inferno, Kano",2023-09-01,2023-09-07,6,2024,1,Kano,North West,0,3,Safe,48,Low,1,4,Moderate Risk
IBD028716,"Motorcycle Riders, Niger",2023-09-01,2023-12-31,3,2024,1,Niger,North Central,0,3,Safe,11,Low,1,4,Moderate Risk
IBD027926,"Landslide, FCT (Abuja)",2023-09-01,2023-09-07,30,2024,1,FCT,North Central,0,5,Caution,19,Low,1,6,Moderate Risk
IBD027973,"Assailant vs Woman, Kaduna",2023-09-01,2023-09-01,1,2024,1,Kaduna,North West,0,0,Safe,13,Low,1,1,Low Risk
IBD028117,"Man vs Relative, Imo",2023-09-01,2023-09-01,1,2024,1,Imo,South East,0,0,Safe,51,Moderate,3,3,Low Risk
IBD027872,"Cult Killing, Edo",2023-08-31,2023-08-31,5,2024,1,Edo,South South,0,3,Safe,62,Moderate,3,6,Moderate Risk
IBD027893,"Ritual Killing, Ogun",2023-08-31,2023-08-31,1,2024,1,Ogun,South West,0,0,Safe,75,Moderate,3,3,Low Risk
IBD027866,"Dog vs Baby, Osun",2023-08-31,2023-08-31,1,2024,1,Osun,South West,0,0,Safe,45,Low,1,1,Low Risk
IBD027876,"Assailants vs Man, Anambra",2023-08-30,2023-08-30,1,2024,1,Anambra,South East,0,0,Safe,63,Moderate,3,3,Low Risk
IBD027882,"Baby in the Pit, Anambra",2023-08-30,2023-08-30,1,2024,1,Anambra,South East,0,0,Safe,63,Moderate,3,3,Low Risk
IBD027913,"Police vs Kidnappers, Rivers",2023-08-30,2023-08-30,2,2024,1,Rivers,South South,1,5,Caution,88,High,5,11,High Risk
IBD027908,"Flooding, Yobe",2023-08-30,2023-08-30,1,2024,1,Yobe,North East,0,0,Safe,24,Low,1,1,Low Risk
IBD027881,"Flood Disaster, Adamawa",2023-08-30,2023-08-30,2,2024,1,Adamawa,North East,0,0,Safe,11,Low,1,1,Low Risk
IBD027873,"Cult Killing, Edo",2023-08-30,2023-08-30,5,2024,1,Edo,South South,0,3,Safe,61,Moderate,3,6,Moderate Risk
IBD027880,"Flood Disaster, Adamawa",2023-08-30,2023-08-30,2,2024,1,Adamawa,North East,0,0,Safe,34,Low,1,1,Low Risk
IBD027870,"Auto Crash, Lagos",2023-08-30,2023-09-30,1,2024,1,Lagos,South West,0,0,Safe,99,High,5,5,Moderate Risk
IBD027878,"Friends, Ogun",2023-08-30,2023-08-30,1,2024,1,Ogun,South West,0,0,Safe,56,Moderate,3,3,Low Risk
IBD027879,"Flood Disaster, Adamawa",2023-08-30,2023-08-30,1,2024,1,Adamawa,North East,0,0,Safe,26,Low,1,1,Low Risk
IBD027874,"Auto Crash, Niger",2023-08-30,2023-08-30,1,2024,1,Niger,North Central,0,0,Safe,18,Low,1,1,Low Risk
IBD027934,"Domestic Violence, Edo",2023-08-29,2023-08-29,1,2024,1,Edo,South South,0,0,Safe,75,Moderate,3,3,Low Risk
IBD027869,"Man vs Father, Ogun",2023-08-29,2023-08-29,1,2024,1,Ogun,South West,0,0,Safe,58,Moderate,3,3,Low Risk
IBD027868,"Flood Disaster, Anambra",2023-08-29,2023-08-29,1,2024,1,Anambra,South East,0,0,Safe,52,Moderate,3,3,Low Risk
IBD027991,"Gunmen Attack, Kaduna",2023-08-29,2023-08-29,1,2024,1,Kaduna,North West,2,5,Caution,43,Low,1,8,High Risk
IBD028287,"Boko Haram vs Imam, Borno",2023-08-29,2023-08-29,1,2024,1,Borno,North East,0,0,Safe,46,Low,1,1,Low Risk
IBD027979,"Domestic Violence, Adamawa",2023-08-29,2023-08-29,1,2024,1,Adamawa,North East,0,0,Safe,49,Low,1,1,Low Risk
IBD027865,"Security Operatives vs Kidnapper, Kwara",2023-08-28,2023-08-28,1,2024,1,Kwara,North Central,1,5,Caution,25,Low,1,7,Moderate Risk
IBD027861,"Masquerade Clash, Enugu",2023-08-28,2023-08-28,1,2024,1,Enugu,South East,0,0,Safe,66,Moderate,3,3,Low Risk
IBD027862,"Security Operatives vs Trader, Imo",2023-08-28,2023-08-28,1,2024,1,Imo,South East,0,0,Safe,76,Moderate,3,3,Low Risk
IBD027860,"Church Members Drown, Ogun",2023-08-28,2023-08-28,2,2024,1,Ogun,South West,0,0,Safe,77,Moderate,3,3,Low Risk
IBD027859,"Building Collapse, Borno",2023-08-28,2023-08-28,7,2024,1,Borno,North East,0,3,Safe,18,Low,1,4,Moderate Risk
IBD027877,"Food Poison, Kano",2023-08-28,2023-08-28,1,2024,1,Kano,North West,0,0,Safe,24,Low,1,1,Low Risk
IBD027910,"Troops Kill kidnappers, Plateau",2023-08-28,2023-08-04,1,2024,1,Plateau,North Central,1,5,Caution,35,Low,1,7,Moderate Risk
IBD027871,"Kidnappers vs Driver, Kogi",2023-08-28,2023-08-28,1,2024,1,Kogi,North Central,1,5,Caution,35,Low,1,7,Moderate Risk
IBD027989,"Gunmen Attack, Kaduna",2023-08-28,2023-08-28,1,2024,1,Kaduna,North West,2,5,Caution,23,Low,1,8,High Risk
IBD027863,"Police vs Kidnappers, Ebonyi",2023-08-27,2023-08-27,1,2024,1,Ebonyi,South East,1,5,Caution,42,Low,1,7,Moderate Risk
IBD027856,"Auto Crash/Medical Negligence, Lagos",2023-08-27,2023-08-27,1,2024,1,Lagos,South West,0,0,Safe,93,High,5,5,Moderate Risk
IBD027854,"Soldiers vs Man, Lagos",2023-08-26,2023-08-26,1,2024,1,Lagos,South West,0,0,Safe,98,High,5,5,Moderate Risk
IBD027843,"Flood Disaster, Anambra",2023-08-26,2023-08-26,2,2024,1,Anambra,South East,0,0,Safe,77,Moderate,3,3,Low Risk
IBD027837,"Fulani Herdsmen Attack, Plateau",2023-08-26,2023-08-26,1,2024,1,Plateau,North Central,2,5,Caution,29,Low,1,8,High Risk
IBD027838,"Ritual Killing , Ogun",2023-08-26,2023-08-26,1,2024,1,Ogun,South West,0,0,Safe,72,Moderate,3,3,Low Risk
IBD027924,"Hunter, Bayelsa",2023-08-26,2023-08-26,1,2024,1,Bayelsa,South South,0,0,Safe,87,High,5,5,Moderate Risk
IBD027841,"Gunmen vs Police, Rivers",2023-08-25,2023-08-25,1,2024,1,Rivers,South South,1,5,Caution,99,High,5,11,High Risk
IBD027857,"Gunmen vs Youths, Rivers",2023-08-25,2023-08-25,2,2024,1,Rivers,South South,1,5,Caution,81,High,5,11,High Risk
IBD027840,"Assailants vs Police, Delta",2023-08-25,2023-08-25,1,2024,1,Delta,South South,0,0,Safe,84,High,5,5,Moderate Risk
IBD027898,"Couple vs Co-wife, Borno",2023-08-25,2023-08-25,1,2024,1,Borno,North East,0,0,Safe,13,Low,1,1,Low Risk
IBD027829,"Robbers vs Army, Edo",2023-08-24,2023-08-24,1,2024,1,Edo,South South,0,0,Safe,57,Moderate,3,3,Low Risk
IBD027732,"Auto Crash, Ogun",2023-08-24,2023-08-24,1,2024,1,Ogun,South West,0,0,Safe,66,Moderate,3,3,Low Risk
IBD027830,"Boat Mishap, Nasarawa",2023-08-24,2023-08-24,12,2024,1,Nasarawa,North Central,0,5,Caution,15,Low,1,6,Moderate Risk
IBD027828,"Building Collapse, FCT (Abuja)",2023-08-24,2023-08-24,2,2024,1,FCT,North Central,0,0,Safe,11,Low,1,1,Low Risk
IBD027839,"Auto Crash, Imo",2023-08-24,2023-08-24,1,2024,1,Imo,South East,0,0,Safe,77,Moderate,3,3,Low Risk
IBD027842,"Negligence, Ondo",2023-08-24,2023-08-24,1,2024,1,Ondo,South West,0,0,Safe,67,Moderate,3,3,Low Risk
IBD027832,"Bandits vs Customs Officers, Kebbi",2023-08-24,2023-08-24,2,2024,1,Kebbi,North West,1,5,Caution,13,Low,1,7,Moderate Risk
IBD027835,"Assailants vs Woman , Benue",2023-08-24,2023-08-24,1,2024,1,Benue,North Central,0,0,Safe,19,Low,1,1,Low Risk
IBD027928,"Man Kill Over Food, Lagos",2023-08-23,2023-08-23,1,2024,1,Lagos,South West,0,0,Safe,97,High,5,5,Moderate Risk
IBD027858,"Man vs Creditor, Kebbi",2023-08-23,2023-08-23,1,2024,1,Kebbi,North West,0,0,Safe,34,Low,1,1,Low Risk
IBD027831,"Boko Haram vs ISWAP, Borno",2023-08-23,2023-08-23,41,2024,1,Borno,North East,0,5,Caution,47,Low,1,6,Moderate Risk
IBD027825,"Ritual Killing, Rivers",2023-08-23,2023-08-23,1,2024,1,Rivers,South South,0,0,Safe,91,High,5,5,Moderate Risk
IBD027833,"Bandits vs Pastor, Kaduna",2023-08-23,2023-08-23,1,2024,1,Kaduna,North West,1,5,Caution,48,Low,1,7,Moderate Risk
IBD027821,"Man Kill Son, Akwa Ibom",2023-08-22,2023-08-22,1,2024,1,Akwa Ibom,South South,0,0,Safe,85,High,5,5,Moderate Risk
IBD028093,"Miners Killed, Plateau",2023-08-21,2023-08-21,33,2024,1,Plateau,North Central,0,5,Caution,39,Low,1,6,Moderate Risk
IBD027818,"Babies, Benue",2023-08-21,2023-08-21,2,2024,1,Benue,North Central,0,0,Safe,15,Low,1,1,Low Risk
IBD027814,"Vigilante vs Kidnappers, Rivers",2023-08-21,2023-08-21,2,2024,1,Rivers,South South,1,5,Caution,82,High,5,11,High Risk
IBD027815,"Electrocution, Rivers",2023-08-21,2023-08-21,5,2024,1,Rivers,South South,0,3,Safe,97,High,5,8,High Risk
IBD027850,"Kidnappers vs Man, Osun",2023-08-21,2023-08-21,1,2024,1,Osun,South West,1,5,Caution,31,Low,1,7,Moderate Risk
IBD027813,"Robbers Kill Man, Imo",2023-08-21,2023-08-21,1,2024,1,Imo,South East,0,0,Safe,70,Moderate,3,3,Low Risk
IBD027826,"Man vs Lover, Edo",2023-08-21,2023-08-21,1,2024,1,Edo,South South,0,0,Safe,64,Moderate,3,3,Low Risk
IBD027795,"Bandits vs Army, Zamfara",2023-08-21,2023-08-21,2,2024,1,Zamfara,North West,1,5,Caution,27,Low,1,7,Moderate Risk
IBD027819,"Land Dispute, Benue",2023-08-21,2023-08-22,6,2024,1,Benue,North Central,0,3,Safe,10,Low,1,4,Moderate Risk
IBD027845,"Mob vs Armed Robber, Lagos",2023-08-20,2023-08-20,1,2024,1,Lagos,South West,0,0,Safe,94,High,5,5,Moderate Risk
IBD027811,"Gunmen vs Livestock Guard Commander, Benue",2023-08-20,2023-08-20,1,2024,1,Benue,North Central,1,5,Caution,45,Low,1,7,Moderate Risk
IBD027812,"Robbers vs Retired Police Officer, Imo",2023-08-20,2023-08-20,2,2024,1,Imo,South East,0,0,Safe,70,Moderate,3,3,Low Risk
IBD027824,"Soldiers vs IPOB/ESN, Imo",2023-08-20,2023-08-20,1,2024,1,Imo,South East,0,0,Safe,60,Moderate,3,3,Low Risk
IBD027804,"Banditry, Katsina",2023-08-20,2023-08-20,1,2024,1,Katsina,North West,1,5,Caution,24,Low,1,7,Moderate Risk
IBD027864,"Mysterious Death, Enugu",2023-08-20,2023-08-27,6,2024,1,Enugu,South East,0,3,Safe,66,Moderate,3,6,Moderate Risk
IBD027823,"Police vs Kidnappers, Enugu",2023-08-20,2023-08-21,2,2024,1,Enugu,South East,1,5,Caution,73,Moderate,3,9,High Risk
IBD028002,"Pregnancy Complication, FCT (Abuja)",2023-08-19,2023-08-19,2,2024,1,FCT,North Central,0,0,Safe,41,Low,1,1,Low Risk
IBD029826,"Gunmen Attack, Kaduna",2023-08-19,2023-08-19,1,2024,1,Kaduna,North West,2,5,Caution,32,Low,1,8,High Risk
IBD027867,"Ritual Killing, Bauchi",2023-08-19,2023-08-19,1,2024,1,Bauchi,North East,0,0,Safe,11,Low,1,1,Low Risk
IBD027801,"Auto Crash, Osun",2023-08-19,2023-08-19,3,2024,1,Osun,South West,0,3,Safe,49,Low,1,4,Moderate Risk
IBD027822,"Domestic Violence, Bauchi",2023-08-19,2023-08-19,1,2024,1,Bauchi,North East,0,0,Safe,43,Low,1,1,Low Risk
IBD028457,"Auto Crash, Yobe",2023-08-19,2023-08-19,1,2024,1,Yobe,North East,0,0,Safe,31,Low,1,1,Low Risk
IBD027798,"Kidnap Suspect, Niger",2023-08-18,2023-08-18,1,2024,1,Niger,North Central,1,5,Caution,41,Low,1,7,Moderate Risk
IBD027806,"Banditry, Katsina",2023-08-18,2023-08-18,3,2024,1,Katsina,North West,1,8,Avoid Route,19,Low,1,10,High Risk
IBD027799,"Police Officer vs Tricycle Rider, Kogi",2023-08-18,2023-08-18,1,2024,1,Kogi,North Central,0,0,Safe,21,Low,1,1,Low Risk
IBD027803,"Assailants vs Prison Official, Delta",2023-08-18,2023-08-18,1,2024,1,Delta,South South,0,0,Safe,100,High,5,5,Moderate Risk
IBD027808,"Flood Disaster, Cross River",2023-08-18,2023-08-18,1,2024,1,Cross River,South South,0,0,Safe,98,High,5,5,Moderate Risk
IBD027805,"Banditry, Katsina",2023-08-18,2023-08-18,1,2024,1,Katsina,North West,1,5,Caution,19,Low,1,7,Moderate Risk
IBD027797,"NAF Jet Kills 1, Niger",2023-08-18,2023-08-18,1,2024,1,Niger,North Central,0,0,Safe,12,Low,1,1,Low Risk
IBD027802,"Soldiers vs Driver, Lagos",2023-08-17,2023-08-17,1,2024,1,Lagos,South West,0,0,Safe,87,High,5,5,Moderate Risk
IBD027796,"Thunder Strike, Kwara",2023-08-17,2023-08-17,1,2024,1,Kwara,North Central,0,0,Safe,27,Low,1,1,Low Risk
IBD027794,"Cult Killing, Delta",2023-08-16,2023-08-16,1,2024,1,Delta,South South,0,0,Safe,89,High,5,5,Moderate Risk
IBD027790,"Auto Crash, Ogun",2023-08-15,2023-08-15,3,2024,1,Ogun,South West,0,3,Safe,51,Moderate,3,6,Moderate Risk
IBD030875,"Medical Negligence, Lagos",2023-08-15,2023-08-15,1,2024,1,Lagos,South West,0,0,Safe,88,High,5,5,Moderate Risk
IBD027786,"Gunmen Attack, Kaduna",2023-08-15,2023-08-15,1,2024,1,Kaduna,North West,2,5,Caution,49,Low,1,8,High Risk
IBD027787,"Oil Rig Collapse, Delta",2023-08-15,2023-08-15,1,2024,1,Delta,South South,0,0,Safe,83,High,5,5,Moderate Risk
IBD027781,"Auto Crash, Ogun",2023-08-15,2023-08-15,1,2024,1,Ogun,South West,0,0,Safe,70,Moderate,3,3,Low Risk
IBD027780,"Auto Crash, Ogun",2023-08-15,2023-08-15,1,2024,1,Ogun,South West,0,0,Safe,64,Moderate,3,3,Low Risk
IBD027791,"Auto Crash, Ogun",2023-08-15,2023-08-15,3,2024,1,Ogun,South West,0,3,Safe,64,Moderate,3,6,Moderate Risk
IBD027783,"Police vs Armed Robbers, Delta",2023-08-14,2023-08-14,3,2024,1,Delta,South South,0,3,Safe,80,High,5,8,High Risk
IBD027774,"NAF Helicopter Crash, Niger",2023-08-14,2023-08-14,9,2024,1,Niger,North Central,0,3,Safe,29,Low,1,4,Moderate Risk
IBD027767,"Herdsmen Attack, Plateau",2023-08-14,2023-08-14,2,2024,1,Plateau,North Central,2,5,Caution,18,Low,1,8,High Risk
IBD027777,"Bandit Attack, Zamfara",2023-08-14,2023-08-14,1,2024,1,Zamfara,North West,2,5,Caution,24,Low,1,8,High Risk
IBD027793,"Domestic Violence, Lagos",2023-08-14,2023-08-14,1,2024,1,Lagos,South West,0,0,Safe,97,High,5,5,Moderate Risk
IBD027785,"Army vs Armed Robbers, Kaduna",2023-08-14,2023-08-14,2,2024,1,Kaduna,North West,0,0,Safe,49,Low,1,1,Low Risk
IBD027789,"Gunmen vs Pastor's Wife, Edo",2023-08-14,2023-08-14,1,2024,1,Edo,South South,1,5,Caution,65,Moderate,3,9,High Risk
IBD027784,"Vigilante Clash, Kogi",2023-08-14,2023-08-14,1,2024,1,Kogi,North Central,0,0,Safe,31,Low,1,1,Low Risk
IBD027766,"Auto Crash, Akwa Ibom",2023-08-13,2023-08-13,2,2024,1,Akwa Ibom,South South,0,0,Safe,81,High,5,5,Moderate Risk
IBD027779,"Gunmen Attack, Benue",2023-08-13,2023-08-13,2,2024,1,Benue,North Central,2,5,Caution,48,Low,1,8,High Risk
IBD027772,"Banditry vs Soldiers, Niger",2023-08-13,2023-08-14,58,2024,1,Niger,North Central,1,10,Avoid Route,36,Low,1,12,Extreme Danger
IBD027775,"Suspected Cultist Kills 6, Ogun",2023-08-13,2023-08-13,6,2024,1,Ogun,South West,0,3,Safe,78,Moderate,3,6,Moderate Risk
IBD027745,"Boko Haram Kill Farmer, Borno",2023-08-13,2023-08-13,1,2024,1,Borno,North East,0,0,Safe,47,Low,1,1,Low Risk
IBD027816,"Sex Romp, Abia",2023-08-12,2023-08-12,1,2024,1,Abia,South East,0,0,Safe,76,Moderate,3,3,Low Risk
IBD027762,"Tank Collapse, Edo",2023-08-12,2023-08-12,1,2024,1,Edo,South South,0,0,Safe,58,Moderate,3,3,Low Risk
IBD027778,"Gunmen Attack, Bayelsa",2023-08-12,2023-08-12,1,2024,1,Bayelsa,South South,2,5,Caution,84,High,5,12,Extreme Danger
IBD027769,"Ritual Killing, Ondo",2023-08-12,2023-08-12,1,2024,1,Ondo,South West,0,0,Safe,68,Moderate,3,3,Low Risk
IBD027764,"Auto Crash, Anambra",2023-08-12,2023-08-12,5,2024,1,Anambra,South East,0,3,Safe,50,Moderate,3,6,Moderate Risk
IBD027761,"Hoodlums vs man, Adamawa",2023-08-12,2023-08-12,1,2024,1,Adamawa,North East,0,0,Safe,13,Low,1,1,Low Risk
IBD027792,"Man vs Wife, Edo",2023-08-12,2023-08-12,1,2024,1,Edo,South South,0,0,Safe,64,Moderate,3,3,Low Risk
IBD027771,"Ritual Killing, Oyo",2023-08-11,2023-08-11,1,2024,1,Oyo,South West,0,0,Safe,25,Low,1,1,Low Risk
IBD029522,"Motorcyclist vs Policeman, Lagos",2023-08-11,2023-08-11,1,2024,1,Lagos,South West,0,0,Safe,93,High,5,5,Moderate Risk
IBD027750,"Army vs Bandits , Kaduna",2023-08-11,2023-08-11,3,2024,1,Kaduna,North West,1,8,Avoid Route,35,Low,1,10,High Risk
IBD027758,"Communal Clash, Enugu",2023-08-11,2023-08-11,4,2024,1,Enugu,South East,0,3,Safe,56,Moderate,3,6,Moderate Risk
IBD027763,"Flood Disaster, Lagos",2023-08-11,2023-08-11,3,2024,1,Lagos,South West,0,3,Safe,83,High,5,8,High Risk
IBD027744,"Mosque Collapse, Kaduna",2023-08-11,2023-08-11,10,2024,1,Kaduna,North West,0,5,Caution,11,Low,1,6,Moderate Risk
IBD027834,"Monarch Kills 2, Akwa Ibom",2023-08-11,2023-08-11,2,2024,1,Akwa Ibom,South South,0,0,Safe,84,High,5,5,Moderate Risk
IBD027755,"Fulani herdsmen Attacks, Plateau",2023-08-11,2023-08-11,2,2024,1,Plateau,North Central,2,5,Caution,10,Low,1,8,High Risk
IBD027807,"Banditry, Niger",2023-08-11,2023-08-11,2,2024,1,Niger,North Central,1,5,Caution,40,Low,1,7,Moderate Risk
IBD027752,"Kidnappers Kill 2, Enugu",2023-08-11,2023-08-11,2,2024,1,Enugu,South East,1,5,Caution,60,Moderate,3,9,High Risk
IBD027749,"Osun Osogbo Festival, Osun",2023-08-11,2023-08-11,3,2024,1,Osun,South West,0,3,Safe,20,Low,1,4,Moderate Risk
IBD027746,"Gunmen Kill 5, Benue",2023-08-11,2023-08-11,5,2024,1,Benue,North Central,1,8,Avoid Route,30,Low,1,10,High Risk
IBD027968,"Ritual Killing, Bauchi",2023-08-10,2023-08-10,2,2024,1,Bauchi,North East,0,0,Safe,26,Low,1,1,Low Risk
IBD027735,"Fulani Attack, Plateau",2023-08-10,2023-08-10,21,2024,1,Plateau,North Central,1,10,Avoid Route,16,Low,1,12,Extreme Danger
IBD027765,"Gunmen/Kidnappers, FCT (Abuja)",2023-08-10,2023-08-10,1,2024,1,FCT,North Central,2,5,Caution,39,Low,1,8,High Risk
IBD027751,"Police vs IPOB/ESN, Enugu",2023-08-10,2023-08-10,3,2024,1,Enugu,South East,0,3,Safe,59,Moderate,3,6,Moderate Risk
IBD027884,"Man vs Lover, Lagos",2023-08-10,2023-08-10,1,2024,1,Lagos,South West,0,0,Safe,98,High,5,5,Moderate Risk
IBD027754,"Kidnappers Kill Bricklayer, Jigawa",2023-08-09,2023-08-09,1,2024,1,Jigawa,North West,1,5,Caution,10,Low,1,7,Moderate Risk
IBD027737,"Taskforce vs Drivers, Anambra",2023-08-09,2023-08-09,2,2024,1,Anambra,South East,0,0,Safe,67,Moderate,3,3,Low Risk
IBD027726,"Kidnappers vs Hunter, Edo",2023-08-09,2023-08-09,1,2024,1,Edo,South South,1,5,Caution,58,Moderate,3,9,High Risk
IBD027768,"Army vs Boko Haram, Borno",2023-08-09,2023-08-09,2,2024,1,Borno,North East,0,0,Safe,43,Low,1,1,Low Risk
IBD027788,"Boko Haram vs ISWAP, Borno",2023-08-09,2023-08-16,100,2024,1,Borno,North East,0,5,Caution,49,Low,1,6,Moderate Risk
IBD027722,"Auto Crash, Lagos",2023-08-09,2023-08-09,2,2024,1,Lagos,South West,0,0,Safe,82,High,5,5,Moderate Risk
IBD027753,"Boy Killed, Jigawa",2023-08-09,2023-08-09,1,2024,1,Jigawa,North West,0,0,Safe,13,Low,1,1,Low Risk
IBD027728,"Auto Crash, Ogun",2023-08-09,2023-08-09,1,2024,1,Ogun,South West,0,0,Safe,74,Moderate,3,3,Low Risk
IBD027759,"Hoodlums vs Islamic Scholar, Gombe",2023-08-09,2023-08-09,1,2024,1,Gombe,North East,0,0,Safe,21,Low,1,1,Low Risk
IBD027729,"Mob vs Armed Robber, Akwa Ibom",2023-08-09,2023-08-09,2,2024,1,Akwa Ibom,South South,0,0,Safe,85,High,5,5,Moderate Risk
IBD028338,"Phone Snatchers vs Man, Gombe",2023-08-09,2023-08-09,1,2024,1,Gombe,North East,0,0,Safe,43,Low,1,1,Low Risk
IBD028337,"Phone Snatcher vs Woman, Gombe",2023-08-09,2023-08-09,1,2024,1,Gombe,North East,0,0,Safe,12,Low,1,1,Low Risk
IBD027757,"Kidnappers Kill Man, FCT (Abuja)",2023-08-08,2023-08-08,1,2024,1,FCT,North Central,1,5,Caution,15,Low,1,7,Moderate Risk
IBD027731,"Domestic Violence, Adamawa",2023-08-08,2023-08-08,1,2024,1,Adamawa,North East,0,0,Safe,49,Low,1,1,Low Risk
IBD027725,"Auto Crash, Imo",2023-08-08,2023-08-08,5,2024,1,Imo,South East,0,3,Safe,71,Moderate,3,6,Moderate Risk
IBD027714,"Auto Crash, FCT (Abuja)",2023-08-08,2023-08-08,1,2024,1,FCT,North Central,0,0,Safe,40,Low,1,1,Low Risk
IBD027727,"Bandits Kill 3, Taraba",2023-08-08,2023-08-08,3,2024,1,Taraba,North East,1,8,Avoid Route,44,Low,1,10,High Risk
IBD027718,"Kidnappers, Osun",2023-08-08,2023-08-08,2,2024,1,Osun,South West,1,5,Caution,24,Low,1,7,Moderate Risk
IBD027747,"Gunmen vs Soldiers, Rivers",2023-08-08,2023-08-08,2,2024,1,Rivers,South South,1,5,Caution,95,High,5,11,High Risk
IBD027730,"Banditry, Katsina",2023-08-08,2023-08-08,1,2024,1,Katsina,North West,1,5,Caution,29,Low,1,7,Moderate Risk
IBD027760,"Gunmen Kill Market Leader, Benue",2023-08-08,2023-08-08,1,2024,1,Benue,North Central,1,5,Caution,15,Low,1,7,Moderate Risk
IBD027703,"Gunmen Attack, Plateau",2023-08-07,2023-08-07,4,2024,1,Plateau,North Central,2,8,Avoid Route,18,Low,1,11,High Risk
IBD027704,"Extrajudicial Killing, Plateau",2023-08-07,2023-08-07,1,2024,1,Plateau,North Central,0,0,Safe,35,Low,1,1,Low Risk
IBD027705,"Boat Mishap, Kebbi",2023-08-07,2023-08-07,8,2024,1,Kebbi,North West,0,3,Safe,28,Low,1,4,Moderate Risk
IBD027739,"Auto Crash, Lagos",2023-08-07,2023-08-07,2,2024,1,Lagos,South West,0,0,Safe,97,High,5,5,Moderate Risk
IBD027734,"Bandits vs Groom, Niger",2023-08-07,2023-08-07,1,2024,1,Niger,North Central,1,5,Caution,45,Low,1,7,Moderate Risk
IBD027740,"Found Dead, Rivers",2023-08-07,2023-08-07,1,2024,1,Rivers,South South,0,0,Safe,81,High,5,5,Moderate Risk
IBD027717,"Mob vs Thief, Delta",2023-08-07,2023-08-07,1,2024,1,Delta,South South,0,0,Safe,99,High,5,5,Moderate Risk
IBD027715,"Motorcycle Rider vs Man, Kwara",2023-08-07,2023-08-07,1,2024,1,Kwara,North Central,0,0,Safe,17,Low,1,1,Low Risk
IBD027721,"Army vs Bandits, Kaduna",2023-08-07,2023-08-07,3,2024,1,Kaduna,North West,1,8,Avoid Route,41,Low,1,10,High Risk
IBD027708,"Auto Crash, Edo",2023-08-06,2023-08-06,2,2024,1,Edo,South South,0,0,Safe,67,Moderate,3,3,Low Risk
IBD027719,"Native Doctor Kills Servant, Imo",2023-08-06,2023-08-06,1,2024,1,Imo,South East,0,0,Safe,52,Moderate,3,3,Low Risk
IBD027724,"Police vs Kidnappers, Bauchi",2023-08-06,2023-08-06,1,2024,1,Bauchi,North East,1,5,Caution,27,Low,1,7,Moderate Risk
IBD027756,"Man vs Brother's Son, Ogun",2023-08-06,2023-08-06,2,2024,1,Ogun,South West,0,0,Safe,55,Moderate,3,3,Low Risk
IBD027709,"Villager vs Bandits' Leader, Kaduna",2023-08-06,2023-08-06,4,2024,1,Kaduna,North West,1,8,Avoid Route,31,Low,1,10,High Risk
IBD027691,"Coach vs Ex-lover, Ondo",2023-08-06,2023-08-06,1,2024,1,Ondo,South West,0,0,Safe,67,Moderate,3,3,Low Risk
IBD027710,"Army vs Terrorists, Sokoto",2023-08-06,2023-08-06,1,2024,1,Sokoto,North West,1,5,Caution,34,Low,1,7,Moderate Risk
IBD027711,"Army vs Terrorists, Katsina",2023-08-06,2023-08-06,3,2024,1,Katsina,North West,1,8,Avoid Route,37,Low,1,10,High Risk
IBD027720,"Soldiers vs Bandits, Zamfara",2023-08-06,2023-08-06,10,2024,1,Zamfara,North West,1,10,Avoid Route,13,Low,1,12,Extreme Danger
IBD027748,"Domestic Violence, Ogun",2023-08-06,2023-08-06,1,2024,1,Ogun,South West,0,0,Safe,70,Moderate,3,3,Low Risk
IBD027900,"Medical Negligence, Lagos",2023-08-06,2023-08-28,2,2024,1,Lagos,South West,0,0,Safe,94,High,5,5,Moderate Risk
IBD027689,"Lady Dies Inside Well, Kwara",2023-08-05,2023-08-05,1,2024,1,Kwara,North Central,0,0,Safe,44,Low,1,1,Low Risk
IBD027742,"Cultists Kill Man, Delta",2023-08-05,2023-08-05,1,2024,1,Delta,South South,0,0,Safe,95,High,5,5,Moderate Risk
IBD027695,"Mining Site Collapse, Bauchi",2023-08-05,2023-08-05,4,2024,1,Bauchi,North East,0,3,Safe,34,Low,1,4,Moderate Risk
IBD027688,"Police Kill Man, Rivers",2023-08-05,2023-08-05,1,2024,1,Rivers,South South,0,0,Safe,91,High,5,5,Moderate Risk
IBD027693,"Senators Aide Killed, Lagos",2023-08-05,2023-08-05,1,2024,1,Lagos,South West,0,0,Safe,97,High,5,5,Moderate Risk
IBD027692,"Ritual Killing, Ondo",2023-08-05,2023-08-05,1,2024,1,Ondo,South West,0,0,Safe,72,Moderate,3,3,Low Risk
IBD027697,"Auto Crash, Ekiti",2023-08-05,2023-08-05,1,2024,1,Ekiti,South West,0,0,Safe,40,Low,1,1,Low Risk
IBD027741,"Motorcycle Thief, FCT (Abuja)",2023-08-05,2023-08-05,1,2024,1,FCT,North Central,0,0,Safe,43,Low,1,1,Low Risk
IBD027733,"Task Force vs Student, Adamawa",2023-08-05,2023-08-05,1,2024,1,Adamawa,North East,0,0,Safe,32,Low,1,1,Low Risk
IBD027716,"Army vs Terrorists, Borno",2023-08-04,2023-08-05,11,2024,1,Borno,North East,1,10,Avoid Route,48,Low,1,12,Extreme Danger
IBD027694,"Police vs Bandits, Zamfara",2023-08-04,2023-08-04,1,2024,1,Zamfara,North West,1,5,Caution,30,Low,1,7,Moderate Risk
IBD027679,"Truck Driver, Enugu",2023-08-03,2023-08-03,1,2024,1,Enugu,South East,0,0,Safe,58,Moderate,3,3,Low Risk
IBD027883,"Armed Robbers vs Police, Lagos",2023-08-03,2023-08-03,1,2024,1,Lagos,South West,0,0,Safe,84,High,5,5,Moderate Risk
IBD027699,"Charm Testing, Ondo",2023-08-03,2023-08-03,1,2024,1,Ondo,South West,0,0,Safe,58,Moderate,3,3,Low Risk
IBD027683,"Police vs Robber, Akwa Ibom",2023-08-02,2023-08-02,1,2024,1,Akwa Ibom,South South,0,0,Safe,88,High,5,5,Moderate Risk
IBD027738,"Bandits Kill 2, Niger",2023-08-02,2023-08-09,2,2024,1,Niger,North Central,1,5,Caution,29,Low,1,7,Moderate Risk
IBD027682,"Boat Mishap, Kebbi",2023-08-02,2023-08-02,9,2024,1,Kebbi,North West,0,3,Safe,49,Low,1,4,Moderate Risk
IBD027809,"Rape to Death, Katsina",2023-08-02,2023-08-02,1,2024,1,Katsina,North West,0,0,Safe,40,Low,1,1,Low Risk
IBD027676,"Building Collapse, Ondo",2023-08-02,2023-08-02,1,2024,1,Ondo,South West,0,0,Safe,59,Moderate,3,3,Low Risk
IBD027687,"Gunmen vs District Head, Plateau",2023-08-02,2023-08-02,1,2024,1,Plateau,North Central,1,5,Caution,16,Low,1,7,Moderate Risk
IBD027681,"Mob vs Man, Edo",2023-08-02,2023-08-02,1,2024,1,Edo,South South,0,0,Safe,69,Moderate,3,3,Low Risk
IBD027696,"Bandits Attack, Kaduna",2023-08-02,2023-08-02,1,2024,1,Kaduna,North West,2,5,Caution,42,Low,1,8,High Risk
IBD027636,"Cult Killing, Anambra",2023-08-02,2023-08-02,1,2024,1,Anambra,South East,0,0,Safe,70,Moderate,3,3,Low Risk
IBD027675,"Gunmen Kill 3, Plateau",2023-08-02,2023-08-02,3,2024,1,Plateau,North Central,1,8,Avoid Route,19,Low,1,10,High Risk
IBD027712,"Police vs Kidnappers, Bauchi",2023-08-02,2023-08-02,1,2024,1,Bauchi,North East,1,5,Caution,31,Low,1,7,Moderate Risk
IBD027698,"Soldier vs Captain, Adamawa",2023-08-01,2023-08-01,1,2024,1,Adamawa,North East,0,0,Safe,33,Low,1,1,Low Risk
IBD027672,"Elevator Accident, Lagos",2023-08-01,2023-08-01,1,2024,1,Lagos,South West,0,0,Safe,94,High,5,5,Moderate Risk
IBD027677,"Ritual Killing, Ekiti",2023-08-01,2023-08-01,1,2024,1,Ekiti,South West,0,0,Safe,33,Low,1,1,Low Risk
IBD027662,"Rape Victim, Taraba",2023-08-01,2023-08-01,1,2024,1,Taraba,North East,0,0,Safe,25,Low,1,1,Low Risk
IBD027678,"Communal Clash, Benue",2023-08-01,2023-08-01,1,2024,1,Benue,North Central,0,0,Safe,18,Low,1,1,Low Risk
IBD027674,"Gunmen Kill 2, Niger",2023-08-01,2023-08-01,2,2024,1,Niger,North Central,1,5,Caution,11,Low,1,7,Moderate Risk
IBD027671,"Army vs Bandits, Katsina",2023-08-01,2023-08-01,2,2024,1,Katsina,North West,1,5,Caution,17,Low,1,7,Moderate Risk
IBD027680,"Cult Killing, Lagos",2023-08-01,2023-07-01,1,2024,1,Lagos,South West,0,0,Safe,85,High,5,5,Moderate Risk
IBD027663,"Bandits Attack, Zamfara",2023-07-31,2023-07-31,3,2024,1,Zamfara,North West,2,8,Avoid Route,32,Low,1,11,High Risk
IBD027706,"Cultists vs Man, Cross River",2023-07-31,2023-08-06,2,2024,1,Cross River,South South,0,0,Safe,88,High,5,5,Moderate Risk
IBD027669,"Land Dispute Claims 1, Edo",2023-07-31,2023-07-31,1,2024,1,Edo,South South,0,0,Safe,54,Moderate,3,3,Low Risk
IBD027713,"Explosion, Rivers",2023-07-31,2023-07-31,18,2024,1,Rivers,South South,0,5,Caution,86,High,5,10,High Risk
IBD027668,"Cult Killing, Edo",2023-07-31,2023-07-31,1,2024,1,Edo,South South,0,0,Safe,79,Moderate,3,3,Low Risk
IBD027654,"Boko Haram vs Farmers, Borno",2023-07-31,2023-07-31,11,2024,1,Borno,North East,0,5,Caution,28,Low,1,6,Moderate Risk
IBD027657,"Auto Crash, Jigawa",2023-07-31,2023-07-31,4,2024,1,Jigawa,North West,0,3,Safe,18,Low,1,4,Moderate Risk
IBD027658,"Auto Crash, Kaduna",2023-07-31,2023-07-31,3,2024,1,Kaduna,North West,0,3,Safe,25,Low,1,4,Moderate Risk
IBD027673,"Gunmen vs Farm Manager, Kwara",2023-07-31,2023-07-31,1,2024,1,Kwara,North Central,1,5,Caution,36,Low,1,7,Moderate Risk
IBD027659,"Bandits Kill 3, Plateau",2023-07-30,2023-07-30,3,2024,1,Plateau,North Central,1,8,Avoid Route,35,Low,1,10,High Risk
IBD027686,"Soldiers vs Boko Haram, Borno",2023-07-30,2023-07-30,1,2024,1,Borno,North East,0,0,Safe,33,Low,1,1,Low Risk
IBD027651,"Warehouse Looting, Adamawa",2023-07-30,2023-07-30,3,2024,1,Adamawa,North East,0,3,Safe,10,Low,1,4,Moderate Risk
IBD027656,"Auto Crash, Ondo",2023-07-30,2023-07-30,2,2024,1,Ondo,South West,0,0,Safe,61,Moderate,3,3,Low Risk
IBD027660,"Robbers vs Tricycle Rider, Yobe",2023-07-30,2023-07-30,1,2024,1,Yobe,North East,0,0,Safe,26,Low,1,1,Low Risk
IBD027653,"Decomposing Corpse, Ogun",2023-07-30,2023-07-30,1,2024,1,Ogun,South West,0,0,Safe,78,Moderate,3,3,Low Risk
IBD027648,"Police vs Kidnap Suspect, Imo",2023-07-29,2023-07-29,1,2024,1,Imo,South East,1,5,Caution,70,Moderate,3,9,High Risk
IBD027649,"Assailants vs Woman, Lagos",2023-07-29,2023-07-29,1,2024,1,Lagos,South West,0,0,Safe,89,High,5,5,Moderate Risk
IBD027664,"Police vs Tea Vendor, Kaduna",2023-07-29,2023-07-29,1,2024,1,Kaduna,North West,0,0,Safe,38,Low,1,1,Low Risk
IBD027650,"Police vs Kidnapper, Delta",2023-07-29,2023-07-29,1,2024,1,Delta,South South,1,5,Caution,96,High,5,11,High Risk
IBD027743,"Cultists Kill Man, Delta",2023-07-28,2023-07-28,1,2024,1,Delta,South South,0,0,Safe,100,High,5,5,Moderate Risk
IBD027644,"NAF vs ISWAP, Borno",2023-07-28,2023-07-28,40,2024,1,Borno,North East,0,5,Caution,31,Low,1,6,Moderate Risk
IBD027550,"Assailants vs Woman, Osun",2023-07-28,2023-07-28,1,2024,1,Osun,South West,0,0,Safe,28,Low,1,1,Low Risk
IBD027645,"Flood Disaster, Gombe",2023-07-28,2023-07-28,1,2024,1,Gombe,North East,0,0,Safe,35,Low,1,1,Low Risk
IBD027670,"NAF vs Terrorists, Zamfara",2023-07-28,2023-07-29,15,2024,1,Zamfara,North West,1,10,Avoid Route,24,Low,1,12,Extreme Danger
IBD027652,"Bandits vs Immigration Officers, Sokoto",2023-07-28,2023-07-28,2,2024,1,Sokoto,North West,1,5,Caution,28,Low,1,7,Moderate Risk
IBD027646,"Cultist vs Man, Delta",2023-07-28,2023-07-28,2,2024,1,Delta,South South,0,0,Safe,81,High,5,5,Moderate Risk
IBD027655,"Kidnappers Kill 2, Plateau",2023-07-27,2023-07-27,2,2024,1,Plateau,North Central,1,5,Caution,27,Low,1,7,Moderate Risk
IBD027685,"Soldiers vs Boko Haram, Borno",2023-07-27,2023-07-27,2,2024,1,Borno,North East,0,0,Safe,43,Low,1,1,Low Risk
IBD027642,"Gunmen Behead Man, Delta",2023-07-27,2023-07-27,1,2024,1,Delta,South South,1,5,Caution,94,High,5,11,High Risk
IBD027641,"Bandits Kill Muslim Leader, Kaduna",2023-07-27,2023-07-27,5,2024,1,Kaduna,North West,1,8,Avoid Route,39,Low,1,10,High Risk
IBD027640,"Security Operatives Kill Two, Lagos",2023-07-26,2023-07-26,2,2024,1,Lagos,South West,0,0,Safe,100,High,5,5,Moderate Risk
IBD027626,"Teenager Drowns, Delta",2023-07-26,2023-07-26,1,2024,1,Delta,South South,0,0,Safe,81,High,5,5,Moderate Risk
IBD027619,"Assailants vs Policeman, Borno",2023-07-26,2023-07-26,1,2024,1,Borno,North East,0,0,Safe,29,Low,1,1,Low Risk
IBD027637,"Police vs Cultst, Rivers",2023-07-26,2023-07-26,1,2024,1,Rivers,South South,0,0,Safe,100,High,5,5,Moderate Risk
IBD027639,"Army vs Bandits, Plateau",2023-07-26,2023-07-26,10,2024,1,Plateau,North Central,1,10,Avoid Route,19,Low,1,12,Extreme Danger
IBD027647,"Electrocution, Imo",2023-07-26,2023-07-26,1,2024,1,Imo,South East,0,0,Safe,59,Moderate,3,3,Low Risk
IBD027638,"Dog vs Man, Kwara",2023-07-26,2023-07-26,1,2024,1,Kwara,North Central,0,0,Safe,27,Low,1,1,Low Risk
IBD027625,"Security Operatives vs Protesters, Enugu",2023-07-26,2023-07-26,2,2024,1,Enugu,South East,0,0,Safe,71,Moderate,3,3,Low Risk
IBD027628,"ISWAP vs Herders, Borno",2023-07-25,2023-07-25,25,2024,1,Borno,North East,0,5,Caution,23,Low,1,6,Moderate Risk
IBD027602,"Man vs Father, Plateau",2023-07-25,2023-07-25,1,2024,1,Plateau,North Central,0,0,Safe,19,Low,1,1,Low Risk
IBD027629,"Bandits vs Soldiers, Zamfara",2023-07-25,2023-07-25,30,2024,1,Zamfara,North West,1,10,Avoid Route,37,Low,1,12,Extreme Danger
IBD027617,"Auto Crash, Cross River",2023-07-25,2023-07-25,1,2024,1,Cross River,South South,0,0,Safe,90,High,5,5,Moderate Risk
IBD027618,"Auto Crash, Ogun",2023-07-25,2023-07-25,1,2024,1,Ogun,South West,0,0,Safe,73,Moderate,3,3,Low Risk
IBD027631,"NAF vs Bandits, Zamfara",2023-07-25,2023-07-25,20,2024,1,Zamfara,North West,1,10,Avoid Route,43,Low,1,12,Extreme Danger
IBD027630,"Gunmen vs Policemen, Abia",2023-07-25,2023-07-25,2,2024,1,Abia,South East,1,5,Caution,55,Moderate,3,9,High Risk
IBD027632,"Gunmen Attack, Bauchi",2023-07-25,2023-07-25,7,2024,1,Bauchi,North East,2,8,Avoid Route,17,Low,1,11,High Risk
IBD027635,"Corpse Found, Edo",2023-07-25,2023-07-25,1,2024,1,Edo,South South,0,0,Safe,60,Moderate,3,3,Low Risk
IBD027723,"Assailants vs Policeman, Bauchi",2023-07-25,2023-07-25,1,2024,1,Bauchi,North East,0,0,Safe,19,Low,1,1,Low Risk
IBD027624,"Cult Killing, Anambra",2023-07-25,2023-07-26,2,2024,1,Anambra,South East,0,0,Safe,52,Moderate,3,3,Low Risk
IBD027607,"Auto Crash, Delta",2023-07-24,2023-07-24,1,2024,1,Delta,South South,0,0,Safe,85,High,5,5,Moderate Risk
IBD027612,"Female Corpses, Abia",2023-07-24,2023-07-24,2,2024,1,Abia,South East,0,0,Safe,74,Moderate,3,3,Low Risk
IBD027621,"Security Operatives, Delta",2023-07-24,2023-07-24,1,2024,1,Delta,South South,0,0,Safe,84,High,5,5,Moderate Risk
IBD027623,"Soldiers vs Bandits, Zamfara",2023-07-24,2023-07-24,7,2024,1,Zamfara,North West,1,8,Avoid Route,17,Low,1,10,High Risk
IBD027620,"Police vs Kidnappers, Kogi",2023-07-24,2023-07-24,2,2024,1,Kogi,North Central,1,5,Caution,21,Low,1,7,Moderate Risk
IBD027633,"Yahoo Boy vs Landlord, Delta",2023-07-24,2023-07-24,1,2024,1,Delta,South South,0,0,Safe,93,High,5,5,Moderate Risk
IBD027616,"Police vs Kidnappers, Bauchi",2023-07-23,2023-07-23,2,2024,1,Bauchi,North East,1,5,Caution,32,Low,1,7,Moderate Risk
IBD027604,"Communal Clash, Delta",2023-07-23,2023-07-23,2,2024,1,Delta,South South,0,0,Safe,83,High,5,5,Moderate Risk
IBD027610,"Bandits vs Vigilante, Nasarawa",2023-07-23,2023-07-23,2,2024,1,Nasarawa,North Central,1,5,Caution,26,Low,1,7,Moderate Risk
IBD027606,"Cultists vs Police Inspector, Lagos",2023-07-23,2023-07-23,1,2024,1,Lagos,South West,0,0,Safe,100,High,5,5,Moderate Risk
IBD027595,"Gunmen vs Policemen, Delta",2023-07-23,2023-07-23,2,2024,1,Delta,South South,1,5,Caution,88,High,5,11,High Risk
IBD027622,"Auto Crash, Jigawa",2023-07-23,2023-07-23,8,2024,1,Jigawa,North West,0,3,Safe,47,Low,1,4,Moderate Risk
IBD027603,"Auto Crash, Cross River",2023-07-23,2023-07-23,5,2024,1,Cross River,South South,0,3,Safe,83,High,5,8,High Risk
IBD027615,"Farmers vs Herders, Kogi",2023-07-23,2023-07-23,20,2024,1,Kogi,North Central,0,5,Caution,19,Low,1,6,Moderate Risk
IBD027611,"Kidnappers Kill 2, Anambra",2023-07-23,2023-07-23,13,2024,1,Anambra,South East,1,10,Avoid Route,60,Moderate,3,14,Extreme Danger
IBD027707,"Ritual Killing, Oyo",2023-07-23,2023-07-23,1,2024,1,Oyo,South West,0,0,Safe,22,Low,1,1,Low Risk
IBD027596,"Auto Crash, Ondo",2023-07-23,2023-07-23,1,2024,1,Ondo,South West,0,0,Safe,60,Moderate,3,3,Low Risk
IBD027614,"Police vs Kidnappers, Rivers",2023-07-22,2023-07-22,5,2024,1,Rivers,South South,1,8,Avoid Route,92,High,5,14,Extreme Danger
IBD027684,"Robber Kills Motorcyclist, Akwa Ibom",2023-07-22,2023-07-22,1,2024,1,Akwa Ibom,South South,0,0,Safe,81,High,5,5,Moderate Risk
IBD027588,"Fence Collapsed, Lagos",2023-07-22,2023-07-22,2,2024,1,Lagos,South West,0,0,Safe,84,High,5,5,Moderate Risk
IBD027597,"Auto Crash, Niger",2023-07-22,2023-07-22,2,2024,1,Niger,North Central,0,0,Safe,38,Low,1,1,Low Risk
IBD027605,"Mob vs Robber, Delta",2023-07-22,2023-07-22,1,2024,1,Delta,South South,0,0,Safe,89,High,5,5,Moderate Risk
IBD027666,"Assailants vs Man, Osun",2023-07-22,2023-07-22,1,2024,1,Osun,South West,0,0,Safe,33,Low,1,1,Low Risk
IBD027586,"Auto Crash, Delta",2023-07-22,2023-07-22,1,2024,1,Delta,South South,0,0,Safe,95,High,5,5,Moderate Risk
IBD027601,"Tanker Fire, Ondo",2023-07-22,2023-07-22,15,2024,1,Ondo,South West,0,5,Caution,79,Moderate,3,8,High Risk
IBD027599,"Gunmen vs Man, Katsina",2023-07-22,2023-07-22,1,2024,1,Katsina,North West,1,5,Caution,36,Low,1,7,Moderate Risk
IBD027667,"Man vs Police, Ondo",2023-07-22,2023-07-22,1,2024,1,Ondo,South West,0,0,Safe,62,Moderate,3,3,Low Risk
IBD027598,"Gunmen vs Pilgrims, Plateau",2023-07-22,2023-07-22,9,2024,1,Plateau,North Central,1,8,Avoid Route,18,Low,1,10,High Risk
IBD027820,"Woman vs Neighbour, Kano",2023-07-21,2023-07-21,1,2024,1,Kano,North West,0,0,Safe,13,Low,1,1,Low Risk
IBD027591,"Army vs Bandits, Zamfara",2023-07-21,2023-07-21,4,2024,1,Zamfara,North West,1,8,Avoid Route,40,Low,1,10,High Risk
IBD027590,"Two Killed, Taraba",2023-07-21,2023-07-21,2,2024,1,Taraba,North East,0,0,Safe,28,Low,1,1,Low Risk
IBD027585,"Mentally Man vs Man, Ogun",2023-07-21,2023-07-21,2,2024,1,Ogun,South West,0,0,Safe,78,Moderate,3,3,Low Risk
IBD027608,"Banditry, Taraba",2023-07-21,2023-07-21,2,2024,1,Taraba,North East,1,5,Caution,43,Low,1,7,Moderate Risk
IBD027773,"IPOB/ESN vs Vigilante, Enugu",2023-07-21,2023-07-21,2,2024,1,Enugu,South East,0,0,Safe,61,Moderate,3,3,Low Risk
IBD027582,"NAF vs Terrorists, Borno",2023-07-20,2023-07-20,8,2024,1,Borno,North East,1,8,Avoid Route,37,Low,1,10,High Risk
IBD027575,"Gunmen vs Teacher, Plateau",2023-07-20,2023-07-20,1,2024,1,Plateau,North Central,1,5,Caution,17,Low,1,7,Moderate Risk
IBD027600,"Gunmen vs Herder, FCT (Abuja)",2023-07-20,2023-07-20,1,2024,1,FCT,North Central,1,5,Caution,34,Low,1,7,Moderate Risk
IBD027592,"Poisonous Drink, Ogun",2023-07-20,2023-07-20,2,2024,1,Ogun,South West,0,0,Safe,68,Moderate,3,3,Low Risk
IBD027581,"Auto Crash, Kogi",2023-07-20,2023-07-20,1,2024,1,Kogi,North Central,0,0,Safe,13,Low,1,1,Low Risk
IBD027571,"Generator Fumes, Anambra",2023-07-20,2023-07-20,1,2024,1,Anambra,South East,0,0,Safe,51,Moderate,3,3,Low Risk
IBD027579,"Gunmen vs Vigilante, Imo",2023-07-20,2023-07-20,1,2024,1,Imo,South East,1,5,Caution,76,Moderate,3,9,High Risk
IBD027810,"Domestic Violence, Abia",2023-07-19,2023-07-19,1,2024,1,Abia,South East,0,0,Safe,62,Moderate,3,3,Low Risk
IBD027574,"NAF vs Bandits, Katsina 1",2023-07-19,2023-07-19,11,2024,1,Katsina,North West,1,10,Avoid Route,10,Low,1,12,Extreme Danger
IBD027578,"Bolt Driver, FCT (Abuja)",2023-07-19,2023-07-19,1,2024,1,FCT,North Central,0,0,Safe,31,Low,1,1,Low Risk
IBD027583,"NAF vs Bandits, Katsina 2",2023-07-19,2023-07-19,11,2024,1,Katsina,North West,1,10,Avoid Route,31,Low,1,12,Extreme Danger
IBD027567,"Mysterious Death, Oyo",2023-07-19,2023-07-19,2,2024,1,Oyo,South West,0,0,Safe,37,Low,1,1,Low Risk
IBD027587,"Mob Lynch Suspected Thief, Delta",2023-07-19,2023-07-19,1,2024,1,Delta,South South,0,0,Safe,80,High,5,5,Moderate Risk
IBD027569,"Domestic Violence, Cross River",2023-07-18,2023-07-18,1,2024,1,Cross River,South South,0,0,Safe,81,High,5,5,Moderate Risk
IBD027572,"Mob vs Tricycle Thief, Akwa Ibom",2023-07-18,2023-07-18,1,2024,1,Akwa Ibom,South South,0,0,Safe,97,High,5,5,Moderate Risk
IBD027568,"Armed Robbers, Imo",2023-07-18,2023-07-18,3,2024,1,Imo,South East,0,3,Safe,54,Moderate,3,6,Moderate Risk
IBD027570,"Gunmen Attack, Plateau",2023-07-18,2023-07-18,3,2024,1,Plateau,North Central,2,8,Avoid Route,14,Low,1,11,High Risk
IBD027589,"Poisonous Drink, Ogun",2023-07-18,2023-07-18,6,2024,1,Ogun,South West,0,3,Safe,79,Moderate,3,6,Moderate Risk
IBD027562,"Security Operatives vs Gunmen, Delta",2023-07-17,2023-07-17,2,2024,1,Delta,South South,1,5,Caution,80,High,5,11,High Risk
IBD027565,"Youth Dies in Police Custody, Anambra",2023-07-17,2023-07-17,2,2024,1,Anambra,South East,0,0,Safe,56,Moderate,3,3,Low Risk
IBD027547,"Gunmen Kill Traditional Ruler, Imo",2023-07-17,2023-07-17,1,2024,1,Imo,South East,1,5,Caution,70,Moderate,3,9,High Risk
IBD027558,"Gunmen Kill 6, Benue",2023-07-16,2023-07-16,6,2024,1,Benue,North Central,1,8,Avoid Route,42,Low,1,10,High Risk
IBD027545,"Auto Crash, Lagos",2023-07-16,2023-07-16,4,2024,1,Lagos,South West,0,3,Safe,99,High,5,8,High Risk
IBD027609,"Corps Found, Benue",2023-07-16,2023-07-18,1,2024,1,Benue,North Central,0,0,Safe,37,Low,1,1,Low Risk
IBD027557,"Man vs Mother, Ogun",2023-07-16,2023-07-16,1,2024,1,Ogun,South West,0,0,Safe,74,Moderate,3,3,Low Risk
IBD027580,"Army vs Boko Haram, Borno",2023-07-16,2023-07-16,6,2024,1,Borno,North East,0,3,Safe,42,Low,1,4,Moderate Risk
IBD027564,"Gunmen vs Traditional Ruler, Imo",2023-07-16,2023-07-16,1,2024,1,Imo,South East,1,5,Caution,78,Moderate,3,9,High Risk
IBD027584,"Army vs Bandits, Niger",2023-07-16,2023-07-16,9,2024,1,Niger,North Central,1,8,Avoid Route,34,Low,1,10,High Risk
IBD027549,"Gunmen Kill Councillor, Enugu",2023-07-16,2023-07-16,1,2024,1,Enugu,South East,1,5,Caution,75,Moderate,3,9,High Risk
IBD027573,"Hotel Guest, Anambra",2023-07-15,2023-07-15,1,2024,1,Anambra,South East,0,0,Safe,73,Moderate,3,3,Low Risk
IBD028386,"Auto Crash, Lagos",2023-07-15,2023-07-15,1,2024,1,Lagos,South West,0,0,Safe,84,High,5,5,Moderate Risk
IBD027553,"Air Force vs ISWAP, Borno",2023-07-15,2023-07-16,12,2024,1,Borno,North East,0,5,Caution,41,Low,1,6,Moderate Risk
IBD031999,"Boxer Dies, Lagos",2023-07-15,2023-07-15,1,2024,1,Lagos,South West,0,0,Safe,99,High,5,5,Moderate Risk
IBD027593,"Land Dispute, Lagos",2023-07-15,2023-07-15,1,2024,1,Lagos,South West,0,0,Safe,99,High,5,5,Moderate Risk
IBD027544,"Auto Crash, Lagos",2023-07-15,2023-07-15,1,2024,1,Lagos,South West,0,0,Safe,91,High,5,5,Moderate Risk
IBD027555,"Houseboy vs Boss, Anambra",2023-07-15,2023-07-15,1,2024,1,Anambra,South East,0,0,Safe,73,Moderate,3,3,Low Risk
IBD027552,"Street Fight, Lagos",2023-07-14,2023-07-14,3,2024,1,Lagos,South West,0,3,Safe,81,High,5,8,High Risk
IBD027563,"Electrocution, Lagos",2023-07-14,2023-07-14,1,2024,1,Lagos,South West,0,0,Safe,86,High,5,5,Moderate Risk
IBD027551,"Assailant vs Peacemaker, Lagos",2023-07-14,2023-07-14,1,2024,1,Lagos,South West,0,0,Safe,100,High,5,5,Moderate Risk
IBD027554,"Auto Crash, Kebbi",2023-07-13,2023-07-13,1,2024,1,Kebbi,North West,0,0,Safe,41,Low,1,1,Low Risk
IBD027534,"Kidnappers vs Businessman, Imo",2023-07-13,2023-07-13,1,2024,1,Imo,South East,1,5,Caution,56,Moderate,3,9,High Risk
IBD027561,"Domestic Violence/Ritual, Lagos",2023-07-13,2023-07-13,1,2024,1,Lagos,South West,0,0,Safe,82,High,5,5,Moderate Risk
IBD027542,"Woman Drowns, Kwara",2023-07-13,2023-07-13,1,2024,1,Kwara,North Central,0,0,Safe,32,Low,1,1,Low Risk
IBD027541,"Auto Crash, Kwara",2023-07-13,2023-07-13,10,2024,1,Kwara,North Central,0,5,Caution,25,Low,1,6,Moderate Risk
IBD027559,"Hoodlums vs Woman, Abia",2023-07-13,2023-07-13,1,2024,1,Abia,South East,0,0,Safe,63,Moderate,3,3,Low Risk
IBD027536,"NDLEA vs Boy, Delta",2023-07-13,2023-07-13,1,2024,1,Delta,South South,0,0,Safe,94,High,5,5,Moderate Risk
IBD027526,"Police vs Kidnappers, Anambra",2023-07-12,2023-07-12,2,2024,1,Anambra,South East,1,5,Caution,57,Moderate,3,9,High Risk
IBD027530,"Lightening, Benue",2023-07-12,2023-07-12,3,2024,1,Benue,North Central,0,3,Safe,17,Low,1,4,Moderate Risk
IBD027540,"Domestic Violence, Abia",2023-07-12,2023-07-12,1,2024,1,Abia,South East,0,0,Safe,73,Moderate,3,3,Low Risk
IBD027531,"Cultist vs Policeman, Delta",2023-07-12,2023-07-12,1,2024,1,Delta,South South,0,0,Safe,92,High,5,5,Moderate Risk
IBD027525,"Army vs Bandits, Plateau",2023-07-11,2023-07-11,3,2024,1,Plateau,North Central,1,8,Avoid Route,32,Low,1,10,High Risk
IBD027529,"Police vs Gunmen, Ogun",2023-07-11,2023-07-11,2,2024,1,Ogun,South West,1,5,Caution,70,Moderate,3,9,High Risk
IBD027532,"Businessman, Bauchi",2023-07-11,2023-07-11,1,2024,1,Bauchi,North East,0,0,Safe,25,Low,1,1,Low Risk
IBD027520,"Auto Crash, Enugu",2023-07-11,2023-07-11,6,2024,1,Enugu,South East,0,3,Safe,50,Moderate,3,6,Moderate Risk
IBD027690,"Soldiers vs Bandits, Kaduna",2023-07-11,2023-07-11,2,2024,1,Kaduna,North West,1,5,Caution,33,Low,1,7,Moderate Risk
IBD027518,"Police vs IPOB/ESN, Ebonyi",2023-07-10,2023-07-11,2,2024,1,Ebonyi,South East,0,0,Safe,33,Low,1,1,Low Risk
IBD027524,"Thunderstorm, Kwara",2023-07-10,2023-07-10,3,2024,1,Kwara,North Central,0,3,Safe,47,Low,1,4,Moderate Risk
IBD027521,"Bandits vs Policemen, Zamfara",2023-07-10,2023-07-10,4,2024,1,Zamfara,North West,1,8,Avoid Route,28,Low,1,10,High Risk
IBD027512,"Cult Clash, Edo",2023-07-10,2023-07-10,3,2024,1,Edo,South South,0,3,Safe,52,Moderate,3,6,Moderate Risk
IBD027522,"Drown, FCT (Abuja)",2023-07-10,2023-07-10,1,2024,1,FCT,North Central,0,0,Safe,41,Low,1,1,Low Risk
IBD027947,"Lady Murdered, Lagos",2023-07-10,2023-07-10,1,2024,1,Lagos,South West,0,0,Safe,86,High,5,5,Moderate Risk
IBD027560,"OPC Kills Man, Lagos",2023-07-10,2023-07-10,1,2024,1,Lagos,South West,0,0,Safe,91,High,5,5,Moderate Risk
IBD028121,"Banditry, Kaduna",2023-07-09,2023-07-09,5,2024,1,Kaduna,North West,1,8,Avoid Route,13,Low,1,10,High Risk
IBD027523,"Mob vs Man, Bayelsa",2023-07-09,2023-07-09,1,2024,1,Bayelsa,South South,0,0,Safe,84,High,5,5,Moderate Risk
IBD027519,"Drug Addict vs Cleric, Lagos",2023-07-09,2023-07-09,1,2024,1,Lagos,South West,0,0,Safe,88,High,5,5,Moderate Risk
IBD027515,"Gunmen vs Farmer, Nasarawa",2023-07-09,2023-07-09,1,2024,1,Nasarawa,North Central,1,5,Caution,37,Low,1,7,Moderate Risk
IBD027506,"Auto Crash, Lagos",2023-07-09,2023-07-09,16,2024,1,Lagos,South West,0,5,Caution,84,High,5,10,High Risk
IBD027514,"Youths vs Phone Thief, Delta",2023-07-09,2023-07-09,1,2024,1,Delta,South South,0,0,Safe,100,High,5,5,Moderate Risk
IBD027508,"Cults vs Man, Edo",2023-07-09,2023-07-09,1,2024,1,Edo,South South,0,0,Safe,64,Moderate,3,3,Low Risk
IBD027510,"Gunmen Attack, Plateau",2023-07-09,2023-07-09,8,2024,1,Plateau,North Central,2,8,Avoid Route,36,Low,1,11,High Risk
IBD027503,"Electrocution, Delta",2023-07-08,2023-07-08,1,2024,1,Delta,South South,0,0,Safe,89,High,5,5,Moderate Risk
IBD027502,"Auto Crash, FCT (Abuja)",2023-07-08,2023-07-08,4,2024,1,FCT,North Central,0,3,Safe,44,Low,1,4,Moderate Risk
IBD027516,"Decomposed Body, Benue",2023-07-08,2023-07-08,1,2024,1,Benue,North Central,0,0,Safe,34,Low,1,1,Low Risk
IBD027499,"IPOB/ESN Kill 2, Imo",2023-07-08,2023-07-08,2,2024,1,Imo,South East,0,0,Safe,51,Moderate,3,3,Low Risk
IBD027528,"Electrocution, Lagos",2023-07-08,2023-07-08,1,2024,1,Lagos,South West,0,0,Safe,80,High,5,5,Moderate Risk
IBD027513,"Decomposed Body, FCT (Abuja)",2023-07-08,2023-07-08,1,2024,1,FCT,North Central,0,0,Safe,37,Low,1,1,Low Risk
IBD027501,"Gunmen Kill 23, Benue",2023-07-08,2023-07-08,25,2024,1,Benue,North Central,1,10,Avoid Route,10,Low,1,12,Extreme Danger
IBD027493,"Immigration Officer vs Protester, Ogun",2023-07-08,2023-07-08,1,2024,1,Ogun,South West,0,0,Safe,75,Moderate,3,3,Low Risk
IBD027504,"Gunmen Attack, Plateau",2023-07-08,2023-07-08,11,2024,1,Plateau,North Central,2,10,Avoid Route,20,Low,1,13,Extreme Danger
IBD028611,"Mysterious Death, Anambra",2023-07-08,2023-07-08,1,2024,1,Anambra,South East,0,0,Safe,75,Moderate,3,3,Low Risk
IBD027539,"Woman vs Baby, Adamawa",2023-07-08,2023-07-08,1,2024,1,Adamawa,North East,0,0,Safe,26,Low,1,1,Low Risk
IBD030066,"Cult Clash, Kwara",2023-07-07,2023-07-07,1,2024,1,Kwara,North Central,0,0,Safe,21,Low,1,1,Low Risk
IBD027497,"Soldiers vs Bandits, Zamfara",2023-07-07,2023-07-07,4,2024,1,Zamfara,North West,1,8,Avoid Route,37,Low,1,10,High Risk
IBD027498,"Police vs IPOB/ESN, Enugu",2023-07-07,2023-07-07,4,2024,1,Enugu,South East,0,3,Safe,79,Moderate,3,6,Moderate Risk
IBD027505,"Inferno, Adamawa",2023-07-07,2023-07-08,3,2024,1,Adamawa,North East,0,3,Safe,14,Low,1,4,Moderate Risk
IBD027507,"Bike Thief, FCT (Abuja)",2023-07-07,2023-07-07,1,2024,1,FCT,North Central,0,0,Safe,14,Low,1,1,Low Risk
IBD027509,"Cult Killing, Lagos",2023-07-07,2023-07-08,1,2024,1,Lagos,South West,0,0,Safe,98,High,5,5,Moderate Risk
IBD027496,"Gunmen Attack, Plateau",2023-07-06,2023-07-06,5,2024,1,Plateau,North Central,2,8,Avoid Route,16,Low,1,11,High Risk
IBD027492,"Police vs Cultists/Kidnappers, Rivers",2023-07-06,2023-07-06,6,2024,1,Rivers,South South,1,8,Avoid Route,92,High,5,14,Extreme Danger
IBD027535,"Alcohol Competition, Delta",2023-07-06,2023-07-06,1,2024,1,Delta,South South,0,0,Safe,89,High,5,5,Moderate Risk
IBD027479,"Pregnant Woman, Nasarawa",2023-07-05,2023-07-05,1,2024,1,Nasarawa,North Central,0,0,Safe,15,Low,1,1,Low Risk
IBD027500,"Fulani Gunmen Attack, Plateau",2023-07-05,2023-07-05,4,2024,1,Plateau,North Central,2,8,Avoid Route,26,Low,1,11,High Risk
IBD027491,"Native Doctor Kill Woman, Kwara",2023-07-05,2023-07-05,1,2024,1,Kwara,North Central,0,0,Safe,31,Low,1,1,Low Risk
IBD027494,"Wife vs Husband, Bauchi",2023-07-05,2023-07-05,1,2024,1,Bauchi,North East,0,0,Safe,19,Low,1,1,Low Risk
IBD027486,"ISWAP vs Boko Haram, Borno",2023-07-05,2023-07-05,40,2024,1,Borno,North East,0,5,Caution,38,Low,1,6,Moderate Risk
IBD027483,"Cult Killing, Lagos",2023-07-05,2023-07-05,4,2024,1,Lagos,South West,0,3,Safe,80,High,5,8,High Risk
IBD027482,"Gunmen Attack, Plateau",2023-07-05,2023-07-05,2,2024,1,Plateau,North Central,2,5,Caution,14,Low,1,8,High Risk
IBD027478,"WAEC Student, Ondo",2023-07-05,2023-07-05,1,2024,1,Ondo,South West,0,0,Safe,61,Moderate,3,3,Low Risk
IBD027457,"Policeman, Kano",2023-07-04,2023-07-04,1,2024,1,Kano,North West,0,0,Safe,14,Low,1,1,Low Risk
IBD027489,"Army vs Terrorists Commander, Borno",2023-07-04,2023-07-04,1,2024,1,Borno,North East,1,5,Caution,31,Low,1,7,Moderate Risk
IBD027485,"Hoodlums Kill Man, Ogun",2023-07-04,2023-07-04,1,2024,1,Ogun,South West,0,0,Safe,54,Moderate,3,3,Low Risk
IBD027538,"Husband vs Wife, Plateau",2023-07-04,2023-07-05,1,2024,1,Plateau,North Central,0,0,Safe,36,Low,1,1,Low Risk
IBD027517,"Wife vs Husband, Oyo",2023-07-04,2023-07-04,1,2024,1,Oyo,South West,0,0,Safe,15,Low,1,1,Low Risk
IBD027481,"Herders vs Farmer, Benue",2023-07-04,2023-07-04,1,2024,1,Benue,North Central,0,0,Safe,39,Low,1,1,Low Risk
IBD027470,"Mob vs Robbers, Anambra",2023-07-03,2023-07-03,2,2024,1,Anambra,South East,0,0,Safe,65,Moderate,3,3,Low Risk
IBD027467,"Gunmen vs Guard, Benue",2023-07-03,2023-07-03,1,2024,1,Benue,North Central,1,5,Caution,22,Low,1,7,Moderate Risk
IBD027477,"Flood Disaster, Katsina",2023-07-03,2023-07-03,2,2024,1,Katsina,North West,0,0,Safe,46,Low,1,1,Low Risk
IBD027469,"Gunmen Attack, Taraba",2023-07-02,2023-07-02,3,2024,1,Taraba,North East,2,8,Avoid Route,45,Low,1,11,High Risk
IBD027468,"Butcher, Oyo",2023-07-02,2023-07-02,1,2024,1,Oyo,South West,0,0,Safe,15,Low,1,1,Low Risk
IBD027471,"Thunderstorm, Kebbi",2023-07-02,2023-07-02,3,2024,1,Kebbi,North West,0,3,Safe,35,Low,1,4,Moderate Risk
IBD027466,"Woman vs Policewoman, Anambra",2023-07-02,2023-07-02,3,2024,1,Anambra,South East,0,3,Safe,75,Moderate,3,6,Moderate Risk
IBD027458,"Security Operatives Kill Pastor, Ogun",2023-07-01,2023-07-01,2,2024,1,Ogun,South West,0,0,Safe,58,Moderate,3,3,Low Risk
IBD027462,"Gunmen Kill Vigilante, Kogi",2023-07-01,2023-07-01,1,2024,1,Kogi,North Central,1,5,Caution,17,Low,1,7,Moderate Risk
IBD027460,"Gunmen Attack, Plateau",2023-07-01,2023-07-01,3,2024,1,Plateau,North Central,2,8,Avoid Route,24,Low,1,11,High Risk
IBD027456,"Man Stabs Boy, Lagos",2023-07-01,2023-07-01,1,2024,1,Lagos,South West,0,0,Safe,89,High,5,5,Moderate Risk
IBD027453,"Communal Clash, Taraba",2023-07-01,2023-07-01,36,2024,1,Taraba,North East,0,5,Caution,19,Low,1,6,Moderate Risk
IBD027480,"Kidnappers Kill Woman, delta",2023-07-01,2023-07-01,1,2024,1,Delta,South South,1,5,Caution,81,High,5,11,High Risk
IBD027450,"Auto Crash, Anambra",2023-07-01,2023-07-01,10,2024,1,Anambra,South East,0,5,Caution,65,Moderate,3,8,High Risk
IBD027594,"Husband vs Wife Lover, Adamawa",2023-06-30,2023-06-30,1,2024,1,Adamawa,North East,0,0,Safe,12,Low,1,1,Low Risk
IBD027464,"Cult Attack, Anambra",2023-06-30,2023-07-01,17,2024,1,Anambra,South East,1,10,Avoid Route,52,Moderate,3,14,Extreme Danger
IBD027448,"Gunmen Kill 1, Benue",2023-06-30,2023-06-30,1,2024,1,Benue,North Central,1,5,Caution,14,Low,1,7,Moderate Risk
IBD027463,"Boko Haram Attack, Borno",2023-06-30,2023-06-30,6,2024,1,Borno,North East,1,8,Avoid Route,47,Low,1,10,High Risk
IBD027537,"Cult Clash, Anambra",2023-06-30,2023-06-30,2,2024,1,Anambra,South East,0,0,Safe,56,Moderate,3,3,Low Risk
IBD027444,"Auto Crash, Delta",2023-06-30,2023-06-30,2,2024,1,Delta,South South,0,0,Safe,92,High,5,5,Moderate Risk
IBD027465,"Police vs Kidnappers, Ebonyi",2023-06-30,2023-06-30,2,2024,1,Ebonyi,South East,1,5,Caution,48,Low,1,7,Moderate Risk
IBD027452,"Gunmen vs Motorcyclist, Osun",2023-06-30,2023-06-30,1,2024,1,Osun,South West,1,5,Caution,28,Low,1,7,Moderate Risk
IBD027447,"Auto Crash, Ogun",2023-06-30,2023-06-30,3,2024,1,Ogun,South West,0,3,Safe,63,Moderate,3,6,Moderate Risk
IBD027451,"Auto Crash, Osun",2023-06-30,2023-06-30,1,2024,1,Osun,South West,0,0,Safe,30,Low,1,1,Low Risk
IBD027435,"Customs Officers vs Man, Oyo",2023-06-29,2023-06-29,1,2024,1,Oyo,South West,0,0,Safe,11,Low,1,1,Low Risk
IBD027425,"Auto Crash, Edo",2023-06-29,2023-06-29,12,2024,1,Edo,South South,0,5,Caution,70,Moderate,3,8,High Risk
IBD027446,"Witchcraft, Cross River",2023-06-29,2023-06-29,2,2024,1,Cross River,South South,0,0,Safe,85,High,5,5,Moderate Risk
IBD027439,"Mob vs Thieves, Nasarawa",2023-06-29,2023-06-29,2,2024,1,Nasarawa,North Central,0,0,Safe,37,Low,1,1,Low Risk
IBD027461,"Student Drowns, Edo",2023-06-29,2023-06-29,1,2024,1,Edo,South South,0,0,Safe,71,Moderate,3,3,Low Risk
IBD027459,"Soldiers vs Vigilante, Enugu",2023-06-29,2023-06-29,2,2024,1,Enugu,South East,0,0,Safe,52,Moderate,3,3,Low Risk
IBD027455,"Bandits Kill Woman, Niger",2023-06-28,2023-06-28,6,2024,1,Niger,North Central,1,8,Avoid Route,10,Low,1,10,High Risk
IBD027436,"Domestic Violence, Kebbi",2023-06-28,2023-06-28,1,2024,1,Kebbi,North West,0,0,Safe,35,Low,1,1,Low Risk
IBD027441,"Domestic Violence/Sorcery, Delta",2023-06-28,2023-06-28,2,2024,1,Delta,South South,0,0,Safe,81,High,5,5,Moderate Risk
IBD027543,"Cult Killing, Lagos",2023-06-28,2023-06-28,1,2024,1,Lagos,South West,0,0,Safe,96,High,5,5,Moderate Risk
IBD027495,"Cult Clash, Edo",2023-06-28,2023-06-28,4,2024,1,Edo,South South,0,3,Safe,61,Moderate,3,6,Moderate Risk
IBD027472,"Gunmen vs Vigilantes, Zamfara",2023-06-28,2023-06-28,5,2024,1,Zamfara,North West,1,8,Avoid Route,35,Low,1,10,High Risk
IBD027449,"Auto Crash, Osun",2023-06-28,2023-06-28,2,2024,1,Osun,South West,0,0,Safe,34,Low,1,1,Low Risk
IBD027433,"Cultists vs Student, Akwa Ibom",2023-06-27,2023-06-27,1,2024,1,Akwa Ibom,South South,0,0,Safe,81,High,5,5,Moderate Risk
IBD027474,"Domestic Violence, Borno",2023-06-27,2023-06-27,1,2024,1,Borno,North East,0,0,Safe,35,Low,1,1,Low Risk
IBD027427,"Gunmen Attack, Plateau",2023-06-27,2023-06-27,2,2024,1,Plateau,North Central,2,5,Caution,44,Low,1,8,High Risk
IBD027437,"Police vs Terrorists, Katsina",2023-06-27,2023-06-27,2,2024,1,Katsina,North West,1,5,Caution,23,Low,1,7,Moderate Risk
IBD027438,"Student Drowns, Delta",2023-06-27,2023-06-27,1,2024,1,Delta,South South,0,0,Safe,95,High,5,5,Moderate Risk
IBD027533,"Rape Victim, Ogun",2023-06-27,2023-06-27,1,2024,1,Ogun,South West,0,0,Safe,77,Moderate,3,3,Low Risk
IBD027429,"Security Operatives vs Thug, Oyo",2023-06-27,2023-06-27,1,2024,1,Oyo,South West,0,0,Safe,30,Low,1,1,Low Risk
IBD027440,"Gunmen vs Villager, Bauchi",2023-06-26,2023-06-26,1,2024,1,Bauchi,North East,1,5,Caution,49,Low,1,7,Moderate Risk
IBD027412,"Auto Crash, Oyo",2023-06-26,2023-06-26,1,2024,1,Oyo,South West,0,0,Safe,32,Low,1,1,Low Risk
IBD027423,"Thugs vs Naval Officer, Ondo",2023-06-26,2023-06-26,1,2024,1,Ondo,South West,0,0,Safe,66,Moderate,3,3,Low Risk
IBD027422,"Army vs ISWAP, Borno",2023-06-26,2023-06-26,40,2024,1,Borno,North East,0,5,Caution,38,Low,1,6,Moderate Risk
IBD027428,"Boko Haram vs Farmers, Borno",2023-06-26,2023-06-26,7,2024,1,Borno,North East,0,3,Safe,14,Low,1,4,Moderate Risk
IBD027421,"Gunmen Attack, Plateau",2023-06-26,2023-06-26,5,2024,1,Plateau,North Central,2,8,Avoid Route,20,Low,1,11,High Risk
IBD027408,"Flood Incident, Edo",2023-06-26,2023-06-26,1,2024,1,Edo,South South,0,0,Safe,79,Moderate,3,3,Low Risk
IBD027408,"Flood Incident, Edo",2023-06-26,2023-06-26,1,2024,1,Edo,South South,0,0,Safe,61,Moderate,3,3,Low Risk
IBD027473,"Domestic Violence, Ekiti",2023-06-26,2023-06-26,3,2024,1,Ekiti,South West,0,3,Safe,36,Low,1,4,Moderate Risk
IBD027421,"Gunmen Attack, Plateau",2023-06-26,2023-06-26,5,2024,1,Plateau,North Central,2,8,Avoid Route,22,Low,1,11,High Risk
IBD027423,"Thugs vs Naval Officer, Ondo",2023-06-26,2023-06-26,1,2024,1,Ondo,South West,0,0,Safe,71,Moderate,3,3,Low Risk
IBD027413,"Auto Crash, Ogun",2023-06-26,2023-06-26,1,2024,1,Ogun,South West,0,0,Safe,63,Moderate,3,3,Low Risk
IBD027428,"Boko Haram vs Farmers, Borno",2023-06-26,2023-06-26,7,2024,1,Borno,North East,0,3,Safe,39,Low,1,4,Moderate Risk
IBD029691,"Gas Explosion, Lagos",2023-06-25,2023-06-25,3,2024,1,Lagos,South West,0,3,Safe,89,High,5,8,High Risk
IBD027414,"Boat Mishap, Akwa Ibom",2023-06-25,2023-06-25,10,2024,1,Akwa Ibom,South South,0,5,Caution,87,High,5,10,High Risk
IBD027417,"Auto Crash, Kogi",2023-06-25,2023-06-25,2,2024,1,Kogi,North Central,0,0,Safe,47,Low,1,1,Low Risk
IBD027426,"Banditry, Katsina",2023-06-25,2023-06-25,1,2024,1,Katsina,North West,1,5,Caution,48,Low,1,7,Moderate Risk
IBD027394,"Blasphemy, Sokoto",2023-06-25,2023-06-25,1,2024,1,Sokoto,North West,0,0,Safe,24,Low,1,1,Low Risk
IBD027404,"Gunmen Kill 2, Imo",2023-06-25,2023-06-25,2,2024,1,Imo,South East,1,5,Caution,65,Moderate,3,9,High Risk
IBD027399,"Police vs Kidnapers, Abia",2023-06-25,2023-06-25,3,2024,1,Abia,South East,1,8,Avoid Route,59,Moderate,3,12,Extreme Danger
IBD027410,"Auto Crash, Oyo",2023-06-25,2023-06-25,6,2024,1,Oyo,South West,0,3,Safe,32,Low,1,4,Moderate Risk
IBD027393,"Auto Crash, Kogi",2023-06-25,2023-06-25,2,2024,1,Kogi,North Central,0,0,Safe,34,Low,1,1,Low Risk
IBD027406,"Herdsmen vs Farmer, Benue",2023-06-25,2023-06-25,1,2024,1,Benue,North Central,1,5,Caution,37,Low,1,7,Moderate Risk
IBD027546,"Auto Crash, Ogun",2023-06-24,2023-06-24,1,2024,1,Ogun,South West,0,0,Safe,69,Moderate,3,3,Low Risk
IBD027402,"Assailants vs Naval Rating, Lagos",2023-06-24,2023-06-24,1,2024,1,Lagos,South West,0,0,Safe,97,High,5,5,Moderate Risk
IBD027415,"Boat Mishap, Delta",2023-06-24,2023-06-24,10,2024,1,Delta,South South,0,5,Caution,85,High,5,10,High Risk
IBD027419,"Auto Crash/Sorcery, Kwara",2023-06-24,2023-06-24,1,2024,1,Kwara,North Central,0,0,Safe,27,Low,1,1,Low Risk
IBD027443,"Police vs Armed Robbers, Gombe",2023-06-24,2023-06-24,1,2024,1,Gombe,North East,0,0,Safe,31,Low,1,1,Low Risk
IBD027401,"Auto Crash, Ogun",2023-06-24,2023-06-24,1,2024,1,Ogun,South West,0,0,Safe,69,Moderate,3,3,Low Risk
IBD027416,"Herdsmen vs Farmer, Kogi",2023-06-24,2023-06-24,1,2024,1,Kogi,North Central,1,5,Caution,48,Low,1,7,Moderate Risk
IBD027388,"Boat Mishap, Cross River",2023-06-24,2023-06-24,4,2024,1,Cross River,South South,0,3,Safe,84,High,5,8,High Risk
IBD027390,"Boat Mishap, Delta",2023-06-24,2023-06-24,6,2024,1,Delta,South South,0,3,Safe,90,High,5,8,High Risk
IBD027397,"Cult Killing, Rivers",2023-06-23,2023-06-23,2,2024,1,Rivers,South South,0,0,Safe,85,High,5,5,Moderate Risk
IBD027376,"Auto Crash, Lagos",2023-06-23,2023-06-23,1,2024,1,Lagos,South West,0,0,Safe,87,High,5,5,Moderate Risk
IBD027396,"Police vs Kidnappers, Delta",2023-06-23,2023-06-23,1,2024,1,Delta,South South,1,5,Caution,90,High,5,11,High Risk
IBD027385,"Gunmen vs Security Operative, Enugu",2023-06-23,2023-06-23,1,2024,1,Enugu,South East,1,5,Caution,67,Moderate,3,9,High Risk
IBD027381,"Flood Disaster, FCT (Abuja)",2023-06-23,2023-06-23,1,2024,1,FCT,North Central,0,0,Safe,10,Low,1,1,Low Risk
IBD027391,"ISWAP vs Boko Haram, Borno",2023-06-23,2023-06-23,40,2024,1,Borno,North East,0,5,Caution,37,Low,1,6,Moderate Risk
IBD027389,"Gunmen vs Miners, Plateau",2023-06-23,2023-06-23,3,2024,1,Plateau,North Central,1,8,Avoid Route,36,Low,1,10,High Risk
IBD027387,"Hoodlums vs Chief, Kwara",2023-06-23,2023-06-23,1,2024,1,Kwara,North Central,0,0,Safe,45,Low,1,1,Low Risk
IBD027392,"Twin Sisters vs Brother, Cross River",2023-06-23,2023-06-23,1,2024,1,Cross River,South South,0,0,Safe,97,High,5,5,Moderate Risk
IBD027488,"Army vs Terrorists, Borno",2023-06-22,2023-06-22,5,2024,1,Borno,North East,1,8,Avoid Route,26,Low,1,10,High Risk
IBD027379,"Boko Haram Attack, Borno",2023-06-22,2023-06-22,8,2024,1,Borno,North East,1,8,Avoid Route,12,Low,1,10,High Risk
IBD027411,"Kidnappers vs Lawyer, Ondo",2023-06-22,2023-06-22,1,2024,1,Ondo,South West,1,5,Caution,77,Moderate,3,9,High Risk
IBD027372,"Bandits vs Farmers, Kaduna",2023-06-22,2023-06-22,3,2024,1,Kaduna,North West,1,8,Avoid Route,33,Low,1,10,High Risk
IBD027373,"Police vs Armed Robber, Kogi",2023-06-22,2023-06-22,1,2024,1,Kogi,North Central,0,0,Safe,28,Low,1,1,Low Risk
IBD027382,"Police vs Armed Robbers, Delta",2023-06-22,2023-06-22,3,2024,1,Delta,South South,0,3,Safe,87,High,5,8,High Risk
IBD027484,"Army vs Terrorists, Borno",2023-06-22,2023-06-26,27,2024,1,Borno,North East,1,10,Avoid Route,31,Low,1,12,Extreme Danger
IBD027409,"Army vs ISWAP, Borno",2023-06-22,2023-06-22,6,2024,1,Borno,North East,0,3,Safe,28,Low,1,4,Moderate Risk
IBD027365,"Gunmen vs Forest Guard, Ondo",2023-06-21,2023-06-21,1,2024,1,Ondo,South West,1,5,Caution,54,Moderate,3,9,High Risk
IBD027420,"Cultism, Lagos",2023-06-21,2023-06-21,1,2024,1,Lagos,South West,0,0,Safe,100,High,5,5,Moderate Risk
IBD027556,"Domestic Violence, Delta",2023-06-21,2023-06-21,1,2024,1,Delta,South South,0,0,Safe,83,High,5,5,Moderate Risk
IBD027364,"Banditry, Plateau",2023-06-21,2023-06-21,14,2024,1,Plateau,North Central,1,10,Avoid Route,20,Low,1,12,Extreme Danger
IBD027377,"Domestic Violence, Edo",2023-06-21,2023-06-21,1,2024,1,Edo,South South,0,0,Safe,65,Moderate,3,3,Low Risk
IBD027398,"Cult Killing, Ogun",2023-06-20,2023-06-23,1,2024,1,Ogun,South West,0,0,Safe,67,Moderate,3,3,Low Risk
IBD027363,"Mob vs Thief, Abia",2023-06-20,2023-06-20,1,2024,1,Abia,South East,0,0,Safe,64,Moderate,3,3,Low Risk
IBD027366,"Banditry, Plateau",2023-06-20,2023-06-20,7,2024,1,Plateau,North Central,1,8,Avoid Route,49,Low,1,10,High Risk
IBD027407,"Flood Disaster, Ondo",2023-06-20,2023-06-23,2,2024,1,Ondo,South West,0,0,Safe,64,Moderate,3,3,Low Risk
IBD027370,"Domestic Violence, Adamawa",2023-06-20,2023-06-20,1,2024,1,Adamawa,North East,0,0,Safe,41,Low,1,1,Low Risk
IBD027367,"Company Negligence, FCT (Abuja)",2023-06-20,2023-06-20,1,2024,1,FCT,North Central,0,0,Safe,42,Low,1,1,Low Risk
IBD027418,"Cultism, Lagos",2023-06-20,2023-06-20,1,2024,1,Lagos,South West,0,0,Safe,82,High,5,5,Moderate Risk
IBD027383,"Employer vs Hotel Worker, Rivers",2023-06-20,2023-06-20,1,2024,1,Rivers,South South,0,0,Safe,100,High,5,5,Moderate Risk
IBD027362,"Vigilante vs Man, Rivers",2023-06-19,2023-06-19,1,2024,1,Rivers,South South,0,0,Safe,84,High,5,5,Moderate Risk
IBD027356,"Vigilante vs Gunmen, Anambra",2023-06-19,2023-06-19,3,2024,1,Anambra,South East,1,8,Avoid Route,78,Moderate,3,12,Extreme Danger
IBD027360,"Building Collapse, Niger",2023-06-19,2023-06-19,1,2024,1,Niger,North Central,0,0,Safe,34,Low,1,1,Low Risk
IBD027368,"Security Operatives vs Community, Plateau",2023-06-19,2023-06-19,1,2024,1,Plateau,North Central,0,0,Safe,31,Low,1,1,Low Risk
IBD027361,"Inside The Well, Kwara",2023-06-19,2023-06-19,1,2024,1,Kwara,North Central,0,0,Safe,29,Low,1,1,Low Risk
IBD027369,"Gunmen Attack, Plateau",2023-06-19,2023-06-19,3,2024,1,Plateau,North Central,2,8,Avoid Route,30,Low,1,11,High Risk
IBD027357,"Gunmen Killing, Ebonyi",2023-06-18,2023-06-18,2,2024,1,Ebonyi,South East,1,5,Caution,25,Low,1,7,Moderate Risk
IBD027355,"Police vs Kidnapper, Delta",2023-06-18,2023-06-18,1,2024,1,Delta,South South,1,5,Caution,86,High,5,11,High Risk
IBD027487,"Spiritual Deliverance, Lagos",2023-06-18,2023-06-18,2,2024,1,Lagos,South West,0,0,Safe,98,High,5,5,Moderate Risk
IBD027359,"Cult Killing, Delta",2023-06-18,2023-06-18,4,2024,1,Delta,South South,0,3,Safe,86,High,5,8,High Risk
IBD027354,"Bandits Kill 6, Plateau",2023-06-18,2023-06-18,6,2024,1,Plateau,North Central,1,8,Avoid Route,41,Low,1,10,High Risk
IBD027346,"Communal Clash, Plateau",2023-06-18,2023-06-18,2,2024,1,Plateau,North Central,0,0,Safe,17,Low,1,1,Low Risk
IBD027348,"Security Operatives vs Bandits, Katsina",2023-06-17,2023-06-17,5,2024,1,Katsina,North West,1,8,Avoid Route,12,Low,1,10,High Risk
IBD027340,"Auto Crash, Ogun",2023-06-17,2023-06-17,2,2024,1,Ogun,South West,0,0,Safe,66,Moderate,3,3,Low Risk
IBD027338,"Gunmen Kill 8, Plateau",2023-06-17,2023-06-18,13,2024,1,Plateau,North Central,1,10,Avoid Route,29,Low,1,12,Extreme Danger
IBD027335,"Auto Crash, Delta",2023-06-17,2023-06-17,3,2024,1,Delta,South South,0,3,Safe,80,High,5,8,High Risk
IBD027352,"Gunmen Kill 10, Rivers",2023-06-17,2023-06-17,10,2024,1,Rivers,South South,1,10,Avoid Route,99,High,5,16,Extreme Danger
IBD027347,"Found Dead, Kwara",2023-06-17,2023-06-17,1,2024,1,Kwara,North Central,0,0,Safe,49,Low,1,1,Low Risk
IBD027336,"Auto Crash, Oyo",2023-06-17,2023-06-17,5,2024,1,Oyo,South West,0,3,Safe,21,Low,1,4,Moderate Risk
IBD027343,"Bandits Kill 5, Kaduna",2023-06-17,2023-06-17,5,2024,1,Kaduna,North West,1,8,Avoid Route,42,Low,1,10,High Risk
IBD027386,"Rape Victim, Ebonyi",2023-06-17,2023-06-17,1,2024,1,Ebonyi,South East,0,0,Safe,11,Low,1,1,Low Risk
IBD028158,"Security Man Kill Girlfriend, Lagos",2023-06-17,2023-06-17,1,2024,1,Lagos,South West,0,0,Safe,90,High,5,5,Moderate Risk
IBD027341,"Auto Crash, Imo",2023-06-16,2023-06-16,6,2024,1,Imo,South East,0,3,Safe,50,Moderate,3,6,Moderate Risk
IBD027344,"Gunmen vs Police, Imo",2023-06-16,2023-06-16,1,2024,1,Imo,South East,1,5,Caution,62,Moderate,3,9,High Risk
IBD027350,"Man vs Lover, Delta",2023-06-16,2023-06-16,1,2024,1,Delta,South South,0,0,Safe,99,High,5,5,Moderate Risk
IBD027339,"Boko Harm vs Farmers, Borno",2023-06-16,2023-06-16,9,2024,1,Borno,North East,0,3,Safe,40,Low,1,4,Moderate Risk
IBD027351,"Army vs ISWAP, Borno",2023-06-16,2023-06-16,42,2024,1,Borno,North East,0,5,Caution,30,Low,1,6,Moderate Risk
IBD027353,"Cultist vs Student, Taraba",2023-06-16,2023-06-16,1,2024,1,Taraba,North East,0,0,Safe,45,Low,1,1,Low Risk
IBD027333,"Assailants vs Student, Oyo",2023-06-16,2023-06-16,1,2024,1,Oyo,South West,0,0,Safe,41,Low,1,1,Low Risk
IBD027454,"Man vs Son, Akwa Ibom",2023-06-16,2023-06-16,1,2024,1,Akwa Ibom,South South,0,0,Safe,80,High,5,5,Moderate Risk
IBD027329,"Police vs Kidnappers, Rivers",2023-06-16,2023-06-16,3,2024,1,Rivers,South South,1,8,Avoid Route,91,High,5,14,Extreme Danger
IBD027323,"Building Collapse, Kano",2023-06-16,2023-06-16,1,2024,1,Kano,North West,0,0,Safe,40,Low,1,1,Low Risk
IBD027332,"Sex Romp, Rivers",2023-06-16,2023-06-16,1,2024,1,Rivers,South South,0,0,Safe,98,High,5,5,Moderate Risk
IBD029707,"Ritual Killing, Ondo",2023-06-15,2023-06-15,1,2024,1,Ondo,South West,0,0,Safe,75,Moderate,3,3,Low Risk
IBD027334,"Boko Haram Attack, Borno",2023-06-15,2023-06-15,15,2024,1,Borno,North East,1,10,Avoid Route,15,Low,1,12,Extreme Danger
IBD027320,"Electrocution, Kogi",2023-06-15,2023-06-15,1,2024,1,Kogi,North Central,0,0,Safe,18,Low,1,1,Low Risk
IBD027345,"Auto Crash, Enugu",2023-06-15,2023-06-15,3,2024,1,Enugu,South East,0,3,Safe,53,Moderate,3,6,Moderate Risk
IBD027358,"Medical Negligence, Delta",2023-06-15,2023-06-15,1,2024,1,Delta,South South,0,0,Safe,99,High,5,5,Moderate Risk
IBD027349,"Flooding, Lagos",2023-06-15,2023-06-15,8,2024,1,Lagos,South West,0,3,Safe,86,High,5,8,High Risk
IBD028435,"Flood Disaster, Gombe",2023-06-15,2023-06-15,2,2024,1,Gombe,North East,0,0,Safe,40,Low,1,1,Low Risk
IBD027325,"Police vs Bandits, Katsina",2023-06-14,2023-06-14,1,2024,1,Katsina,North West,1,5,Caution,41,Low,1,7,Moderate Risk
IBD027322,"Man Killed, Delta",2023-06-14,2023-06-14,1,2024,1,Delta,South South,0,0,Safe,87,High,5,5,Moderate Risk
IBD027319,"Kidnappers vs Man, Ondo",2023-06-14,2023-06-14,1,2024,1,Ondo,South West,1,5,Caution,68,Moderate,3,9,High Risk
IBD027318,"Kidnappers vs Vigilantes, Kwara",2023-06-13,2023-06-13,1,2024,1,Kwara,North Central,1,5,Caution,38,Low,1,7,Moderate Risk
IBD027331,"Communal Clash, Benue",2023-06-13,2023-06-13,14,2024,1,Benue,North Central,0,5,Caution,24,Low,1,6,Moderate Risk
IBD027317,"Thunder Strike, Niger",2023-06-13,2023-06-13,1,2024,1,Niger,North Central,0,0,Safe,29,Low,1,1,Low Risk
IBD027302,"Cultism, Lagos",2023-06-13,2023-06-13,1,2024,1,Lagos,South West,0,0,Safe,91,High,5,5,Moderate Risk
IBD027342,"Sex Romp, Imo",2023-06-13,2023-06-13,1,2024,1,Imo,South East,0,0,Safe,56,Moderate,3,3,Low Risk
IBD027316,"Kidnapper, Bauchi",2023-06-13,2023-06-13,1,2024,1,Bauchi,North East,1,5,Caution,22,Low,1,7,Moderate Risk
IBD027314,"Police vs Robbers, Rivers",2023-06-13,2023-06-13,4,2024,1,Rivers,South South,0,3,Safe,87,High,5,8,High Risk
IBD027307,"Electrocution, Lagos",2023-06-12,2023-06-12,1,2024,1,Lagos,South West,0,0,Safe,83,High,5,5,Moderate Risk
IBD027337,"Gunmen Kill Man, Ondo",2023-06-12,2023-06-12,1,2024,1,Ondo,South West,1,5,Caution,59,Moderate,3,9,High Risk
IBD027312,"Communal Clash, Benue",2023-06-12,2023-06-12,1,2024,1,Benue,North Central,0,0,Safe,30,Low,1,1,Low Risk
IBD027300,"Auto Crash, Delta",2023-06-12,2023-06-12,3,2024,1,Delta,South South,0,3,Safe,92,High,5,8,High Risk
IBD027310,"Boat Mishap, Kwara",2023-06-12,2023-06-12,104,2024,1,Kwara,North Central,0,5,Caution,15,Low,1,6,Moderate Risk
IBD027296,"Police vs Kidnapper, Delta",2023-06-12,2023-06-12,1,2024,1,Delta,South South,1,5,Caution,85,High,5,11,High Risk
IBD027305,"Bandit vs Doctor, Zamfara",2023-06-12,2023-06-12,1,2024,1,Zamfara,North West,1,5,Caution,10,Low,1,7,Moderate Risk
IBD027293,"Auto Crash, Delta",2023-06-12,2023-06-12,4,2024,1,Delta,South South,0,3,Safe,98,High,5,8,High Risk
IBD027295,"Witchcraft, Adamawa",2023-06-11,2023-06-11,2,2024,1,Adamawa,North East,0,0,Safe,16,Low,1,1,Low Risk
IBD027291,"Auto Crash, kogi",2023-06-11,2023-06-11,6,2024,1,Kogi,North Central,0,3,Safe,11,Low,1,4,Moderate Risk
IBD027311,"Man Drowns, Enugu",2023-06-11,2023-06-11,1,2024,1,Enugu,South East,0,0,Safe,64,Moderate,3,3,Low Risk
IBD027306,"Assailants vs School Teacher, Lagos",2023-06-11,2023-06-11,1,2024,1,Lagos,South West,0,0,Safe,91,High,5,5,Moderate Risk
IBD027301,"Gunmen vs Herders, Plateau",2023-06-11,2023-06-11,2,2024,1,Plateau,North Central,1,5,Caution,45,Low,1,7,Moderate Risk
IBD027309,"Gunmen Kill 1, Bauchi",2023-06-11,2023-06-11,1,2024,1,Bauchi,North East,1,5,Caution,49,Low,1,7,Moderate Risk
IBD027303,"Herdsmen Attack, Plateau",2023-06-11,2023-06-11,20,2024,1,Plateau,North Central,2,10,Avoid Route,17,Low,1,13,Extreme Danger
IBD030087,"Gunmen Kill Man, Ebonyi",2023-06-11,2023-06-11,1,2024,1,Ebonyi,South East,1,5,Caution,30,Low,1,7,Moderate Risk
IBD027304,"Communal Clash, Benue",2023-06-11,2023-06-11,1,2024,1,Benue,North Central,0,0,Safe,44,Low,1,1,Low Risk
IBD027290,"Auto Crash, Ondo",2023-06-10,2023-06-10,6,2024,1,Ondo,South West,0,3,Safe,66,Moderate,3,6,Moderate Risk
IBD027378,"Found Dead, FCT (Abuja)",2023-06-10,2023-06-10,2,2024,1,FCT,North Central,0,0,Safe,21,Low,1,1,Low Risk
IBD027292,"Boat Mishap, Ondo",2023-06-10,2023-06-10,5,2024,1,Ondo,South West,0,3,Safe,64,Moderate,3,6,Moderate Risk
IBD027313,"Communal Clash, Benue",2023-06-09,2023-06-09,5,2024,1,Benue,North Central,0,3,Safe,42,Low,1,4,Moderate Risk
IBD027286,"Electrocution, Delta",2023-06-09,2023-06-09,1,2024,1,Delta,South South,0,0,Safe,98,High,5,5,Moderate Risk
IBD027299,"Army vs Boko Haram, Borno",2023-06-09,2023-06-11,100,2024,1,Borno,North East,0,5,Caution,15,Low,1,6,Moderate Risk
IBD027281,"Corpse Found, Imo",2023-06-09,2023-06-09,1,2024,1,Imo,South East,0,0,Safe,68,Moderate,3,3,Low Risk
IBD027285,"Army vs Bandits, Kaduna",2023-06-09,2023-06-09,6,2024,1,Kaduna,North West,1,8,Avoid Route,19,Low,1,10,High Risk
IBD027287,"Bandits vs Farmers, Niger",2023-06-09,2023-06-10,34,2024,1,Niger,North Central,1,10,Avoid Route,20,Low,1,12,Extreme Danger
IBD027297,"Gunmen Attack, Bauchi",2023-06-09,2023-06-09,1,2024,1,Bauchi,North East,2,5,Caution,48,Low,1,8,High Risk
IBD027289,"Land Grabbing, Ogun",2023-06-09,2023-06-09,3,2024,1,Ogun,South West,0,3,Safe,67,Moderate,3,6,Moderate Risk
IBD027324,"Army vs Bandits, Kaduna",2023-06-08,2023-06-08,3,2024,1,Kaduna,North West,1,8,Avoid Route,47,Low,1,10,High Risk
IBD027321,"Army vs Bandits, Zamfara",2023-06-08,2023-06-15,3,2024,1,Zamfara,North West,1,8,Avoid Route,19,Low,1,10,High Risk
IBD027326,"Man vs Relative, Enugu",2023-06-08,2023-06-08,1,2024,1,Enugu,South East,0,0,Safe,69,Moderate,3,3,Low Risk
IBD027384,"Corps Found, Rivers",2023-06-08,2023-06-08,1,2024,1,Rivers,South South,0,0,Safe,98,High,5,5,Moderate Risk
IBD027371,"Teenager vs Friend, Ekiti",2023-06-08,2023-06-08,1,2024,1,Ekiti,South West,0,0,Safe,20,Low,1,1,Low Risk
IBD027276,"Task Force vs Tricyclist, Rivers",2023-06-08,2023-06-08,1,2024,1,Rivers,South South,0,0,Safe,82,High,5,5,Moderate Risk
IBD027283,"Auto Crash, Delta",2023-06-08,2023-06-08,1,2024,1,Delta,South South,0,0,Safe,98,High,5,5,Moderate Risk
IBD028308,"Domestic Violence, Enugu",2023-06-08,2023-06-08,1,2024,1,Enugu,South East,0,0,Safe,66,Moderate,3,3,Low Risk
IBD027273,"Domestic Violence, Kogi",2023-06-07,2023-06-07,1,2024,1,Kogi,North Central,0,0,Safe,24,Low,1,1,Low Risk
IBD027315,"Man Killed, Yobe",2023-06-07,2023-06-07,1,2024,1,Yobe,North East,0,0,Safe,10,Low,1,1,Low Risk
IBD027277,"Kidnappers vs Priest, Edo",2023-06-07,2023-06-07,1,2024,1,Edo,South South,1,5,Caution,56,Moderate,3,9,High Risk
IBD027268,"Ritual Killing, Anambra",2023-06-07,2023-06-07,2,2024,1,Anambra,South East,0,0,Safe,79,Moderate,3,3,Low Risk
IBD027272,"Bandits vs Trader, Abia",2023-06-07,2023-06-07,1,2024,1,Abia,South East,1,5,Caution,62,Moderate,3,9,High Risk
IBD027278,"Police vs Cultists, Rivers",2023-06-07,2023-06-07,3,2024,1,Rivers,South South,0,3,Safe,93,High,5,8,High Risk
IBD027294,"Gunmen vs Businessman, Enugu",2023-06-07,2023-06-07,1,2024,1,Enugu,South East,1,5,Caution,50,Moderate,3,9,High Risk
IBD027279,"Vigilante vs Man, Rivers",2023-06-07,2023-06-07,1,2024,1,Rivers,South South,0,0,Safe,82,High,5,5,Moderate Risk
IBD027274,"Security Operatives vs Kidnapper, Ondo",2023-06-07,2023-06-07,1,2024,1,Ondo,South West,1,5,Caution,62,Moderate,3,9,High Risk
IBD027267,"Auto Crash, Kano",2023-06-06,2023-06-06,1,2024,1,Kano,North West,0,0,Safe,23,Low,1,1,Low Risk
IBD027270,"Building Collapse, Kano",2023-06-06,2023-06-06,1,2024,1,Kano,North West,0,0,Safe,22,Low,1,1,Low Risk
IBD027275,"Flood Incident, Anambra",2023-06-06,2023-06-06,1,2024,1,Anambra,South East,0,0,Safe,54,Moderate,3,3,Low Risk
IBD027328,"Assailants vs Girl, Niger",2023-06-06,2023-06-06,1,2024,1,Niger,North Central,0,0,Safe,33,Low,1,1,Low Risk
IBD027256,"Land Dispute, Ebonyi",2023-06-06,2023-06-06,2,2024,1,Ebonyi,South East,0,0,Safe,30,Low,1,1,Low Risk
IBD027271,"Mob vs Motorcycle Thief, Benue",2023-06-06,2023-06-06,2,2024,1,Benue,North Central,0,0,Safe,22,Low,1,1,Low Risk
IBD027266,"Army vs Bandits, Zamafara",2023-06-06,2023-06-06,4,2024,1,Unknown,,1,8,Avoid Route,49,Low,1,10,High Risk
IBD027257,"Gunmen vs Professor, Oyo",2023-06-05,2023-06-05,1,2024,1,Oyo,South West,1,5,Caution,23,Low,1,7,Moderate Risk
IBD027248,"Soldiers Killed 1, Plateau",2023-06-05,2023-06-05,1,2024,1,Plateau,North Central,0,0,Safe,40,Low,1,1,Low Risk
IBD027258,"Terrorists vs Vigilante, Katsina",2023-06-05,2023-06-05,1,2024,1,Katsina,North West,1,5,Caution,34,Low,1,7,Moderate Risk
IBD027261,"Auto Crash, Kogi",2023-06-05,2023-06-05,4,2024,1,Kogi,North Central,0,3,Safe,32,Low,1,4,Moderate Risk
IBD027245,"Banditry, Sokoto",2023-06-05,2023-06-05,18,2024,1,Sokoto,North West,1,10,Avoid Route,33,Low,1,12,Extreme Danger
IBD027263,"Banditry, Niger",2023-06-05,2023-06-05,1,2024,1,Niger,North Central,1,5,Caution,10,Low,1,7,Moderate Risk
IBD027260,"Piracy, Rivers (Offshore)",2023-06-05,2023-06-05,1,2024,1,Rivers,South South,0,0,Safe,98,High,5,5,Moderate Risk
IBD027243,"Army vs IPOB/ESN, Anambra",2023-06-04,2023-06-04,5,2024,1,Anambra,South East,0,3,Safe,61,Moderate,3,6,Moderate Risk
IBD027251,"Policemen vs Cultist, Rivers",2023-06-04,2023-06-04,3,2024,1,Rivers,South South,0,3,Safe,89,High,5,8,High Risk
IBD027247,"Bandits Kill 2, Kaduna",2023-06-04,2023-06-04,2,2024,1,Kaduna,North West,1,5,Caution,37,Low,1,7,Moderate Risk
IBD027249,"Gunmen Attack, Plateau",2023-06-04,2023-06-04,14,2024,1,Plateau,North Central,2,10,Avoid Route,28,Low,1,13,Extreme Danger
IBD027255,"Communal Clash, Taraba",2023-06-04,2023-06-04,30,2024,1,Taraba,North East,0,5,Caution,45,Low,1,6,Moderate Risk
IBD027242,"Army vs IPOB/ESN, Imo",2023-06-04,2023-06-04,5,2024,1,Imo,South East,0,3,Safe,62,Moderate,3,6,Moderate Risk
IBD027246,"Land Dispute, Osun",2023-06-04,2023-06-04,1,2024,1,Osun,South West,0,0,Safe,44,Low,1,1,Low Risk
IBD027253,"Assailants vs Security Guard, Ekiti",2023-06-03,2023-06-03,1,2024,1,Ekiti,South West,0,0,Safe,12,Low,1,1,Low Risk
IBD027308,"Kidnappers vs Chief, Nasarawa",2023-06-03,2023-06-03,1,2024,1,Nasarawa,North Central,1,5,Caution,13,Low,1,7,Moderate Risk
IBD027254,"Domestic Issue, Kogi",2023-06-03,2023-06-03,1,2024,1,Kogi,North Central,0,0,Safe,12,Low,1,1,Low Risk
IBD027231,"Gunmen Kill Over 25, Benue",2023-06-03,2023-06-03,30,2024,1,Benue,North Central,1,10,Avoid Route,31,Low,1,12,Extreme Danger
IBD027252,"ISWAP vs Army, Borno",2023-06-03,2023-06-03,2,2024,1,Borno,North East,0,0,Safe,44,Low,1,1,Low Risk
IBD027250,"Armed Robbers vs Student, Lagos",2023-06-03,2023-06-03,1,2024,1,Lagos,South West,0,0,Safe,91,High,5,5,Moderate Risk
IBD027239,"Banditry, Sokoto",2023-06-03,2023-06-03,41,2024,1,Sokoto,North West,1,10,Avoid Route,42,Low,1,12,Extreme Danger
IBD027259,"Failed Abortion, Benue",2023-06-03,2023-06-03,1,2024,1,Benue,North Central,0,0,Safe,27,Low,1,1,Low Risk
IBD027237,"Auto Crash, Oyo",2023-06-03,2023-06-03,1,2024,1,Oyo,South West,0,0,Safe,33,Low,1,1,Low Risk
IBD027233,"Banditry, Zamfara",2023-06-03,2023-06-03,35,2024,1,Zamfara,North West,1,10,Avoid Route,14,Low,1,12,Extreme Danger
IBD027445,"Kidnappers vs Student, Enugu",2023-06-02,2023-06-02,1,2024,1,Enugu,South East,1,5,Caution,53,Moderate,3,9,High Risk
IBD027241,"Auto Crash, Kwara",2023-06-02,2023-06-02,4,2024,1,Kwara,North Central,0,3,Safe,33,Low,1,4,Moderate Risk
IBD027264,"Jail Escapee vs Man, Imo",2023-06-02,2023-06-02,2,2024,1,Imo,South East,0,0,Safe,51,Moderate,3,3,Low Risk
IBD027238,"Auto Crash, Kano",2023-06-02,2023-06-02,18,2024,1,Kano,North West,0,5,Caution,40,Low,1,6,Moderate Risk
IBD027235,"Labourer Dies, Lagos",2023-06-02,2023-06-02,1,2024,1,Lagos,South West,0,0,Safe,85,High,5,5,Moderate Risk
IBD027232,"ISWAP Fighers Drown, Borno",2023-06-02,2023-06-03,82,2024,1,Borno,North East,0,5,Caution,13,Low,1,6,Moderate Risk
IBD027244,"Cultism, Delta",2023-06-02,2023-06-02,1,2024,1,Delta,South South,0,0,Safe,100,High,5,5,Moderate Risk
IBD027400,"Gunmen vs Community, Imo",2023-06-02,2023-06-12,35,2024,1,Imo,South East,1,10,Avoid Route,74,Moderate,3,14,Extreme Danger
IBD027229,"Police vs Cultists, Rivers",2023-06-02,2023-06-02,5,2024,1,Rivers,South South,0,3,Safe,100,High,5,8,High Risk
IBD029160,"Auto Crash, Lagos",2023-06-01,2023-06-01,1,2024,1,Lagos,South West,0,0,Safe,100,High,5,5,Moderate Risk
IBD029514,"Father Kill Son, Akwa Ibom",2023-06-01,2023-06-01,1,2024,1,Akwa Ibom,South South,0,0,Safe,96,High,5,5,Moderate Risk
IBD027236,"Boy Drowns, Kano",2023-06-01,2023-06-01,1,2024,1,Kano,North West,0,0,Safe,36,Low,1,1,Low Risk
IBD027475,"Fire Incidents, Kano",2023-06-01,2023-06-30,9,2024,1,Kano,North West,0,3,Safe,42,Low,1,4,Moderate Risk
IBD027230,"Assailants vs Woman, Ondo",2023-06-01,2023-06-01,1,2024,1,Ondo,South West,0,0,Safe,76,Moderate,3,3,Low Risk
IBD027280,"Army vs ISWAP, Borno",2023-05-31,2023-06-04,11,2024,1,Borno,North East,0,5,Caution,39,Low,1,6,Moderate Risk
IBD027222,"Police Kill Suspected Cultist, Rivers",2023-05-31,2023-05-31,1,2024,1,Rivers,South South,0,0,Safe,96,High,5,5,Moderate Risk
IBD027219,"Cult Killing, Rivers",2023-05-31,2023-05-31,5,2024,1,Rivers,South South,0,3,Safe,94,High,5,8,High Risk
IBD027220,"Police vs Kidnappers, Delta",2023-05-31,2023-05-31,2,2024,1,Delta,South South,1,5,Caution,81,High,5,11,High Risk
IBD027223,"Auto Crash, Bauchi",2023-05-31,2023-05-31,8,2024,1,Bauchi,North East,0,3,Safe,40,Low,1,4,Moderate Risk
IBD027217,"Cultist Killing, Rivers",2023-05-31,2023-05-31,1,2024,1,Rivers,South South,0,0,Safe,97,High,5,5,Moderate Risk
IBD027221,"Kidnappers Kill 2, Ogun",2023-05-31,2023-05-31,2,2024,1,Ogun,South West,1,5,Caution,70,Moderate,3,9,High Risk
IBD027225,"Kidnap Victim, Kaduna",2023-05-30,2023-05-30,1,2024,1,Kaduna,North West,1,5,Caution,43,Low,1,7,Moderate Risk
IBD027218,"Banditry, Kaduna",2023-05-30,2023-05-30,1,2024,1,Kaduna,North West,1,5,Caution,13,Low,1,7,Moderate Risk
IBD027212,"Park Manager vs Police, Oyo",2023-05-30,2023-05-30,1,2024,1,Oyo,South West,0,0,Safe,49,Low,1,1,Low Risk
IBD027211,"Banditry, Zamfara",2023-05-30,2023-05-30,35,2024,1,Zamfara,North West,1,10,Avoid Route,31,Low,1,12,Extreme Danger
IBD027215,"Security Operative vs Protesters, Bayelsa",2023-05-30,2023-05-30,1,2024,1,Bayelsa,South South,0,0,Safe,100,High,5,5,Moderate Risk
IBD027661,"Man vs Brother, Lagos",2023-05-29,2023-05-29,1,2024,1,Lagos,South West,0,0,Safe,96,High,5,5,Moderate Risk
IBD027191,"Auto Crash, Ebonyi",2023-05-29,2023-05-29,4,2024,1,Ebonyi,South East,0,3,Safe,25,Low,1,4,Moderate Risk
IBD027203,"Student vs Host Community, Ogun",2023-05-29,2023-05-28,1,2024,1,Ogun,South West,0,0,Safe,79,Moderate,3,3,Low Risk
IBD027209,"Hoodlums vs Community, Rivers",2023-05-29,2023-05-29,5,2024,1,Rivers,South South,0,3,Safe,90,High,5,8,High Risk
IBD027214,"IPOB Sit-At-Home, Imo",2023-05-29,2023-05-29,1,2024,1,Imo,South East,0,0,Safe,66,Moderate,3,3,Low Risk
IBD027188,"Gunmen Attack, Abia",2023-05-29,2023-05-29,1,2024,1,Abia,South East,2,5,Caution,52,Moderate,3,10,High Risk
IBD027226,"Vigilante Kills Man, Kano",2023-05-29,2023-05-29,1,2024,1,Kano,North West,0,0,Safe,42,Low,1,1,Low Risk
IBD027216,"Thunder Strike, Katsina",2023-05-29,2023-05-29,1,2024,1,Katsina,North West,0,0,Safe,41,Low,1,1,Low Risk
IBD027224,"Police vs Bandits, Katsina",2023-05-29,2023-05-29,2,2024,1,Katsina,North West,1,5,Caution,22,Low,1,7,Moderate Risk
IBD027298,"Kidnappers vs Lovers, Delta",2023-05-29,2023-05-29,2,2024,1,Delta,South South,1,5,Caution,98,High,5,11,High Risk
IBD027576,"Cult Killing, Anambra",2023-05-29,2023-05-29,5,2024,1,Anambra,South East,0,3,Safe,68,Moderate,3,6,Moderate Risk
IBD028076,"Motorcyclist, Delta",2023-05-29,2023-05-29,1,2024,1,Delta,South South,0,0,Safe,95,High,5,5,Moderate Risk
IBD027207,"Explosion , Nasarawa",2023-05-28,2023-05-28,2,2024,1,Nasarawa,North Central,0,0,Safe,28,Low,1,1,Low Risk
IBD027192,"Oracle Custodian Killed, Ondo",2023-05-28,2023-05-28,1,2024,1,Ondo,South West,0,0,Safe,54,Moderate,3,3,Low Risk
IBD027202,"Auto Crash, Lagos",2023-05-28,2023-05-28,1,2024,1,Lagos,South West,0,0,Safe,92,High,5,5,Moderate Risk
IBD027193,"Undergraduate, Enugu",2023-05-28,2023-05-28,1,2024,1,Enugu,South East,0,0,Safe,52,Moderate,3,3,Low Risk
IBD027432,"Vigilante vs Tricycle Rider, Anambra",2023-05-28,2023-05-28,1,2024,1,Anambra,South East,0,0,Safe,74,Moderate,3,3,Low Risk
IBD027197,"Woman Dies, Kogi",2023-05-28,2023-05-28,1,2024,1,Kogi,North Central,0,0,Safe,27,Low,1,1,Low Risk
IBD027194,"Assailants vs Teenager, Lagos",2023-05-28,2023-05-28,1,2024,1,Lagos,South West,0,0,Safe,93,High,5,5,Moderate Risk
IBD027195,"Police vs Boy, Lagos",2023-05-28,2023-05-28,1,2024,1,Lagos,South West,0,0,Safe,85,High,5,5,Moderate Risk
IBD027199,"Boko Haram vs Troops, Borno",2023-05-28,2023-05-28,3,2024,1,Borno,North East,0,3,Safe,36,Low,1,4,Moderate Risk
IBD027205,"Gunmen Kill Former DG, Kaduna",2023-05-27,2023-05-27,1,2024,1,Kaduna,North West,1,5,Caution,13,Low,1,7,Moderate Risk
IBD027190,"Auto Crash, Ogun",2023-05-27,2023-05-27,4,2024,1,Ogun,South West,0,3,Safe,75,Moderate,3,6,Moderate Risk
IBD027204,"Auto Crash, Kogi",2023-05-27,2023-05-27,5,2024,1,Kogi,North Central,0,3,Safe,47,Low,1,4,Moderate Risk
IBD027228,"Army vs ISWAP, Borno",2023-05-27,2023-06-03,26,2024,1,Borno,North East,0,5,Caution,24,Low,1,6,Moderate Risk
IBD027198,"Army vs Bandits' Informant, Kaduna",2023-05-27,2023-05-27,1,2024,1,Kaduna,North West,1,5,Caution,19,Low,1,7,Moderate Risk
IBD027269,"Woman vs Baby, Imo",2023-05-27,2023-05-27,1,2024,1,Imo,South East,0,0,Safe,61,Moderate,3,3,Low Risk
IBD027187,"Gunmen vs Traditional Rulers, Imo",2023-05-26,2023-05-26,2,2024,1,Imo,South East,1,5,Caution,53,Moderate,3,9,High Risk
IBD027196,"Auto Crash, Kogi",2023-05-26,2023-05-26,3,2024,1,Kogi,North Central,0,3,Safe,32,Low,1,4,Moderate Risk
IBD027208,"Hoodlums Attack, Kano",2023-05-26,2023-05-26,6,2024,1,Kano,North West,1,8,Avoid Route,41,Low,1,10,High Risk
IBD027185,"Gunmen Attack, Kogi",2023-05-25,2023-05-25,40,2024,1,Kogi,North Central,2,10,Avoid Route,21,Low,1,13,Extreme Danger
IBD027186,"Auto Crash, Kogi",2023-05-25,2023-05-25,5,2024,1,Kogi,North Central,0,3,Safe,34,Low,1,4,Moderate Risk
IBD027262,"Man vs Friend, Lagos",2023-05-25,2023-05-25,1,2024,1,Lagos,South West,0,0,Safe,82,High,5,5,Moderate Risk
IBD027181,"Auto Crash, Ogun",2023-05-24,2023-05-24,2,2024,1,Ogun,South West,0,0,Safe,64,Moderate,3,3,Low Risk
IBD027179,"Auto Crash, Ogun",2023-05-24,2023-05-24,2,2024,1,Ogun,South West,0,0,Safe,59,Moderate,3,3,Low Risk
IBD027206,"Gunmen Kill 22 Farmers, Zamfara",2023-05-24,2023-05-24,22,2024,1,Zamfara,North West,1,10,Avoid Route,32,Low,1,12,Extreme Danger
IBD027189,"Hoodlums vs Medical Trainee, Ebonyi",2023-05-24,2023-05-24,1,2024,1,Ebonyi,South East,0,0,Safe,29,Low,1,1,Low Risk
IBD027184,"Gunmen vs Man, Abia",2023-05-24,2023-05-24,1,2024,1,Abia,South East,1,5,Caution,51,Moderate,3,9,High Risk
IBD027182,"Gunmen vs Pastor, Plateau",2023-05-24,2023-05-24,1,2024,1,Plateau,North Central,1,5,Caution,48,Low,1,7,Moderate Risk
IBD027213,"Mob vs Man, Lagos",2023-05-24,2023-05-24,1,2024,1,Lagos,South West,0,0,Safe,82,High,5,5,Moderate Risk
IBD027282,"Man vs Wife, Edo",2023-05-24,2023-05-24,1,2024,1,Edo,South South,0,0,Safe,55,Moderate,3,3,Low Risk
IBD027183,"Gunmen Attack, Plateau",2023-05-24,2023-05-24,2,2024,1,Plateau,North Central,2,5,Caution,35,Low,1,8,High Risk
IBD027180,"Cult Clash, Delta",2023-05-23,2023-05-23,2,2024,1,Delta,South South,0,0,Safe,100,High,5,5,Moderate Risk
IBD027172,"Police vs Kidnappers, Benue",2023-05-23,2023-05-23,1,2024,1,Benue,North Central,1,5,Caution,25,Low,1,7,Moderate Risk
IBD027178,"Siblings Found Dead, Lagos",2023-05-23,2023-05-23,3,2024,1,Lagos,South West,0,3,Safe,92,High,5,8,High Risk
IBD027169,"Auto Crash, Ogun",2023-05-23,2023-05-23,2,2024,1,Ogun,South West,0,0,Safe,65,Moderate,3,3,Low Risk
IBD027175,"Policemen vs Gunmen, Ebonyi",2023-05-23,2023-05-23,5,2024,1,Ebonyi,South East,1,8,Avoid Route,40,Low,1,10,High Risk
IBD027201,"Cult Attack/Communal Clash, Cross River",2023-05-22,2023-05-22,8,2024,1,Cross River,South South,1,8,Avoid Route,81,High,5,14,Extreme Danger
IBD027170,"Gunmen vs Police, Ebonyi",2023-05-22,2023-05-22,1,2024,1,Ebonyi,South East,1,5,Caution,28,Low,1,7,Moderate Risk
IBD027171,"Building Demolition, Kaduna",2023-05-22,2023-05-22,1,2024,1,Kaduna,North West,0,0,Safe,35,Low,1,1,Low Risk
IBD027176,"Auto Crash, Niger",2023-05-22,2023-05-22,6,2024,1,Niger,North Central,0,3,Safe,14,Low,1,4,Moderate Risk
IBD027168,"Hospital Negligence, Edo",2023-05-22,2023-05-22,1,2024,1,Edo,South South,0,0,Safe,63,Moderate,3,3,Low Risk
IBD027159,"Gunmen Kill 2, Imo",2023-05-22,2023-05-22,2,2024,1,Imo,South East,1,5,Caution,77,Moderate,3,9,High Risk
IBD027155,"Gunmen Attack, Benue",2023-05-22,2023-05-22,17,2024,1,Benue,North Central,2,10,Avoid Route,22,Low,1,13,Extreme Danger
IBD027156,"Cult Killing, Lagos",2023-05-22,2023-05-22,1,2024,1,Lagos,South West,0,0,Safe,92,High,5,5,Moderate Risk
IBD027151,"Herdsmen vs Farmer, Plateau",2023-05-21,2023-05-21,1,2024,1,Plateau,North Central,1,5,Caution,30,Low,1,7,Moderate Risk
IBD027144,"Communal Clash, Taraba",2023-05-21,2023-05-21,15,2024,1,Taraba,North East,0,5,Caution,13,Low,1,6,Moderate Risk
IBD027154,"Gunmen vs Vigilante, Delta",2023-05-21,2023-05-21,2,2024,1,Delta,South South,1,5,Caution,87,High,5,11,High Risk
IBD027173,"Bandit Informants, Kaduna",2023-05-21,2023-05-21,7,2024,1,Kaduna,North West,1,8,Avoid Route,27,Low,1,10,High Risk
IBD027265,"Herdsmen vs Marketers, Benue",2023-05-21,2023-05-21,18,2024,1,Benue,North Central,1,10,Avoid Route,25,Low,1,12,Extreme Danger
IBD027149,"Auto Crash, Kogi",2023-05-21,2023-05-21,25,2024,1,Kogi,North Central,0,5,Caution,23,Low,1,6,Moderate Risk
IBD027165,"Gunmen Attack, Plateau",2023-05-21,2023-05-21,4,2024,1,Plateau,North Central,2,8,Avoid Route,24,Low,1,11,High Risk
IBD027800,"Man vs Lover, Abia",2023-05-21,2023-05-21,1,2024,1,Abia,South East,0,0,Safe,69,Moderate,3,3,Low Risk
IBD027174,"Auto Crash, Nasarawa",2023-05-20,2023-05-20,1,2024,1,Nasarawa,North Central,0,0,Safe,47,Low,1,1,Low Risk
IBD027143,"Auto Crash, Anambra",2023-05-20,2023-05-20,1,2024,1,Anambra,South East,0,0,Safe,72,Moderate,3,3,Low Risk
IBD027152,"Bandits Attack, Kaduna",2023-05-20,2023-05-20,9,2024,1,Kaduna,North West,2,8,Avoid Route,17,Low,1,11,High Risk
IBD027161,"Kidnap Victim, Niger",2023-05-20,2023-05-20,1,2024,1,Niger,North Central,1,5,Caution,34,Low,1,7,Moderate Risk
IBD027162,"Gunmen Attack, Kwara",2023-05-20,2023-05-20,1,2024,1,Kwara,North Central,2,5,Caution,49,Low,1,8,High Risk
IBD027141,"Police vs Kidnappers, Rivers",2023-05-20,2023-05-20,2,2024,1,Rivers,South South,1,5,Caution,84,High,5,11,High Risk
IBD027157,"Gunmen Kill 1, Kwara",2023-05-20,2023-05-20,1,2024,1,Kwara,North Central,1,5,Caution,13,Low,1,7,Moderate Risk
IBD027164,"Banditry, Kaduna",2023-05-20,2023-05-20,2,2024,1,Kaduna,North West,1,5,Caution,25,Low,1,7,Moderate Risk
IBD027136,"Boy vs Parents, Jigawa",2023-05-20,2023-05-20,2,2024,1,Jigawa,North West,0,0,Safe,36,Low,1,1,Low Risk
IBD027135,"Rape Victim, Ondo",2023-05-20,2023-05-20,1,2024,1,Ondo,South West,0,0,Safe,67,Moderate,3,3,Low Risk
IBD027146,"Gas Explosion, Sokoto",2023-05-20,2023-05-20,5,2024,1,Sokoto,North West,0,3,Safe,31,Low,1,4,Moderate Risk
IBD027160,"Fulani Herdsmen Attack, Benue",2023-05-20,2023-05-20,6,2024,1,Benue,North Central,2,8,Avoid Route,46,Low,1,11,High Risk
IBD027288,"Hunter vs Kinsman, Ebonyi",2023-05-20,2023-05-20,1,2024,1,Ebonyi,South East,0,0,Safe,25,Low,1,1,Low Risk
IBD027147,"Electrocution, Lagos",2023-05-20,2023-05-20,2,2024,1,Lagos,South West,0,0,Safe,87,High,5,5,Moderate Risk
IBD027140,"Gunmen vs Policemenm, Imo",2023-05-20,2023-05-20,2,2024,1,Imo,South East,1,5,Caution,65,Moderate,3,9,High Risk
IBD027138,"Auto Crash, Osun",2023-05-20,2023-05-20,12,2024,1,Osun,South West,0,5,Caution,32,Low,1,6,Moderate Risk
IBD027145,"Man Dies, Kwara",2023-05-19,2023-05-19,1,2024,1,Kwara,North Central,0,0,Safe,24,Low,1,1,Low Risk
IBD027142,"Gunmen vs Policeman, Delta",2023-05-19,2023-05-19,2,2024,1,Delta,South South,1,5,Caution,88,High,5,11,High Risk
IBD027148,"Herder vs Farmer, FCT (Abuja)",2023-05-18,2023-05-18,1,2024,1,FCT,North Central,0,0,Safe,19,Low,1,1,Low Risk
IBD027133,"Gunmen vs Vigilante Groups, Anambra",2023-05-18,2023-05-18,7,2024,1,Anambra,South East,1,8,Avoid Route,53,Moderate,3,12,Extreme Danger
IBD027158,"Troops Kill Bandit's Informant, Kaduna",2023-05-18,2023-05-18,1,2024,1,Kaduna,North West,1,5,Caution,22,Low,1,7,Moderate Risk
IBD027177,"Girl Dead, Akwa Ibom",2023-05-18,2023-05-18,1,2024,1,Akwa Ibom,South South,0,0,Safe,85,High,5,5,Moderate Risk
IBD027776,"Kidnap Victim, Benue",2023-05-18,2023-05-18,1,2024,1,Benue,North Central,1,5,Caution,16,Low,1,7,Moderate Risk
IBD027139,"Gunmen vs Brothers, Abia",2023-05-17,2023-05-17,2,2024,1,Abia,South East,1,5,Caution,77,Moderate,3,9,High Risk
IBD027125,"Auto Crash, Bauchi",2023-05-17,2023-05-17,7,2024,1,Bauchi,North East,0,3,Safe,27,Low,1,4,Moderate Risk
IBD027240,"One Killed, Niger",2023-05-17,2023-05-17,1,2024,1,Niger,North Central,0,0,Safe,23,Low,1,1,Low Risk
IBD027167,"Attempted Rape Victim, Ondo, Ondo",2023-05-17,2023-05-17,1,2024,1,Ondo,South West,0,0,Safe,55,Moderate,3,3,Low Risk
IBD027124,"Auto Crash, Kwara",2023-05-16,2023-05-16,1,2024,1,Kwara,North Central,0,0,Safe,48,Low,1,1,Low Risk
IBD027122,"Woman Found Dead, Kogi",2023-05-16,2023-05-16,1,2024,1,Kogi,North Central,0,0,Safe,37,Low,1,1,Low Risk
IBD027121,"Auto Crash, Ogun",2023-05-16,2023-05-16,1,2024,1,Ogun,South West,0,0,Safe,50,Moderate,3,3,Low Risk
IBD027114,"Gunmen vs US Mission Officials, Anambra",2023-05-16,2023-05-16,7,2024,1,Anambra,South East,1,8,Avoid Route,54,Moderate,3,12,Extreme Danger
IBD027137,"Gunmen vs Driver, Rivers",2023-05-16,2023-05-16,1,2024,1,Rivers,South South,1,5,Caution,95,High,5,11,High Risk
IBD027120,"Kidnappers Kill One, Kwara",2023-05-16,2023-05-16,1,2024,1,Kwara,North Central,1,5,Caution,17,Low,1,7,Moderate Risk
IBD027111,"Gunmen Attack, Plateau",2023-05-16,2023-05-17,122,2024,1,Plateau,North Central,2,10,Avoid Route,46,Low,1,13,Extreme Danger
IBD027112,"Gunmen Attack, Benue",2023-05-16,2023-05-16,6,2024,1,Benue,North Central,2,8,Avoid Route,49,Low,1,11,High Risk
IBD027131,"Gunmen Attack, Nasarawa",2023-05-16,2023-05-16,4,2024,1,Nasarawa,North Central,2,8,Avoid Route,49,Low,1,11,High Risk
IBD027118,"Domestic Violence/Ritual, Cross River",2023-05-15,2023-05-15,1,2024,1,Cross River,South South,0,0,Safe,97,High,5,5,Moderate Risk
IBD027109,"Boko Haram Suicide Bomber, Kaduna",2023-05-15,2023-05-15,1,2024,1,Kaduna,North West,0,0,Safe,18,Low,1,1,Low Risk
IBD027102,"ISWAP vs Army, Borno",2023-05-14,2023-05-14,3,2024,1,Borno,North East,0,3,Safe,10,Low,1,4,Moderate Risk
IBD027119,"Woman vs Brother In-law, Lagos",2023-05-14,2023-05-14,1,2024,1,Lagos,South West,0,0,Safe,81,High,5,5,Moderate Risk
IBD027103,"Amotekun vs Boy, Ondo",2023-05-14,2023-05-14,1,2024,1,Ondo,South West,0,0,Safe,52,Moderate,3,3,Low Risk
IBD027106,"Terrorists Attack, Zamfara",2023-05-14,2023-05-14,18,2024,1,Zamfara,North West,2,10,Avoid Route,21,Low,1,13,Extreme Danger
IBD027163,"Ritual Killing, Benue",2023-05-14,2023-05-14,1,2024,1,Benue,North Central,0,0,Safe,48,Low,1,1,Low Risk
IBD027126,"Assassination, Anambra",2023-05-14,2023-05-14,1,2024,1,Anambra,South East,0,0,Safe,71,Moderate,3,3,Low Risk
IBD027284,"Flooding, Lagos",2023-05-14,2023-05-14,1,2024,1,Lagos,South West,0,0,Safe,86,High,5,5,Moderate Risk
IBD027327,"Robbers vs Man, Oyo",2023-05-14,2023-05-14,1,2024,1,Oyo,South West,0,0,Safe,48,Low,1,1,Low Risk
IBD027098,"Nollywood Actor, Lagos",2023-05-14,2023-05-14,1,2024,1,Lagos,South West,0,0,Safe,100,High,5,5,Moderate Risk
IBD027099,"Auto Crash, Ondo",2023-05-13,2023-05-13,1,2024,1,Ondo,South West,0,0,Safe,58,Moderate,3,3,Low Risk
IBD027104,"Domestic Violence, Kogi",2023-05-13,2023-05-13,1,2024,1,Kogi,North Central,0,0,Safe,48,Low,1,1,Low Risk
IBD027096,"Bank Officials vs Debtor, Ogun",2023-05-13,2023-05-13,1,2024,1,Ogun,South West,0,0,Safe,69,Moderate,3,3,Low Risk
IBD027097,"Herdsmen Attack, Nasarawa",2023-05-13,2023-05-13,39,2024,1,Nasarawa,North Central,2,10,Avoid Route,13,Low,1,13,Extreme Danger
IBD027101,"Drown, Akwa Ibom",2023-05-13,2023-05-13,1,2024,1,Akwa Ibom,South South,0,0,Safe,91,High,5,5,Moderate Risk
IBD027113,"Gunmen Attack, Benue",2023-05-13,2023-05-13,5,2024,1,Benue,North Central,2,8,Avoid Route,48,Low,1,11,High Risk
IBD027110,"Man Dies, FCT (Abuja)",2023-05-13,2023-05-13,1,2024,1,FCT,North Central,0,0,Safe,17,Low,1,1,Low Risk
IBD027100,"Auto Crash, Bauchi",2023-05-13,2023-05-13,3,2024,1,Bauchi,North East,0,3,Safe,39,Low,1,4,Moderate Risk
IBD027095,"Domestic Violence, Rivers",2023-05-13,2023-05-13,1,2024,1,Rivers,South South,0,0,Safe,97,High,5,5,Moderate Risk
IBD027088,"Teenager vs Neighbour, FCT (Abuja)",2023-05-12,2023-05-12,1,2024,1,FCT,North Central,0,0,Safe,19,Low,1,1,Low Risk
IBD027090,"Communal Clash, Taraba",2023-05-12,2023-05-12,17,2024,1,Taraba,North East,0,5,Caution,21,Low,1,6,Moderate Risk
IBD027123,"Gunmen vs Police, Rivers",2023-05-12,2023-05-12,1,2024,1,Rivers,South South,1,5,Caution,87,High,5,11,High Risk
IBD027108,"Kidnappers vs Colleague, Kano",2023-05-12,2023-05-12,1,2024,1,Kano,North West,1,5,Caution,10,Low,1,7,Moderate Risk
IBD027092,"Banditry, Niger",2023-05-12,2023-05-12,30,2024,1,Niger,North Central,1,10,Avoid Route,40,Low,1,12,Extreme Danger
IBD027089,"Gunmen Kill Policeman, Rivers",2023-05-12,2023-05-12,2,2024,1,Rivers,South South,1,5,Caution,96,High,5,11,High Risk
IBD027086,"Fulani Herdsmen Attack, Kaduna",2023-05-12,2023-05-12,2,2024,1,Kaduna,North West,2,5,Caution,40,Low,1,8,High Risk
IBD027083,"Robbers vs Policeman, Oyo",2023-05-12,2023-05-12,2,2024,1,Oyo,South West,0,0,Safe,35,Low,1,1,Low Risk
IBD027087,"Communal Clash, Akwa Ibom",2023-05-12,2023-05-12,4,2024,1,Akwa Ibom,South South,0,3,Safe,81,High,5,8,High Risk
IBD027107,"Robbers vs Vigilante, Kwara",2023-05-12,2023-05-12,1,2024,1,Kwara,North Central,0,0,Safe,24,Low,1,1,Low Risk
IBD027091,"Man vs Neighbour, Rivers",2023-05-12,2023-05-12,1,2024,1,Rivers,South South,0,0,Safe,100,High,5,5,Moderate Risk
IBD027150,"Motorcyclist Killed, Osun",2023-05-12,2023-05-12,1,2024,1,Osun,South West,0,0,Safe,26,Low,1,1,Low Risk
IBD027072,"Amotekun vs Traders, Ekiti",2023-05-11,2023-05-11,1,2024,1,Ekiti,South West,0,0,Safe,35,Low,1,1,Low Risk
IBD027081,"ISWAP Attack, Borno",2023-05-11,2023-05-11,1,2024,1,Borno,North East,1,5,Caution,38,Low,1,7,Moderate Risk
IBD027079,"Police vs Gunmen, Anambra",2023-05-11,2023-05-11,2,2024,1,Anambra,South East,1,5,Caution,53,Moderate,3,9,High Risk
IBD027085,"Fulani Gunmen Kill 9, Kaduna",2023-05-11,2023-05-11,9,2024,1,Kaduna,North West,1,8,Avoid Route,40,Low,1,10,High Risk
IBD027153,"Vigilantes vs Herders, Oyo",2023-05-11,2023-05-11,11,2024,1,Oyo,South West,0,5,Caution,11,Low,1,6,Moderate Risk
IBD027077,"Army vs ISWAP, Borno",2023-05-11,2023-05-11,43,2024,1,Borno,North East,0,5,Caution,22,Low,1,6,Moderate Risk
IBD027130,"Army vs Bandits, Plateau",2023-05-11,2023-05-11,2,2024,1,Plateau,North Central,1,5,Caution,22,Low,1,7,Moderate Risk
IBD027073,"One Found Dead, Lagos",2023-05-11,2023-05-11,1,2024,1,Lagos,South West,0,0,Safe,86,High,5,5,Moderate Risk
IBD027084,"Auto Crash, Bauchi",2023-05-11,2023-05-11,8,2024,1,Bauchi,North East,0,3,Safe,18,Low,1,4,Moderate Risk
IBD027527,"Organ Harvest, Imo",2023-05-10,2023-05-10,1,2024,1,Imo,South East,0,0,Safe,78,Moderate,3,3,Low Risk
IBD027070,"Police vs IPOB, Anambra",2023-05-10,2023-05-10,5,2024,1,Anambra,South East,0,3,Safe,63,Moderate,3,6,Moderate Risk
IBD027080,"Hunters vs Bandit, Kebbi",2023-05-10,2023-05-10,10,2024,1,Kebbi,North West,1,10,Avoid Route,23,Low,1,12,Extreme Danger
IBD027078,"Bandits Kill Vigilant, Niger",2023-05-10,2023-05-10,1,2024,1,Niger,North Central,1,5,Caution,15,Low,1,7,Moderate Risk
IBD027076,"Bandits Attack, Zamfara",2023-05-10,2023-05-10,4,2024,1,Zamfara,North West,2,8,Avoid Route,32,Low,1,11,High Risk
IBD027057,"Auto Crash, Anambra",2023-05-09,2023-05-09,1,2024,1,Anambra,South East,0,0,Safe,62,Moderate,3,3,Low Risk
IBD027063,"Cult Clash, Ondo",2023-05-09,2023-05-09,3,2024,1,Ondo,South West,0,3,Safe,72,Moderate,3,6,Moderate Risk
IBD027065,"Herdsmen Attack, Benue",2023-05-09,2023-05-09,6,2024,1,Benue,North Central,2,8,Avoid Route,20,Low,1,11,High Risk
IBD027074,"Guard vs Boss, Rivers",2023-05-09,2023-05-09,1,2024,1,Rivers,South South,0,0,Safe,88,High,5,5,Moderate Risk
IBD027052,"Herdsmen Kill 3, Benue",2023-05-09,2023-05-09,3,2024,1,Benue,North Central,1,8,Avoid Route,36,Low,1,10,High Risk
IBD027055,"Fulani Militia, Kaduna",2023-05-09,2023-05-09,1,2024,1,Kaduna,North West,0,0,Safe,48,Low,1,1,Low Risk
IBD027129,"Army vs Bandits, Zamfara",2023-05-09,2023-05-09,2,2024,1,Zamfara,North West,1,5,Caution,43,Low,1,7,Moderate Risk
IBD027068,"Kidnappers vs Victim, Ondo",2023-05-09,2023-05-09,1,2024,1,Ondo,South West,1,5,Caution,60,Moderate,3,9,High Risk
IBD027050,"Boat Mishap, Sokoto",2023-05-09,2023-05-09,15,2024,1,Sokoto,North West,0,5,Caution,10,Low,1,6,Moderate Risk
IBD027071,"Gunmen vs APC Chieftain, Imo",2023-05-09,2023-05-09,1,2024,1,Imo,South East,1,5,Caution,50,Moderate,3,9,High Risk
IBD027053,"Mob vs Armed Robbers, Oyo",2023-05-09,2023-05-09,2,2024,1,Oyo,South West,0,0,Safe,46,Low,1,1,Low Risk
IBD027082,"Troops vs ISWAP, Borno",2023-05-09,2023-05-09,10,2024,1,Borno,North East,0,5,Caution,46,Low,1,6,Moderate Risk
IBD027058,"Food Poisoning, Kano",2023-05-08,2023-05-08,7,2024,1,Kano,North West,0,3,Safe,41,Low,1,4,Moderate Risk
IBD027048,"Drug Abuse, Bayelsa",2023-05-08,2023-05-08,1,2024,1,Bayelsa,South South,0,0,Safe,82,High,5,5,Moderate Risk
IBD027067,"Gunmen Attack, Plateau",2023-05-08,2023-05-08,6,2024,1,Plateau,North Central,2,8,Avoid Route,43,Low,1,11,High Risk
IBD027061,"Auto Crash, Niger",2023-05-08,2023-05-08,3,2024,1,Niger,North Central,0,3,Safe,44,Low,1,4,Moderate Risk
IBD027043,"Auto Crash, Ondo",2023-05-08,2023-05-08,1,2024,1,Ondo,South West,0,0,Safe,61,Moderate,3,3,Low Risk
IBD027060,"Domestic Violence/Ritual Killing, Lagos",2023-05-08,2023-05-08,1,2024,1,Lagos,South West,0,0,Safe,90,High,5,5,Moderate Risk
IBD027062,"Gunmen Attack, Plateau",2023-05-08,2023-05-08,2,2024,1,Plateau,North Central,2,5,Caution,17,Low,1,8,High Risk
IBD027066,"Kidnappers vs Landlord, Ondo",2023-05-08,2023-05-08,1,2024,1,Ondo,South West,1,5,Caution,68,Moderate,3,9,High Risk
IBD027059,"Communal Clash, Niger",2023-05-08,2023-05-08,1,2024,1,Niger,North Central,0,0,Safe,14,Low,1,1,Low Risk
IBD027034,"Auto Crash, Lagos",2023-05-07,2023-05-07,1,2024,1,Lagos,South West,0,0,Safe,87,High,5,5,Moderate Risk
IBD027051,"Security Operatives vs Armed Robbers, Anambra",2023-05-07,2023-05-07,3,2024,1,Anambra,South East,0,3,Safe,69,Moderate,3,6,Moderate Risk
IBD027046,"Boat Capsized, Zamafara",2023-05-07,2023-05-07,8,2024,1,Unknown,,0,3,Safe,49,Low,1,4,Moderate Risk
IBD027047,"Cult Clash, Akwa Ibom",2023-05-07,2023-05-09,16,2024,1,Akwa Ibom,South South,0,5,Caution,88,High,5,10,High Risk
IBD027042,"Found Dead, Ondo",2023-05-07,2023-05-07,1,2024,1,Ondo,South West,0,0,Safe,69,Moderate,3,3,Low Risk
IBD027033,"Police vs Kidnappers, FCT (Abuja)",2023-05-07,2023-05-07,1,2024,1,FCT,North Central,1,5,Caution,29,Low,1,7,Moderate Risk
IBD027041,"Police vs Bandits, Kaduna",2023-05-07,2023-05-07,1,2024,1,Kaduna,North West,1,5,Caution,28,Low,1,7,Moderate Risk
IBD027115,"EFCC Operative vs Colleagues, Sokoto",2023-05-07,2023-05-07,1,2024,1,Sokoto,North West,0,0,Safe,17,Low,1,1,Low Risk
IBD027032,"Herdsmen Kill 1, Benue",2023-05-06,2023-05-06,1,2024,1,Benue,North Central,1,5,Caution,31,Low,1,7,Moderate Risk
IBD027026,"Boy kills Friend, Bayelsa",2023-05-06,2023-05-06,1,2024,1,Bayelsa,South South,0,0,Safe,100,High,5,5,Moderate Risk
IBD027127,"Army vs Bandits, Zamfara",2023-05-06,2023-05-06,2,2024,1,Zamfara,North West,1,5,Caution,24,Low,1,7,Moderate Risk
IBD027045,"Gunman vs Youth, Delta",2023-05-06,2023-05-06,1,2024,1,Delta,South South,0,0,Safe,87,High,5,5,Moderate Risk
IBD027037,"Gunmen Attack, Taraba",2023-05-06,2023-05-06,1,2024,1,Taraba,North East,2,5,Caution,10,Low,1,8,High Risk
IBD027029,"Cult Crash, Rivers",2023-05-06,2023-05-06,3,2024,1,Rivers,South South,0,3,Safe,96,High,5,8,High Risk
IBD027035,"Auto Crash, Ogun",2023-05-06,2023-05-06,3,2024,1,Ogun,South West,0,3,Safe,75,Moderate,3,6,Moderate Risk
IBD027031,"Herdsmen Kill 5, Benue",2023-05-05,2023-05-05,6,2024,1,Benue,North Central,1,8,Avoid Route,24,Low,1,10,High Risk
IBD027049,"Auto Crash, Lagos",2023-05-05,2023-05-05,1,2024,1,Lagos,South West,0,0,Safe,91,High,5,5,Moderate Risk
IBD027039,"Domestic Violence, Kano",2023-05-05,2023-05-05,1,2024,1,Kano,North West,0,0,Safe,29,Low,1,1,Low Risk
IBD029825,"Gunmen Attack, Kaduna",2023-05-05,2023-05-05,1,2024,1,Kaduna,North West,2,5,Caution,22,Low,1,8,High Risk
IBD027038,"Gas Explosion, Delta",2023-05-05,2023-05-07,2,2024,1,Delta,South South,0,0,Safe,93,High,5,5,Moderate Risk
IBD027030,"Man vs Wife, Adamawa",2023-05-04,2023-05-04,1,2024,1,Adamawa,North East,0,0,Safe,20,Low,1,1,Low Risk
IBD027056,"Police vs Bandits, Zamfara",2023-05-04,2023-05-04,3,2024,1,Zamfara,North West,1,8,Avoid Route,25,Low,1,10,High Risk
IBD027006,"Gunmen vs Policemen, Anambra",2023-05-04,2023-05-04,3,2024,1,Anambra,South East,1,8,Avoid Route,57,Moderate,3,12,Extreme Danger
IBD027000,"Gunmen Attack, Benue",2023-05-04,2023-05-04,10,2024,1,Benue,North Central,2,10,Avoid Route,16,Low,1,13,Extreme Danger
IBD027021,"Police vs Assailants, Benue",2023-05-04,2023-05-04,1,2024,1,Benue,North Central,0,0,Safe,25,Low,1,1,Low Risk
IBD027014,"Mob vs Suspected Robbers, Oyo",2023-05-04,2023-05-04,2,2024,1,Oyo,South West,0,0,Safe,38,Low,1,1,Low Risk
IBD027023,"Domestic Violence, Kano",2023-05-04,2023-05-04,1,2024,1,Kano,North West,0,0,Safe,20,Low,1,1,Low Risk
IBD027009,"Police vs Kidnappers, Delta",2023-05-04,2023-05-04,1,2024,1,Delta,South South,1,5,Caution,82,High,5,11,High Risk
IBD027013,"Auto Crash, Anambra",2023-05-03,2023-05-03,1,2024,1,Anambra,South East,0,0,Safe,60,Moderate,3,3,Low Risk
IBD026998,"Communal Crisis, Delta",2023-05-03,2023-05-03,1,2024,1,Delta,South South,0,0,Safe,93,High,5,5,Moderate Risk
IBD026997,"Auto Crash, Kaduna",2023-05-03,2023-05-03,1,2024,1,Kaduna,North West,0,0,Safe,30,Low,1,1,Low Risk
IBD027004,"Fulani Herdsmen Attack, Osun",2023-05-03,2023-05-03,3,2024,1,Osun,South West,2,8,Avoid Route,49,Low,1,11,High Risk
IBD027040,"Police vs kidnapper, Benue",2023-05-03,2023-05-03,1,2024,1,Benue,North Central,1,5,Caution,44,Low,1,7,Moderate Risk
IBD026993,"Gunmen vs Youths, Plateau",2023-05-03,2023-05-03,3,2024,1,Plateau,North Central,1,8,Avoid Route,31,Low,1,10,High Risk
IBD026994,"Residents vs Robbers, Anambra",2023-05-03,2023-05-03,1,2024,1,Anambra,South East,0,0,Safe,67,Moderate,3,3,Low Risk
IBD027002,"Domestic Violence, Kano",2023-05-03,2023-05-03,1,2024,1,Kano,North West,0,0,Safe,11,Low,1,1,Low Risk
IBD027005,"Cult Attack, Rivers",2023-05-03,2023-05-03,1,2024,1,Rivers,South South,1,5,Caution,93,High,5,11,High Risk
IBD027024,"Cult Clash, Ogun",2023-05-02,2023-05-06,4,2024,1,Ogun,South West,0,3,Safe,77,Moderate,3,6,Moderate Risk
IBD027022,"Bandits vs Soldiers, Niger",2023-05-02,2023-05-02,24,2024,1,Niger,North Central,1,10,Avoid Route,20,Low,1,12,Extreme Danger
IBD026995,"Gang Kills Policeman, Abia",2023-05-02,2023-05-02,1,2024,1,Abia,South East,0,0,Safe,73,Moderate,3,3,Low Risk
IBD026991,"NSCDC Operatives vs Man, Niger",2023-05-02,2023-05-02,1,2024,1,Niger,North Central,0,0,Safe,31,Low,1,1,Low Risk
IBD027001,"Robbery Suspect, Bayelsa",2023-05-02,2023-05-02,1,2024,1,Bayelsa,South South,0,0,Safe,99,High,5,5,Moderate Risk
IBD027028,"Auto Crash, Lagos",2023-05-02,2023-05-02,1,2024,1,Lagos,South West,0,0,Safe,97,High,5,5,Moderate Risk
IBD026996,"Gunmen vs Vigilantes, Abia",2023-05-02,2023-05-02,3,2024,1,Abia,South East,1,8,Avoid Route,78,Moderate,3,12,Extreme Danger
IBD026980,"Auto Crash, Ekiti",2023-05-02,2023-05-02,4,2024,1,Ekiti,South West,0,3,Safe,19,Low,1,4,Moderate Risk
IBD027012,"Vandal, Imo",2023-05-02,2023-05-02,1,2024,1,Imo,South East,0,0,Safe,71,Moderate,3,3,Low Risk
IBD027027,"Domestic Violence, FCT (Abuja)",2023-05-02,2023-05-02,1,2024,1,FCT,North Central,0,0,Safe,29,Low,1,1,Low Risk
IBD027008,"Vigilantes vs Kidnappers, Taraba",2023-05-02,2023-05-02,4,2024,1,Taraba,North East,1,8,Avoid Route,24,Low,1,10,High Risk
IBD026989,"Kidnappers vs Driver, Nasarawa",2023-05-01,2023-05-01,1,2024,1,Nasarawa,North Central,1,5,Caution,34,Low,1,7,Moderate Risk
IBD026981,"Auto Crash, Bauchi",2023-05-01,2023-05-01,1,2024,1,Bauchi,North East,0,0,Safe,46,Low,1,1,Low Risk
IBD027011,"Man Drowns, Lagos",2023-05-01,2023-05-01,1,2024,1,Lagos,South West,0,0,Safe,92,High,5,5,Moderate Risk
IBD027234,"Electrocution, Niger",2023-05-01,2023-05-01,1,2024,1,Niger,North Central,0,0,Safe,42,Low,1,1,Low Risk
IBD026990,"Gunmen Kill 2, Benue",2023-05-01,2023-05-01,2,2024,1,Benue,North Central,1,5,Caution,45,Low,1,7,Moderate Risk
IBD026985,"Bandits Attack, Kaduna",2023-05-01,2023-05-01,2,2024,1,Kaduna,North West,2,5,Caution,15,Low,1,8,High Risk
IBD026970,"Assailants vs Herders, Plateau",2023-04-30,2023-04-30,2,2024,1,Plateau,North Central,0,0,Safe,23,Low,1,1,Low Risk
IBD026972,"Banditry, Zamfara",2023-04-30,2023-04-30,3,2024,1,Zamfara,North West,1,8,Avoid Route,27,Low,1,10,High Risk
IBD026974,"Kidnappers Kill Man, Kogi",2023-04-30,2023-04-30,1,2024,1,Kogi,North Central,1,5,Caution,26,Low,1,7,Moderate Risk
IBD026988,"Police vs Kidnappers, Adamawa",2023-04-30,2023-04-30,2,2024,1,Adamawa,North East,1,5,Caution,27,Low,1,7,Moderate Risk
IBD026971,"Banditry, Kebbi",2023-04-30,2023-04-30,38,2024,1,Kebbi,North West,1,10,Avoid Route,26,Low,1,12,Extreme Danger
IBD026965,"Army vs Bandits, Zamfara",2023-04-30,2023-04-30,3,2024,1,Zamfara,North West,1,8,Avoid Route,15,Low,1,10,High Risk
IBD026982,"Police vs Kidnapper, Delta",2023-04-30,2023-04-30,2,2024,1,Delta,South South,1,5,Caution,83,High,5,11,High Risk
IBD027069,"Ritual Killing, Ogun",2023-04-30,2023-04-30,1,2024,1,Ogun,South West,0,0,Safe,72,Moderate,3,3,Low Risk
IBD026966,"Auto Crash, Kogi",2023-04-30,2023-04-30,2,2024,1,Kogi,North Central,0,0,Safe,17,Low,1,1,Low Risk
IBD026969,"Auto Crash, Ogun",2023-04-30,2023-04-30,3,2024,1,Ogun,South West,0,3,Safe,59,Moderate,3,6,Moderate Risk
IBD026973,"Army vs Terrorists, Borno",2023-04-29,2023-04-29,47,2024,1,Borno,North East,1,10,Avoid Route,42,Low,1,12,Extreme Danger
IBD026967,"Banditry, Niger",2023-04-29,2023-04-30,20,2024,1,Niger,North Central,1,10,Avoid Route,28,Low,1,12,Extreme Danger
IBD026979,"Assailant vs Man, Lagos",2023-04-29,2023-04-29,1,2024,1,Lagos,South West,0,0,Safe,86,High,5,5,Moderate Risk
IBD026984,"OPC Members vs Women, Ondo",2023-04-29,2023-04-29,1,2024,1,Ondo,South West,0,0,Safe,67,Moderate,3,3,Low Risk
IBD026977,"Gunmen vs Army, Nasarawa",2023-04-29,2023-04-29,1,2024,1,Nasarawa,North Central,1,5,Caution,11,Low,1,7,Moderate Risk
IBD026959,"Auto Crash, Osun",2023-04-28,2023-04-28,16,2024,1,Osun,South West,0,5,Caution,41,Low,1,6,Moderate Risk
IBD026962,"Auto Crash, Bayelsa",2023-04-28,2023-04-28,5,2024,1,Bayelsa,South South,0,3,Safe,93,High,5,8,High Risk
IBD026963,"Man Found Dead, Oyo",2023-04-28,2023-04-28,1,2024,1,Oyo,South West,0,0,Safe,42,Low,1,1,Low Risk
IBD026983,"Gas Explosion, Lagos",2023-04-28,2023-04-28,2,2024,1,Lagos,South West,0,0,Safe,88,High,5,5,Moderate Risk
IBD026961,"One Killed, Jigawa",2023-04-28,2023-04-28,1,2024,1,Jigawa,North West,0,0,Safe,28,Low,1,1,Low Risk
IBD026960,"Banditry, Zamfara",2023-04-28,2023-04-28,2,2024,1,Zamfara,North West,1,5,Caution,39,Low,1,7,Moderate Risk
IBD026956,"Police vs Kidnappers, Katsina",2023-04-28,2023-04-28,2,2024,1,Katsina,North West,1,5,Caution,11,Low,1,7,Moderate Risk
IBD026950,"Auto Crash, Bauchi",2023-04-27,2023-04-27,14,2024,1,Bauchi,North East,0,5,Caution,22,Low,1,6,Moderate Risk
IBD026948,"Man Drowns, Kano",2023-04-27,2023-04-27,1,2024,1,Kano,North West,0,0,Safe,42,Low,1,1,Low Risk
IBD026964,"Policeman Found Dead, Delta",2023-04-27,2023-04-27,1,2024,1,Delta,South South,0,0,Safe,86,High,5,5,Moderate Risk
IBD026951,"Cult Clash, Rivers",2023-04-27,2023-04-27,3,2024,1,Rivers,South South,0,3,Safe,97,High,5,8,High Risk
IBD026999,"Decomposed Corp, Kwara",2023-04-27,2023-04-27,2,2024,1,Kwara,North Central,0,0,Safe,26,Low,1,1,Low Risk
IBD026947,"Auto Crash, Plateau",2023-04-27,2023-04-27,18,2024,1,Plateau,North Central,0,5,Caution,26,Low,1,6,Moderate Risk
IBD027003,"Cultism, Osun",2023-04-27,2023-04-27,1,2024,1,Osun,South West,0,0,Safe,18,Low,1,1,Low Risk
IBD026949,"Miners Die, Bauchi",2023-04-26,2023-04-26,2,2024,1,Bauchi,North East,0,0,Safe,10,Low,1,1,Low Risk
IBD026976,"Gunmen vs Community Leader, Imo",2023-04-26,2023-04-26,1,2024,1,Imo,South East,1,5,Caution,79,Moderate,3,9,High Risk
IBD026955,"Cult Killing, Lagos",2023-04-26,2023-04-26,1,2024,1,Lagos,South West,0,0,Safe,96,High,5,5,Moderate Risk
IBD026952,"Cult Clash, Ogun",2023-04-26,2023-04-26,2,2024,1,Ogun,South West,0,0,Safe,72,Moderate,3,3,Low Risk
IBD026953,"Auto Crash, Ondo",2023-04-26,2023-04-26,3,2024,1,Ondo,South West,0,3,Safe,67,Moderate,3,6,Moderate Risk
IBD026916,"Policeman vs Yahoo Boys, Oyo",2023-04-25,2023-04-25,1,2024,1,Oyo,South West,0,0,Safe,33,Low,1,1,Low Risk
IBD026934,"Poisoned Stream, Enugu",2023-04-25,2023-04-25,2,2024,1,Enugu,South East,0,0,Safe,71,Moderate,3,3,Low Risk
IBD026944,"Army vs Bandits, Zamfara",2023-04-25,2023-04-25,5,2024,1,Zamfara,North West,1,8,Avoid Route,30,Low,1,10,High Risk
IBD026939,"Communal Clash, Nasarawa",2023-04-25,2023-04-25,3,2024,1,Nasarawa,North Central,0,3,Safe,47,Low,1,4,Moderate Risk
IBD026941,"Assailants vs Miners, Plateau",2023-04-25,2023-04-25,6,2024,1,Plateau,North Central,0,3,Safe,12,Low,1,4,Moderate Risk
IBD026933,"Gunmen Attack, Benue",2023-04-25,2023-04-25,15,2024,1,Benue,North Central,2,10,Avoid Route,22,Low,1,13,Extreme Danger
IBD026946,"Auto Crash, Bauchi",2023-04-25,2023-04-25,1,2024,1,Bauchi,North East,0,0,Safe,32,Low,1,1,Low Risk
IBD026912,"Auto Crash, Bauchi",2023-04-24,2023-04-24,5,2024,1,Bauchi,North East,0,3,Safe,22,Low,1,4,Moderate Risk
IBD026945,"Auto Crash, Bauchi",2023-04-24,2023-04-24,1,2024,1,Bauchi,North East,0,0,Safe,15,Low,1,1,Low Risk
IBD026940,"Undergraduate Drowns, Bayelsa",2023-04-24,2023-04-24,1,2024,1,Bayelsa,South South,0,0,Safe,86,High,5,5,Moderate Risk
IBD026927,"Gunmen vs Soldier, Taraba",2023-04-24,2023-04-24,1,2024,1,Taraba,North East,1,5,Caution,19,Low,1,7,Moderate Risk
IBD026919,"NURTW Clash, Ondo",2023-04-24,2023-04-24,2,2024,1,Ondo,South West,0,0,Safe,62,Moderate,3,3,Low Risk
IBD026907,"Auto Crash, Lagos",2023-04-24,2023-04-24,1,2024,1,Lagos,South West,0,0,Safe,92,High,5,5,Moderate Risk
IBD026924,"Cultists Kill Cyclist, Kwara",2023-04-24,2023-04-24,2,2024,1,Kwara,North Central,0,0,Safe,35,Low,1,1,Low Risk
IBD027094,"Extrajudicial Killing, Ogun",2023-04-24,2023-04-24,2,2024,1,Ogun,South West,0,0,Safe,78,Moderate,3,3,Low Risk
IBD026936,"Auto Crash, Kebbi",2023-04-24,2023-04-24,4,2024,1,Kebbi,North West,0,3,Safe,34,Low,1,4,Moderate Risk
IBD026930,"Extra-Judicial Killing, Kogi",2023-04-24,2023-04-24,1,2024,1,Kogi,North Central,0,0,Safe,48,Low,1,1,Low Risk
IBD026908,"Youths Clash, Abuja (FCT)",2023-04-24,2023-04-24,3,2024,1,FCT,North Central,0,3,Safe,26,Low,1,4,Moderate Risk
IBD026917,"Bandits Kill 2, Plateau",2023-04-24,2023-04-24,3,2024,1,Plateau,North Central,1,8,Avoid Route,16,Low,1,10,High Risk
IBD026911,"Gunmen Kill 5, Plateau",2023-04-23,2023-04-23,4,2024,1,Plateau,North Central,1,8,Avoid Route,36,Low,1,10,High Risk
IBD026905,"Witchcraft, Benue",2023-04-23,2023-04-23,3,2024,1,Benue,North Central,0,3,Safe,13,Low,1,4,Moderate Risk
IBD026918,"Mob vs Motorcycle Thief, Abuja (FCT)",2023-04-23,2023-04-23,1,2024,1,FCT,North Central,0,0,Safe,37,Low,1,1,Low Risk
IBD026909,"Gunmen Kill 7, Plateau",2023-04-23,2023-04-23,5,2024,1,Plateau,North Central,1,8,Avoid Route,49,Low,1,10,High Risk
IBD026923,"Herdsmen Attack, Ondo",2023-04-23,2023-04-23,1,2024,1,Ondo,South West,2,5,Caution,52,Moderate,3,10,High Risk
IBD026893,"Auto Crash, Ogun",2023-04-23,2023-04-23,7,2024,1,Ogun,South West,0,3,Safe,54,Moderate,3,6,Moderate Risk
IBD026992,"Police Kill Gang Leader, Abia",2023-04-23,2023-04-23,1,2024,1,Abia,South East,0,0,Safe,63,Moderate,3,3,Low Risk
IBD026931,"Police vs Kidnappers, Ebonyi",2023-04-23,2023-04-23,1,2024,1,Ebonyi,South East,1,5,Caution,34,Low,1,7,Moderate Risk
IBD026884,"Herdsmen Attack, Nasarawa",2023-04-23,2023-04-29,11,2024,1,Nasarawa,North Central,2,10,Avoid Route,28,Low,1,13,Extreme Danger
IBD026926,"Cult Killing, Rivers",2023-04-23,2023-04-23,1,2024,1,Rivers,South South,0,0,Safe,97,High,5,5,Moderate Risk
IBD026914,"Auto Crash, Kaduna",2023-04-23,2023-04-23,3,2024,1,Kaduna,North West,0,3,Safe,34,Low,1,4,Moderate Risk
IBD026906,"Boat Mishap, Kano",2023-04-22,2023-04-22,5,2024,1,Kano,North West,0,3,Safe,20,Low,1,4,Moderate Risk
IBD026883,"Mob vs Cultist, Imo",2023-04-22,2023-04-22,2,2024,1,Imo,South East,0,0,Safe,70,Moderate,3,3,Low Risk
IBD026942,"Assailants vs Governorship Candidate, Enugu",2023-04-22,2023-04-22,1,2024,1,Enugu,South East,0,0,Safe,70,Moderate,3,3,Low Risk
IBD026902,"Herdsmen Attack, Benue",2023-04-22,2023-04-22,4,2024,1,Benue,North Central,2,8,Avoid Route,49,Low,1,11,High Risk
IBD026935,"Youths Clash, Niger",2023-04-22,2023-04-22,1,2024,1,Niger,North Central,0,0,Safe,18,Low,1,1,Low Risk
IBD026913,"Man Dies Over Parking Space, Lagos",2023-04-22,2023-04-22,1,2024,1,Lagos,South West,0,0,Safe,84,High,5,5,Moderate Risk
IBD026922,"ISWAP vs Army, Borno",2023-04-22,2023-04-22,1,2024,1,Borno,North East,0,0,Safe,29,Low,1,1,Low Risk
IBD026894,"Army vs Terrorists, Zamfara",2023-04-22,2023-04-22,7,2024,1,Zamfara,North West,1,8,Avoid Route,11,Low,1,10,High Risk
IBD026886,"Gunmen vs Policemen, Imo",2023-04-21,2023-04-21,7,2024,1,Imo,South East,1,8,Avoid Route,57,Moderate,3,12,Extreme Danger
IBD026886,"Gunmen vs Policemen, Imo",2023-04-21,2023-04-21,7,2024,1,Imo,South East,1,8,Avoid Route,64,Moderate,3,12,Extreme Danger
IBD026910,"House Owner vs Man, Kogi",2023-04-21,2023-04-21,1,2024,1,Kogi,North Central,0,0,Safe,32,Low,1,1,Low Risk
IBD026891,"Sallah Auto Crash, Kwara",2023-04-21,2023-04-21,1,2024,1,Kwara,North Central,0,0,Safe,38,Low,1,1,Low Risk
IBD026943,"Land Dispute, Niger",2023-04-21,2023-04-21,8,2024,1,Niger,North Central,0,3,Safe,42,Low,1,4,Moderate Risk
IBD027015,"Army vs Terrorists, Kebbi",2023-04-21,2023-04-25,2,2024,1,Kebbi,North West,1,5,Caution,11,Low,1,7,Moderate Risk
IBD027018,"Army vs Terrorists, Zamfara",2023-04-21,2023-04-25,2,2024,1,Zamfara,North West,1,5,Caution,16,Low,1,7,Moderate Risk
IBD027025,"Cult Killing, Lagos",2023-04-21,2023-04-21,1,2024,1,Lagos,South West,0,0,Safe,97,High,5,5,Moderate Risk
IBD026957,"Domestic Violence, Oyo",2023-04-21,2023-04-21,1,2024,1,Oyo,South West,0,0,Safe,24,Low,1,1,Low Risk
IBD027017,"Army vs Terrorists, Zamfara",2023-04-21,2023-04-25,2,2024,1,Zamfara,North West,1,5,Caution,44,Low,1,7,Moderate Risk
IBD027044,"Boy vs Phone Dealer, Katsina",2023-04-21,2023-04-21,1,2024,1,Katsina,North West,0,0,Safe,41,Low,1,1,Low Risk
IBD027019,"Army vs Terrorists, Katsina",2023-04-21,2023-04-25,2,2024,1,Katsina,North West,1,5,Caution,22,Low,1,7,Moderate Risk
IBD027016,"Army vs Terrorists, Zamfara",2023-04-21,2023-04-25,2,2024,1,Zamfara,North West,1,5,Caution,28,Low,1,7,Moderate Risk
IBD027132,"Boy vs Neighbour, Ondo",2023-04-20,2023-04-20,1,2024,1,Ondo,South West,0,0,Safe,62,Moderate,3,3,Low Risk
IBD026904,"Army vs Terrorists, Borno",2023-04-20,2023-04-20,7,2024,1,Borno,North East,1,8,Avoid Route,43,Low,1,10,High Risk
IBD026825,"Rainstorm, Delta",2023-04-20,2023-04-20,6,2024,1,Delta,South South,0,3,Safe,83,High,5,8,High Risk
IBD027134,"Boy vs Colleague, Anambra",2023-04-20,2023-04-20,1,2024,1,Anambra,South East,0,0,Safe,78,Moderate,3,3,Low Risk
IBD026978,"Hunter, Ogun",2023-04-20,2023-04-20,1,2024,1,Ogun,South West,0,0,Safe,76,Moderate,3,3,Low Risk
IBD026921,"Murder, Gombe",2023-04-20,2023-04-20,1,2024,1,Gombe,North East,0,0,Safe,10,Low,1,1,Low Risk
IBD026869,"Mob vs Tricycle Rider, Bayelsa",2023-04-19,2023-04-19,2,2024,1,Bayelsa,South South,0,0,Safe,97,High,5,5,Moderate Risk
IBD026870,"Auto Crash, Lagos",2023-04-19,2023-04-19,2,2024,1,Lagos,South West,0,0,Safe,80,High,5,5,Moderate Risk
IBD026932,"Army vs Boko Haram, Borno",2023-04-19,2023-04-19,18,2024,1,Borno,North East,0,5,Caution,49,Low,1,6,Moderate Risk
IBD026890,"Flooding, Delta",2023-04-19,2023-04-19,1,2024,1,Delta,South South,0,0,Safe,88,High,5,5,Moderate Risk
IBD026887,"Gunmen vs Lecturer, Taraba",2023-04-19,2023-04-19,2,2024,1,Taraba,North East,1,5,Caution,17,Low,1,7,Moderate Risk
IBD026901,"Man Drowns, Kano",2023-04-19,2023-04-19,1,2024,1,Kano,North West,0,0,Safe,11,Low,1,1,Low Risk
IBD026871,"Gunmen vs Immigration Officers, Taraba",2023-04-19,2023-04-19,2,2024,1,Taraba,North East,1,5,Caution,14,Low,1,7,Moderate Risk
IBD026937,"Kidnappers vs Businessman, Adamawa",2023-04-19,2023-04-19,1,2024,1,Adamawa,North East,1,5,Caution,28,Low,1,7,Moderate Risk
IBD026892,"Bandits vs Villagers, Bauchi",2023-04-19,2023-04-19,20,2024,1,Bauchi,North East,1,10,Avoid Route,42,Low,1,12,Extreme Danger
IBD026900,"Assailants vs Vigilante Commander, Kano",2023-04-19,2023-04-19,1,2024,1,Kano,North West,0,0,Safe,48,Low,1,1,Low Risk
IBD026880,"Cult Killing, Rivers",2023-04-19,2023-04-19,1,2024,1,Rivers,South South,0,0,Safe,94,High,5,5,Moderate Risk
IBD026875,"Fence Collapse, FCT (Abuja)",2023-04-19,2023-04-19,2,2024,1,FCT,North Central,0,0,Safe,19,Low,1,1,Low Risk
IBD026897,"Cult Clash, Enugu",2023-04-18,2023-04-18,4,2024,1,Enugu,South East,0,3,Safe,76,Moderate,3,6,Moderate Risk
IBD027566,"Youth Leader, Lagos",2023-04-18,2023-04-18,1,2024,1,Lagos,South West,0,0,Safe,81,High,5,5,Moderate Risk
IBD026925,"Guard vs Motorcyclist, Ondo",2023-04-18,2023-04-18,1,2024,1,Ondo,South West,0,0,Safe,54,Moderate,3,3,Low Risk
IBD026876,"Auto Crash, Anambra",2023-04-18,2023-04-18,2,2024,1,Anambra,South East,0,0,Safe,60,Moderate,3,3,Low Risk
IBD026898,"Police vs Armed Robber, Imo",2023-04-18,2023-04-18,1,2024,1,Imo,South East,0,0,Safe,54,Moderate,3,3,Low Risk
IBD026896,"Hippopotamus Kills Woman, Benue",2023-04-18,2023-04-18,1,2024,1,Benue,North Central,0,0,Safe,28,Low,1,1,Low Risk
IBD026895,"Cult Clashes, Enugu",2023-04-18,2023-04-18,2,2024,1,Enugu,South East,0,0,Safe,71,Moderate,3,3,Low Risk
IBD026878,"Cultists Kill Man, Ogun",2023-04-18,2023-04-18,1,2024,1,Ogun,South West,0,0,Safe,59,Moderate,3,3,Low Risk
IBD026873,"Gunmen vs Man, Taraba",2023-04-18,2023-04-18,1,2024,1,Taraba,North East,1,5,Caution,37,Low,1,7,Moderate Risk
IBD026877,"Auto Crash, Bayelsa",2023-04-18,2023-04-18,1,2024,1,Bayelsa,South South,0,0,Safe,89,High,5,5,Moderate Risk
IBD026899,"Cult Clash, Enugu",2023-04-17,2023-04-17,11,2024,1,Enugu,South East,0,5,Caution,78,Moderate,3,8,High Risk
IBD027128,"Kidnapper Kill Ex-Teacher, FCT",2023-04-17,2023-04-17,2,2024,1,FCT,North Central,1,5,Caution,34,Low,1,7,Moderate Risk
IBD026903,"Army vs Terrorists, Borno",2023-04-17,2023-04-17,35,2024,1,Borno,North East,1,10,Avoid Route,23,Low,1,12,Extreme Danger
IBD026867,"Kidnappers vs Man, FCT (Abuja)",2023-04-17,2023-04-17,1,2024,1,FCT,North Central,1,5,Caution,42,Low,1,7,Moderate Risk
IBD026865,"Soldiers vs Police, Borno",2023-04-17,2023-04-17,1,2024,1,Borno,North East,0,0,Safe,35,Low,1,1,Low Risk
IBD026859,"Boko Haram Attack, Adamawa",2023-04-17,2023-04-17,3,2024,1,Adamawa,North East,1,8,Avoid Route,42,Low,1,10,High Risk
IBD026862,"Security Operatives vs Woman, Imo",2023-04-17,2023-04-17,3,2024,1,Imo,South East,0,3,Safe,71,Moderate,3,6,Moderate Risk
IBD026856,"Kidnappers, Rivers",2023-04-17,2023-04-17,2,2024,1,Rivers,South South,1,5,Caution,89,High,5,11,High Risk
IBD026920,"ISWAP vs Army, Borno",2023-04-17,2023-04-20,36,2024,1,Borno,North East,0,5,Caution,21,Low,1,6,Moderate Risk
IBD026866,"Security Operatives Kill Man, FCT (Abuja)",2023-04-17,2023-04-17,1,2024,1,FCT,North Central,0,0,Safe,19,Low,1,1,Low Risk
IBD026863,"Terrorists vs Community Leader, Kaduna",2023-04-16,2023-04-16,1,2024,1,Kaduna,North West,1,5,Caution,26,Low,1,7,Moderate Risk
IBD026857,"Auto Crash, Niger",2023-04-16,2023-04-16,1,2024,1,Niger,North Central,0,0,Safe,21,Low,1,1,Low Risk
IBD026860,"Hoodlums vs Soldier, Rivers",2023-04-16,2023-04-16,2,2024,1,Rivers,South South,0,0,Safe,85,High,5,5,Moderate Risk
IBD027116,"Murder, Lagos",2023-04-16,2023-04-16,1,2024,1,Lagos,South West,0,0,Safe,90,High,5,5,Moderate Risk
IBD026858,"Auto Crash, Anambra",2023-04-16,2023-04-16,1,2024,1,Anambra,South East,0,0,Safe,64,Moderate,3,3,Low Risk
IBD026849,"Banditry, Kaduna",2023-04-15,2023-04-15,29,2024,1,Kaduna,North West,1,10,Avoid Route,45,Low,1,12,Extreme Danger
IBD026844,"Political Violence, Kebbi",2023-04-15,2023-04-15,1,2024,1,Kebbi,North West,0,0,Safe,39,Low,1,1,Low Risk
IBD029706,"Ritual Killing, Osun",2023-04-15,2023-04-15,1,2024,1,Osun,South West,0,0,Safe,24,Low,1,1,Low Risk
IBD029635,"Communal Clashes, Enugu",2023-04-15,2023-04-22,13,2024,1,Enugu,South East,0,5,Caution,51,Moderate,3,8,High Risk
IBD030693,"Man vs Baby, Delta",2023-04-15,2023-04-15,1,2024,1,Delta,South South,0,0,Safe,86,High,5,5,Moderate Risk
IBD027010,"Gunmen Kill 3, Rivers",2023-04-15,2023-04-15,3,2024,1,Rivers,South South,1,8,Avoid Route,98,High,5,14,Extreme Danger
IBD026868,"Cultists, Rivers",2023-04-15,2023-04-21,3,2024,1,Rivers,South South,0,3,Safe,82,High,5,8,High Risk
IBD026847,"Coronation, Bauchi",2023-04-15,2023-04-15,1,2024,1,Bauchi,North East,0,0,Safe,11,Low,1,1,Low Risk
IBD026848,"Election Violence, Akwa Ibom",2023-04-15,2023-04-15,3,2024,1,Akwa Ibom,South South,0,3,Safe,93,High,5,8,High Risk
IBD026846,"Election Violence, Akwa Ibom",2023-04-15,2023-04-15,3,2024,1,Akwa Ibom,South South,0,3,Safe,100,High,5,8,High Risk
IBD026830,"Auto Crash, Ogun",2023-04-15,2023-04-15,3,2024,1,Ogun,South West,0,3,Safe,78,Moderate,3,6,Moderate Risk
IBD026839,"Auto Crash, Cross River",2023-04-15,2023-04-15,5,2024,1,Cross River,South South,0,3,Safe,97,High,5,8,High Risk
IBD026845,"Political Violence, Kano",2023-04-15,2023-04-15,3,2024,1,Kano,North West,0,3,Safe,21,Low,1,4,Moderate Risk
IBD026840,"Ritual Boy, Jigawa",2023-04-14,2023-04-14,1,2024,1,Jigawa,North West,0,0,Safe,14,Low,1,1,Low Risk
IBD026833,"Terrorists vs Police, Katsina",2023-04-14,2023-04-14,2,2024,1,Katsina,North West,1,5,Caution,47,Low,1,7,Moderate Risk
IBD026889,"Domestic Violence, Kaduna",2023-04-14,2023-04-14,1,2024,1,Kaduna,North West,0,0,Safe,30,Low,1,1,Low Risk
IBD026851,"Auto Crash, Lagos",2023-04-14,2023-04-14,1,2024,1,Lagos,South West,0,0,Safe,93,High,5,5,Moderate Risk
IBD026855,"Herders vs Farmers, Plateau",2023-04-14,2023-04-14,35,2024,1,Plateau,North Central,0,5,Caution,17,Low,1,6,Moderate Risk
IBD026838,"Auto Crash, Yobe",2023-04-14,2023-04-14,4,2024,1,Yobe,North East,0,3,Safe,46,Low,1,4,Moderate Risk
IBD027117,"Assailants vs Man, Lagos",2023-04-14,2023-04-14,1,2024,1,Lagos,South West,0,0,Safe,80,High,5,5,Moderate Risk
IBD026824,"Auto Crash, Ogun",2023-04-13,2023-04-13,7,2024,1,Ogun,South West,0,3,Safe,59,Moderate,3,6,Moderate Risk
IBD026841,"Police vs Kidnappers, Nasarawa",2023-04-13,2023-04-13,3,2024,1,Nasarawa,North Central,1,8,Avoid Route,44,Low,1,10,High Risk
IBD026835,"Auto Crash, Imo",2023-04-13,2023-04-13,3,2024,1,Imo,South East,0,3,Safe,70,Moderate,3,6,Moderate Risk
IBD026823,"Robbery Attack, Ogun",2023-04-13,2023-04-13,1,2024,1,Ogun,South West,1,5,Caution,66,Moderate,3,9,High Risk
IBD026842,"ISWAP Kills 10, Yobe",2023-04-13,2023-04-13,10,2024,1,Yobe,North East,0,5,Caution,20,Low,1,6,Moderate Risk
IBD026832,"Mob vs Thief, Akwa Ibom",2023-04-13,2023-04-13,1,2024,1,Akwa Ibom,South South,0,0,Safe,86,High,5,5,Moderate Risk
IBD026843,"Domestic Violence, Delta",2023-04-13,2023-04-13,1,2024,1,Delta,South South,0,0,Safe,99,High,5,5,Moderate Risk
IBD026834,"Building Collapse, Lagos",2023-04-12,2023-04-12,1,2024,1,Lagos,South West,0,0,Safe,81,High,5,5,Moderate Risk
IBD026821,"Banditry, Kaduna",2023-04-12,2023-04-12,8,2024,1,Kaduna,North West,1,8,Avoid Route,25,Low,1,10,High Risk
IBD026827,"Auto Crash, Rivers",2023-04-12,2023-04-12,1,2024,1,Rivers,South South,0,0,Safe,95,High,5,5,Moderate Risk
IBD026829,"Cultists vs Constabulary, Akwa Ibom",2023-04-12,2023-04-12,1,2024,1,Akwa Ibom,South South,0,0,Safe,98,High,5,5,Moderate Risk
IBD026828,"Army vs Terrorists, Zamfara",2023-04-12,2023-04-12,15,2024,1,Zamfara,North West,1,10,Avoid Route,12,Low,1,12,Extreme Danger
IBD026826,"Gunmen Kill 3, Rivers",2023-04-12,2023-04-12,3,2024,1,Rivers,South South,1,8,Avoid Route,88,High,5,14,Extreme Danger
IBD026831,"Auto Crash, Oyo",2023-04-12,2023-04-12,3,2024,1,Oyo,South West,0,3,Safe,39,Low,1,4,Moderate Risk
IBD026814,"Banditry, Kaduna",2023-04-12,2023-04-12,26,2024,1,Kaduna,North West,1,10,Avoid Route,12,Low,1,12,Extreme Danger
IBD026809,"Auto Crash, Cross River",2023-04-11,2023-04-11,6,2024,1,Cross River,South South,0,3,Safe,97,High,5,8,High Risk
IBD026817,"Flood Incident, Ogun",2023-04-11,2023-04-11,1,2024,1,Ogun,South West,0,0,Safe,67,Moderate,3,3,Low Risk
IBD026813,"Auto Crash, Ogun",2023-04-11,2023-04-11,5,2024,1,Ogun,South West,0,3,Safe,60,Moderate,3,6,Moderate Risk
IBD026850,"Flooding, Lagos",2023-04-11,2023-04-11,1,2024,1,Lagos,South West,0,0,Safe,93,High,5,5,Moderate Risk
IBD026820,"Auto Crash, Ogun",2023-04-11,2023-04-11,2,2024,1,Ogun,South West,0,0,Safe,73,Moderate,3,3,Low Risk
IBD026808,"Auto Crash, Ebonyi",2023-04-11,2023-04-11,12,2024,1,Ebonyi,South East,0,5,Caution,25,Low,1,6,Moderate Risk
IBD026818,"Army vs Bandits, Kaduna",2023-04-10,2023-04-10,2,2024,1,Kaduna,North West,1,5,Caution,38,Low,1,7,Moderate Risk
IBD026811,"Kidnappers, Kogi",2023-04-10,2023-04-10,1,2024,1,Kogi,North Central,1,5,Caution,44,Low,1,7,Moderate Risk
IBD026801,"Gunmen Attack, Kano",2023-04-10,2023-04-10,1,2024,1,Kano,North West,2,5,Caution,13,Low,1,8,High Risk
IBD026800,"Auto Crash, Ondo",2023-04-10,2023-04-10,4,2024,1,Ondo,South West,0,3,Safe,72,Moderate,3,6,Moderate Risk
IBD026815,"Hoodlums vs Policeman, Imo",2023-04-10,2023-04-10,1,2024,1,Imo,South East,0,0,Safe,58,Moderate,3,3,Low Risk
IBD026807,"Soldiers vs Bandits, Kaduna",2023-04-10,2023-04-10,2,2024,1,Kaduna,North West,1,5,Caution,40,Low,1,7,Moderate Risk
IBD026806,"Undergraduate, Osun",2023-04-10,2023-04-10,1,2024,1,Osun,South West,0,0,Safe,36,Low,1,1,Low Risk
IBD026802,"Gunmen Kill Man, Lagos",2023-04-10,2023-04-10,1,2024,1,Lagos,South West,1,5,Caution,90,High,5,11,High Risk
IBD027093,"Easter Day Auto Crash, Ebonyi",2023-04-09,2023-04-09,5,2024,1,Ebonyi,South East,0,3,Safe,37,Low,1,4,Moderate Risk
IBD026804,"Cult Killing, Lagos",2023-04-09,2023-04-09,1,2024,1,Lagos,South West,0,0,Safe,95,High,5,5,Moderate Risk
IBD026822,"Teenager Drowns, Kwara",2023-04-09,2023-04-09,1,2024,1,Kwara,North Central,0,0,Safe,46,Low,1,1,Low Risk
IBD026874,"Assailants vs Colleague, Kwara",2023-04-09,2023-04-09,1,2024,1,Kwara,North Central,0,0,Safe,21,Low,1,1,Low Risk
IBD026881,"Army vs Boko Haram, Borno",2023-04-09,2023-04-09,2,2024,1,Borno,North East,0,0,Safe,43,Low,1,1,Low Risk
IBD026888,"Assailants vs Motorcyclist, Bauchi",2023-04-09,2023-04-09,1,2024,1,Bauchi,North East,0,0,Safe,20,Low,1,1,Low Risk
IBD026799,"Police vs Bandits, Zamfara",2023-04-09,2023-04-09,2,2024,1,Zamfara,North West,1,5,Caution,43,Low,1,7,Moderate Risk
IBD026796,"Building Collapse, Kwara",2023-04-09,2023-04-09,1,2024,1,Kwara,North Central,0,0,Safe,16,Low,1,1,Low Risk
IBD026797,"Police vs Kidnapper, Adamawa",2023-04-09,2023-04-09,1,2024,1,Adamawa,North East,1,5,Caution,36,Low,1,7,Moderate Risk
IBD026882,"Army vs Boko Haram, Borno",2023-04-09,2023-04-09,2,2024,1,Borno,North East,0,0,Safe,14,Low,1,1,Low Risk
IBD026987,"Woman vs Co-wife, Lagos",2023-04-09,2023-04-09,1,2024,1,Lagos,South West,0,0,Safe,88,High,5,5,Moderate Risk
IBD026803,"Bartender vs Colleague, Lagos",2023-04-09,2023-04-09,1,2024,1,Lagos,South West,0,0,Safe,95,High,5,5,Moderate Risk
IBD026805,"Political Violence, Delta",2023-04-09,2023-04-09,1,2024,1,Delta,South South,0,0,Safe,83,High,5,5,Moderate Risk
IBD026786,"Hoodlums vs Cattle Dealer, FCT (Abuja)",2023-04-08,2023-04-08,1,2024,1,FCT,North Central,0,0,Safe,32,Low,1,1,Low Risk
IBD026787,"Auto Crash, Kaduna",2023-04-08,2023-04-08,3,2024,1,Kaduna,North West,0,3,Safe,37,Low,1,4,Moderate Risk
IBD026791,"Army vs Bandits, Zamfara",2023-04-08,2023-04-08,2,2024,1,Zamfara,North West,1,5,Caution,26,Low,1,7,Moderate Risk
IBD026782,"Auto Crash, Enugu",2023-04-08,2023-04-08,22,2024,1,Enugu,South East,0,5,Caution,54,Moderate,3,8,High Risk
IBD026793,"Man Drowns, Plateau",2023-04-08,2023-04-08,1,2024,1,Plateau,North Central,0,0,Safe,10,Low,1,1,Low Risk
IBD026792,"Army vs Bandits, Katsina",2023-04-08,2023-04-08,1,2024,1,Katsina,North West,1,5,Caution,27,Low,1,7,Moderate Risk
IBD027054,"Inferno, Kano",2023-04-08,2023-04-15,23,2024,1,Kano,North West,0,5,Caution,28,Low,1,6,Moderate Risk
IBD026785,"Communal Clash, Sokoto",2023-04-07,2023-04-07,38,2024,1,Sokoto,North West,0,5,Caution,46,Low,1,6,Moderate Risk
IBD026770,"Armed Robber vs Mob, Oyo",2023-04-07,2023-04-07,1,2024,1,Oyo,South West,0,0,Safe,39,Low,1,1,Low Risk
IBD026819,"Bandits vs Court Registrar, Niger",2023-04-07,2023-04-07,30,2024,1,Niger,North Central,1,10,Avoid Route,18,Low,1,12,Extreme Danger
IBD026816,"Cult Killing, Lagos",2023-04-07,2023-04-12,4,2024,1,Lagos,South West,0,3,Safe,85,High,5,8,High Risk
IBD026784,"Herdsmen Attack, Benue",2023-04-07,2023-04-07,39,2024,1,Benue,North Central,2,10,Avoid Route,27,Low,1,13,Extreme Danger
IBD026779,"Gunmen Kill Police Officer, Rivers",2023-04-07,2023-04-07,1,2024,1,Rivers,South South,1,5,Caution,98,High,5,11,High Risk
IBD026783,"Gunmen Kill Policeman, Lagos",2023-04-06,2023-04-06,1,2024,1,Lagos,South West,1,5,Caution,90,High,5,11,High Risk
IBD026768,"Gunmen vs Policemen, Edo",2023-04-06,2023-04-06,4,2024,1,Edo,South South,1,8,Avoid Route,72,Moderate,3,12,Extreme Danger
IBD026778,"Assailant vs Man, Ekiti",2023-04-06,2023-04-06,1,2024,1,Ekiti,South West,0,0,Safe,39,Low,1,1,Low Risk
IBD026767,"Cultism, Ondo",2023-04-06,2023-04-06,1,2024,1,Ondo,South West,0,0,Safe,78,Moderate,3,3,Low Risk
IBD026772,"Herdsmen Clash, Taraba",2023-04-06,2023-04-06,30,2024,1,Taraba,North East,1,10,Avoid Route,48,Low,1,12,Extreme Danger
IBD026762,"Gunmen Kill 4, Kaduna",2023-04-06,2023-04-06,4,2024,1,Kaduna,North West,1,8,Avoid Route,49,Low,1,10,High Risk
IBD026773,"Boat Mishap, Bayelsa",2023-04-06,2023-04-06,13,2024,1,Bayelsa,South South,0,5,Caution,84,High,5,10,High Risk
IBD026775,"Kidnappers, Nasarawa",2023-04-06,2023-04-06,1,2024,1,Nasarawa,North Central,1,5,Caution,19,Low,1,7,Moderate Risk
IBD026812,"Man vs Friend, Lagos",2023-04-06,2023-04-06,1,2024,1,Lagos,South West,0,0,Safe,96,High,5,5,Moderate Risk
IBD026766,"Assailants vs Men, Lagos",2023-04-05,2023-04-05,3,2024,1,Lagos,South West,0,3,Safe,97,High,5,8,High Risk
IBD026754,"Police Kill Phone Seller, Delta",2023-04-05,2023-04-05,1,2024,1,Delta,South South,0,0,Safe,86,High,5,5,Moderate Risk
IBD026774,"Auto Crash, Niger",2023-04-05,2023-04-05,2,2024,1,Niger,North Central,0,0,Safe,13,Low,1,1,Low Risk
IBD026790,"Online Vendor, Oyo",2023-04-05,2023-04-05,1,2024,1,Oyo,South West,0,0,Safe,21,Low,1,1,Low Risk
IBD026769,"Mob vs Man, Bauchi",2023-04-05,2023-04-05,1,2024,1,Bauchi,North East,0,0,Safe,10,Low,1,1,Low Risk
IBD026765,"Herders Attack, Benue",2023-04-05,2023-04-05,49,2024,1,Benue,North Central,1,10,Avoid Route,18,Low,1,12,Extreme Danger
IBD026776,"Herdsmen vs Commuter, Delta",2023-04-05,2023-04-05,1,2024,1,Delta,South South,1,5,Caution,80,High,5,11,High Risk
IBD026753,"Motorcyclists vs Police, Lagos",2023-04-05,2023-04-05,1,2024,1,Lagos,South West,0,0,Safe,95,High,5,5,Moderate Risk
IBD027036,"Drown, Osun",2023-04-05,2023-04-05,1,2024,1,Osun,South West,0,0,Safe,45,Low,1,1,Low Risk
IBD026744,"Cult Killing, Edo",2023-04-04,2023-04-04,1,2024,1,Edo,South South,0,0,Safe,56,Moderate,3,3,Low Risk
IBD026771,"Army vs Boko Haram, Borno",2023-04-04,2023-04-04,18,2024,1,Borno,North East,0,5,Caution,46,Low,1,6,Moderate Risk
IBD026757,"Boko Haram vs Pastor, Borno",2023-04-04,2023-04-04,1,2024,1,Borno,North East,0,0,Safe,19,Low,1,1,Low Risk
IBD026745,"Auto Crash, Osun",2023-04-04,2023-04-04,6,2024,1,Osun,South West,0,3,Safe,34,Low,1,4,Moderate Risk
IBD026759,"Auto Crash, Delta",2023-04-04,2023-04-04,1,2024,1,Delta,South South,0,0,Safe,90,High,5,5,Moderate Risk
IBD026761,"Auto Crash, Bauchi",2023-04-04,2023-04-04,2,2024,1,Bauchi,North East,0,0,Safe,33,Low,1,1,Low Risk
IBD026760,"Herders Attack, Benue",2023-04-04,2023-04-04,3,2024,1,Benue,North Central,1,8,Avoid Route,42,Low,1,10,High Risk
IBD026755,"Auto Crash, Kano",2023-04-04,2023-04-04,3,2024,1,Kano,North West,0,3,Safe,15,Low,1,4,Moderate Risk
IBD026743,"Auto Crash, Anambra",2023-04-04,2023-04-04,3,2024,1,Anambra,South East,0,3,Safe,78,Moderate,3,6,Moderate Risk
IBD026852,"Gunmen vs Bouncer, Edo",2023-04-03,2023-04-03,1,2024,1,Edo,South South,1,5,Caution,74,Moderate,3,9,High Risk
IBD026740,"Herdsmen Attack, Taraba",2023-04-03,2023-04-03,14,2024,1,Taraba,North East,2,10,Avoid Route,17,Low,1,13,Extreme Danger
IBD026729,"Police vs Trader, Plateau",2023-04-03,2023-04-03,1,2024,1,Plateau,North Central,0,0,Safe,28,Low,1,1,Low Risk
IBD026731,"Auto Crash, Osun",2023-04-03,2023-04-03,1,2024,1,Osun,South West,0,0,Safe,18,Low,1,1,Low Risk
IBD026733,"Political Violence, Rivers",2023-04-03,2023-04-03,1,2024,1,Rivers,South South,0,0,Safe,82,High,5,5,Moderate Risk
IBD026763,"Mob vs Motorcycle Thief, Niger",2023-04-03,2023-04-03,1,2024,1,Niger,North Central,0,0,Safe,43,Low,1,1,Low Risk
IBD026764,"Inferno, Kaduna",2023-04-03,2023-04-03,3,2024,1,Kaduna,North West,0,3,Safe,41,Low,1,4,Moderate Risk
IBD026749,"One Killed, Jigawa",2023-04-03,2023-04-03,1,2024,1,Jigawa,North West,0,0,Safe,29,Low,1,1,Low Risk
IBD026742,"Herder vs Community Leader, Benue",2023-04-03,2023-04-03,3,2024,1,Benue,North Central,0,3,Safe,17,Low,1,4,Moderate Risk
IBD026739,"Gunmen Kill 3, Adamawa",2023-04-03,2023-04-03,3,2024,1,Adamawa,North East,1,8,Avoid Route,33,Low,1,10,High Risk
IBD026789,"Herdsmen vs Worshippers, Benue",2023-04-03,2023-04-03,1,2024,1,Benue,North Central,1,5,Caution,42,Low,1,7,Moderate Risk
IBD026746,"Cultists Kill 1, Ekiti",2023-04-03,2023-04-03,1,2024,1,Ekiti,South West,0,0,Safe,37,Low,1,1,Low Risk
IBD026756,"Extra Judicial Killing, Taraba",2023-04-03,2023-04-03,1,2024,1,Taraba,North East,0,0,Safe,40,Low,1,1,Low Risk
IBD026723,"Assailants vs Police Officer, Niger",2023-04-02,2023-04-02,1,2024,1,Niger,North Central,0,0,Safe,38,Low,1,1,Low Risk
IBD026795,"Police vs IPOB, Abia",2023-04-02,2023-04-02,4,2024,1,Abia,South East,0,3,Safe,65,Moderate,3,6,Moderate Risk
IBD026735,"Auto Crash, Osun",2023-04-02,2023-04-02,1,2024,1,Osun,South West,0,0,Safe,10,Low,1,1,Low Risk
IBD026780,"Auto Crash, FCT (Abuja)",2023-04-02,2023-04-02,1,2024,1,FCT,North Central,0,0,Safe,47,Low,1,1,Low Risk
IBD026734,"Communal Clash, Kaduna",2023-04-02,2023-04-02,2,2024,1,Kaduna,North West,0,0,Safe,35,Low,1,1,Low Risk
IBD026748,"Auto Crash, Niger",2023-04-02,2023-04-02,1,2024,1,Niger,North Central,0,0,Safe,49,Low,1,1,Low Risk
IBD026721,"Gunmen in Church, Benue",2023-04-02,2023-04-02,1,2024,1,Benue,North Central,1,5,Caution,28,Low,1,7,Moderate Risk
IBD026737,"Assailants vs Man, Kano",2023-04-02,2023-04-02,1,2024,1,Kano,North West,0,0,Safe,36,Low,1,1,Low Risk
IBD026732,"Bandits vs Security Operatives, Niger",2023-04-02,2023-04-02,6,2024,1,Niger,North Central,1,8,Avoid Route,23,Low,1,10,High Risk
IBD026730,"Auto Crash, Edo",2023-04-02,2023-04-02,2,2024,1,Edo,South South,0,0,Safe,74,Moderate,3,3,Low Risk
IBD026724,"Banditry, Niger",2023-04-02,2023-04-02,7,2024,1,Niger,North Central,1,8,Avoid Route,22,Low,1,10,High Risk
IBD026727,"Gunmen Attack, Kogi",2023-04-02,2023-04-02,35,2024,1,Kogi,North Central,2,10,Avoid Route,14,Low,1,13,Extreme Danger
IBD026720,Troops vs Bandits,2023-04-01,2023-04-01,11,2024,1,Unknown,,1,10,Avoid Route,30,Low,1,12,Extreme Danger
IBD028127,"Communal Crisis, Cross River",2023-04-01,2023-04-01,10,2024,1,Cross River,South South,0,5,Caution,86,High,5,10,High Risk
IBD027911,"Cult Killing, Lagos",2023-04-01,2023-04-07,5,2024,1,Lagos,South West,0,3,Safe,89,High,5,8,High Risk
IBD026915,"Man vs Friend, Enugu",2023-04-01,2023-04-01,1,2024,1,Enugu,South East,0,0,Safe,79,Moderate,3,3,Low Risk
IBD027007,"Gunmen Kill 16, Rivers",2023-04-01,2023-04-30,15,2024,1,Rivers,South South,1,10,Avoid Route,81,High,5,16,Extreme Danger
IBD026929,"Extrajudicial Killing, FCT",2023-04-01,2023-04-06,2,2024,1,FCT,North Central,0,0,Safe,49,Low,1,1,Low Risk
IBD027702,"Mob vs Armed Robber, Cross River",2023-04-01,2023-04-01,1,2024,1,Cross River,South South,0,0,Safe,83,High,5,5,Moderate Risk
IBD026719,"Army vs Bandits, Kaduna",2023-04-01,2023-04-01,5,2024,1,Kaduna,North West,1,8,Avoid Route,36,Low,1,10,High Risk
IBD026725,"Gunmen vs Traffic Controller, Rivers",2023-04-01,2023-04-01,1,2024,1,Rivers,South South,1,5,Caution,86,High,5,11,High Risk
IBD026738,"Assassins Kill Man, Bayelsa",2023-04-01,2023-04-01,1,2024,1,Bayelsa,South South,0,0,Safe,80,High,5,5,Moderate Risk
IBD026728,"Fulani Herdsmen Attack, Kwara",2023-04-01,2023-04-01,1,2024,1,Kwara,North Central,2,5,Caution,11,Low,1,8,High Risk
IBD026718,"Bandits Kill 5, Katsina",2023-04-01,2023-04-01,5,2024,1,Katsina,North West,1,8,Avoid Route,14,Low,1,10,High Risk
IBD026716,"Gunmen Attack, Taraba",2023-03-31,2023-03-31,24,2024,1,Taraba,North East,2,10,Avoid Route,26,Low,1,13,Extreme Danger
IBD026711,"Security Operatives vs IPOB, Abia",2023-03-31,2023-03-31,28,2024,1,Abia,South East,0,5,Caution,52,Moderate,3,8,High Risk
IBD026713,"Communal Clash, Benue",2023-03-31,2023-03-31,3,2024,1,Benue,North Central,0,3,Safe,16,Low,1,4,Moderate Risk
IBD029366,"Man vs Friend, Kano",2023-03-30,2023-03-30,1,2024,1,Kano,North West,0,0,Safe,21,Low,1,1,Low Risk
IBD026709,"Land Grabbers Kill 2, Ogun",2023-03-30,2023-03-30,2,2024,1,Ogun,South West,0,0,Safe,74,Moderate,3,3,Low Risk
IBD026710,"Auto Crash, Bauchi",2023-03-30,2023-03-30,4,2024,1,Bauchi,North East,0,3,Safe,46,Low,1,4,Moderate Risk
IBD026736,"Farmers vs Herders, Nasarawa",2023-03-30,2023-03-30,4,2024,1,Nasarawa,North Central,0,3,Safe,27,Low,1,4,Moderate Risk
IBD026714,"Extra-judicial Killing, Niger",2023-03-30,2023-03-30,1,2024,1,Niger,North Central,0,0,Safe,22,Low,1,1,Low Risk
IBD026701,"Auto Crash, Bauchi",2023-03-29,2023-03-29,5,2024,1,Bauchi,North East,0,3,Safe,25,Low,1,4,Moderate Risk
IBD026707,"Auto Crash, Lagos",2023-03-29,2023-03-29,1,2024,1,Lagos,South West,0,0,Safe,87,High,5,5,Moderate Risk
IBD026777,"Auto Crash, Niger",2023-03-29,2023-03-29,3,2024,1,Niger,North Central,0,3,Safe,48,Low,1,4,Moderate Risk
IBD023065,"Co-tenants, Ekiti",2023-03-28,2023-03-28,1,2024,1,Ekiti,South West,0,0,Safe,11,Low,1,1,Low Risk
IBD026688,"Inferno, Lagos",2023-03-28,2023-03-28,1,2024,1,Lagos,South West,0,0,Safe,83,High,5,5,Moderate Risk
IBD026705,"Banditry, Niger",2023-03-28,2023-03-28,5,2024,1,Niger,North Central,1,8,Avoid Route,10,Low,1,10,High Risk
IBD026699,"Kidnappers Kill 2, Ogun",2023-03-28,2023-03-28,2,2024,1,Ogun,South West,1,5,Caution,76,Moderate,3,9,High Risk
IBD026702,"Banditry, Kaduna",2023-03-28,2023-03-28,3,2024,1,Kaduna,North West,1,8,Avoid Route,32,Low,1,10,High Risk
IBD026726,"Extrajudicial Killing, Anambra",2023-03-28,2023-03-28,1,2024,1,Anambra,South East,0,0,Safe,64,Moderate,3,3,Low Risk
IBD026700,"Cult Killing, Oyo",2023-03-28,2023-03-28,1,2024,1,Oyo,South West,0,0,Safe,35,Low,1,1,Low Risk
IBD026741,"Man vs Grirlfriend, Kano",2023-03-28,2023-03-28,1,2024,1,Kano,North West,0,0,Safe,34,Low,1,1,Low Risk
IBD026693,"Cult Killing, Ogun",2023-03-28,2023-03-28,1,2024,1,Ogun,South West,0,0,Safe,79,Moderate,3,3,Low Risk
IBD026703,"Police vs Bandit, Katsina",2023-03-28,2023-03-28,1,2024,1,Katsina,North West,1,5,Caution,42,Low,1,7,Moderate Risk
IBD026671,"Gunmen vs Security Operatives, Imo",2023-03-27,2023-03-27,4,2024,1,Imo,South East,1,8,Avoid Route,66,Moderate,3,12,Extreme Danger
IBD026672,"Soldiers vs Boko Haram, Borno",2023-03-27,2023-03-27,10,2024,1,Borno,North East,0,5,Caution,39,Low,1,6,Moderate Risk
IBD026677,"Vigilante Kills Man, Abia",2023-03-27,2023-03-27,1,2024,1,Abia,South East,0,0,Safe,52,Moderate,3,3,Low Risk
IBD026674,"Herdsmen Attack, Benue",2023-03-27,2023-03-27,4,2024,1,Benue,North Central,2,8,Avoid Route,26,Low,1,11,High Risk
IBD026854,"Electrocution, Lagos",2023-03-27,2023-03-27,1,2024,1,Lagos,South West,0,0,Safe,91,High,5,5,Moderate Risk
IBD026690,"Boko Haram IED, Borno",2023-03-27,2023-03-27,1,2024,1,Borno,North East,0,0,Safe,38,Low,1,1,Low Risk
IBD026687,"Auto Crash, Kebbi",2023-03-27,2023-03-27,12,2024,1,Kebbi,North West,0,5,Caution,19,Low,1,6,Moderate Risk
IBD026689,"Herdsmen Attack, Edo",2023-03-27,2023-03-27,2,2024,1,Edo,South South,2,5,Caution,68,Moderate,3,10,High Risk
IBD026691,"Auto Crash, Kebbi",2023-03-27,2023-03-27,23,2024,1,Kebbi,North West,0,5,Caution,37,Low,1,6,Moderate Risk
IBD026686,"Auto Crash, Bauchi",2023-03-27,2023-03-27,4,2024,1,Bauchi,North East,0,3,Safe,33,Low,1,4,Moderate Risk
IBD026694,"Bandits vs Baby, Kaduna",2023-03-27,2023-03-27,1,2024,1,Kaduna,North West,1,5,Caution,18,Low,1,7,Moderate Risk
IBD026685,"Auto Crash, Niger",2023-03-27,2023-03-27,24,2024,1,Niger,North Central,0,5,Caution,12,Low,1,6,Moderate Risk
IBD026684,"Cult Killing, Lagos",2023-03-27,2023-03-27,4,2024,1,Lagos,South West,0,3,Safe,81,High,5,8,High Risk
IBD026669,"Gunmen vs Policemen, Enugu",2023-03-26,2023-03-26,2,2024,1,Enugu,South East,1,5,Caution,51,Moderate,3,9,High Risk
IBD027200,"Found Dead, Lagos",2023-03-26,2023-03-26,3,2024,1,Lagos,South West,0,3,Safe,83,High,5,8,High Risk
IBD026673,"Herdsmen vs Man, Benue",2023-03-26,2023-03-26,1,2024,1,Benue,North Central,1,5,Caution,21,Low,1,7,Moderate Risk
IBD026675,"Cultism, Rivers",2023-03-26,2023-03-26,6,2024,1,Rivers,South South,0,3,Safe,80,High,5,8,High Risk
IBD026678,"Gunmen vs Officer, Plateau",2023-03-26,2023-03-26,1,2024,1,Plateau,North Central,1,5,Caution,33,Low,1,7,Moderate Risk
IBD026680,"Auto Crash, Niger",2023-03-26,2023-03-26,8,2024,1,Niger,North Central,0,3,Safe,31,Low,1,4,Moderate Risk
IBD026676,"Friends, Lagos",2023-03-26,2023-03-26,1,2024,1,Lagos,South West,0,0,Safe,87,High,5,5,Moderate Risk
IBD026661,"Auto Crash, Ondo",2023-03-26,2023-03-26,2,2024,1,Ondo,South West,0,0,Safe,75,Moderate,3,3,Low Risk
IBD026681,"Auto Crash, Niger",2023-03-25,2023-03-25,3,2024,1,Niger,North Central,0,3,Safe,24,Low,1,4,Moderate Risk
IBD026654,"Market Clash, Kwara",2023-03-25,2023-03-25,1,2024,1,Kwara,North Central,0,0,Safe,49,Low,1,1,Low Risk
IBD026670,"Boko Haram Attack, Borno",2023-03-25,2023-03-25,41,2024,1,Borno,North East,1,10,Avoid Route,19,Low,1,12,Extreme Danger
IBD026666,"Army vs Boko Haram, Borno",2023-03-25,2023-03-25,5,2024,1,Borno,North East,0,3,Safe,43,Low,1,4,Moderate Risk
IBD026683,"Herdsmen Attack, Benue",2023-03-25,2023-03-25,1,2024,1,Benue,North Central,2,5,Caution,12,Low,1,8,High Risk
IBD026698,"Hoodlums Kill 1, Kogi",2023-03-25,2023-03-25,1,2024,1,Kogi,North Central,0,0,Safe,17,Low,1,1,Low Risk
IBD026667,"Robbers, Anambra",2023-03-25,2023-03-26,6,2024,1,Anambra,South East,0,3,Safe,75,Moderate,3,6,Moderate Risk
IBD026682,"Sex Romp, Niger",2023-03-25,2023-03-25,1,2024,1,Niger,North Central,0,0,Safe,27,Low,1,1,Low Risk
IBD026692,"Cult Killing, Ogun",2023-03-24,2023-03-24,1,2024,1,Ogun,South West,0,0,Safe,71,Moderate,3,3,Low Risk
IBD026656,"Auto Crash, Ogun",2023-03-24,2023-03-24,4,2024,1,Ogun,South West,0,3,Safe,57,Moderate,3,6,Moderate Risk
IBD026663,"Army vs Boko Harm, Borno",2023-03-24,2023-03-24,7,2024,1,Borno,North East,0,3,Safe,35,Low,1,4,Moderate Risk
IBD026658,"Auto Crash, Lagos",2023-03-24,2023-03-24,2,2024,1,Lagos,South West,0,0,Safe,88,High,5,5,Moderate Risk
IBD026651,"Auto Crash, Bauchi",2023-03-23,2023-03-23,25,2024,1,Bauchi,North East,0,5,Caution,30,Low,1,6,Moderate Risk
IBD026655,"Terrorists vs Cleric, Kaduna",2023-03-23,2023-03-23,1,2024,1,Kaduna,North West,1,5,Caution,10,Low,1,7,Moderate Risk
IBD026647,"Auto Crash, Lagos",2023-03-23,2023-03-23,1,2024,1,Lagos,South West,0,0,Safe,88,High,5,5,Moderate Risk
IBD026648,"Herdsmen Attack, Benue",2023-03-23,2023-03-23,6,2024,1,Benue,North Central,2,8,Avoid Route,34,Low,1,11,High Risk
IBD026649,"Herdsmen Kill 1, Benue",2023-03-23,2023-03-23,1,2024,1,Benue,North Central,1,5,Caution,32,Low,1,7,Moderate Risk
IBD026660,"Auto Crash, Plateau",2023-03-23,2023-03-23,1,2024,1,Plateau,North Central,0,0,Safe,30,Low,1,1,Low Risk
IBD026657,"Mob vs Boy, Benue",2023-03-23,2023-03-23,3,2024,1,Benue,North Central,0,3,Safe,13,Low,1,4,Moderate Risk
IBD026650,"Pastor vs Woman, Ondo",2023-03-23,2023-03-23,1,2024,1,Ondo,South West,0,0,Safe,79,Moderate,3,3,Low Risk
IBD029527,"Boko Haram Attack, Yobe",2023-03-23,2023-03-23,1,2024,1,Yobe,North East,1,5,Caution,32,Low,1,7,Moderate Risk
IBD026861,"Kidnapping, Katsina",2023-03-23,2023-03-23,1,2024,1,Katsina,North West,1,5,Caution,37,Low,1,7,Moderate Risk
IBD018314,"Banditry, Kaduna",2023-03-21,2023-03-21,4,2024,1,Kaduna,North West,1,8,Avoid Route,38,Low,1,10,High Risk
IBD027105,"Robbery Attack, Oyo",2023-03-21,2023-03-21,1,2024,1,Oyo,South West,1,5,Caution,24,Low,1,7,Moderate Risk
IBD026633,"Grandmother vs Family, Ondo",2023-03-21,2023-03-21,4,2024,1,Ondo,South West,0,3,Safe,51,Moderate,3,6,Moderate Risk
IBD026642,"Political Thugs vs Man, Lagos",2023-03-21,2023-03-21,1,2024,1,Lagos,South West,0,0,Safe,83,High,5,5,Moderate Risk
IBD026634,"Ritual Killing, Ondo",2023-03-21,2023-03-21,1,2024,1,Ondo,South West,0,0,Safe,72,Moderate,3,3,Low Risk
IBD026697,"Brothers vs Cousin, Kwara",2023-03-21,2023-03-21,1,2024,1,Kwara,North Central,0,0,Safe,12,Low,1,1,Low Risk
IBD026704,"Terrorists Attack, Niger",2023-03-21,2023-03-21,5,2024,1,Niger,North Central,2,8,Avoid Route,36,Low,1,11,High Risk
IBD026708,"Police vs Kidnappers, Edo",2023-03-21,2023-03-21,2,2024,1,Edo,South South,1,5,Caution,51,Moderate,3,9,High Risk
IBD026958,"Malnutrition, Niger",2023-03-21,2023-03-21,1,2024,1,Niger,North Central,0,0,Safe,32,Low,1,1,Low Risk
IBD026627,"Political Violence, Taraba",2023-03-20,2023-03-20,2,2024,1,Taraba,North East,0,0,Safe,15,Low,1,1,Low Risk
IBD026641,"Political Violence, Bauchi",2023-03-20,2023-03-20,1,2024,1,Bauchi,North East,0,0,Safe,12,Low,1,1,Low Risk
IBD026652,"Post-Election Violence, Nasarawa",2023-03-20,2023-03-20,1,2024,1,Nasarawa,North Central,0,0,Safe,20,Low,1,1,Low Risk
IBD026636,"Auto Crash, Kwara",2023-03-20,2023-03-20,1,2024,1,Kwara,North Central,0,0,Safe,12,Low,1,1,Low Risk
IBD026637,"Herdsmen Attack, Bayelsa",2023-03-20,2023-03-20,1,2024,1,Bayelsa,South South,2,5,Caution,89,High,5,12,Extreme Danger
IBD026751,"Hoodlums Kill 1, Niger",2023-03-20,2023-03-20,1,2024,1,Niger,North Central,0,0,Safe,30,Low,1,1,Low Risk
IBD026639,"Extra Judicial Killing, Niger",2023-03-20,2023-03-20,3,2024,1,Niger,North Central,0,3,Safe,37,Low,1,4,Moderate Risk
IBD031933,"Assailant vs Man, FCT (Abuja)",2023-03-20,2023-03-20,1,2024,1,FCT,North Central,0,0,Safe,43,Low,1,1,Low Risk
IBD026643,"Coach vs Brother-in-law, Edo",2023-03-19,2023-03-19,1,2024,1,Edo,South South,0,0,Safe,54,Moderate,3,3,Low Risk
IBD026626,"Political Violence, Nasarawa",2023-03-19,2023-03-19,1,2024,1,Nasarawa,North Central,0,0,Safe,31,Low,1,1,Low Risk
IBD026628,"Election Crisis, Kogi",2023-03-19,2023-03-19,1,2024,1,Kogi,North Central,0,0,Safe,48,Low,1,1,Low Risk
IBD026646,"Police vs Kidnappers, Niger",2023-03-19,2023-03-19,2,2024,1,Niger,North Central,1,5,Caution,20,Low,1,7,Moderate Risk
IBD026624,"Post-Election Violence, Kano",2023-03-19,2023-03-19,1,2024,1,Kano,North West,0,0,Safe,20,Low,1,1,Low Risk
IBD026986,"Assailants vs Passengers, Delta",2023-03-19,2023-03-19,1,2024,1,Delta,South South,0,0,Safe,99,High,5,5,Moderate Risk
IBD026632,"Troops vs Bandit, Zamfara",2023-03-19,2023-03-19,6,2024,1,Zamfara,North West,1,8,Avoid Route,43,Low,1,10,High Risk
IBD026602,"Political Violence, Rivers",2023-03-18,2023-03-18,2,2024,1,Rivers,South South,0,0,Safe,82,High,5,5,Moderate Risk
IBD026599,"Political Violence, Benue",2023-03-18,2023-03-18,3,2024,1,Benue,North Central,0,3,Safe,41,Low,1,4,Moderate Risk
IBD026629,"Political Violence, Katsina",2023-03-18,2023-03-18,1,2024,1,Katsina,North West,0,0,Safe,17,Low,1,1,Low Risk
IBD026612,"Political Violence, Rivers",2023-03-18,2023-03-18,1,2024,1,Rivers,South South,0,0,Safe,95,High,5,5,Moderate Risk
IBD026608,"Political Violence, Niger",2023-03-18,2023-03-18,1,2024,1,Niger,North Central,0,0,Safe,47,Low,1,1,Low Risk
IBD026603,"Auto Crash, Osun",2023-03-18,2023-03-18,1,2024,1,Osun,South West,0,0,Safe,25,Low,1,1,Low Risk
IBD026615,"Political Violence, Ebonyi",2023-03-18,2023-03-18,1,2024,1,Ebonyi,South East,0,0,Safe,33,Low,1,1,Low Risk
IBD026601,"Political Violence, Rivers",2023-03-18,2023-03-18,4,2024,1,Rivers,South South,0,3,Safe,87,High,5,8,High Risk
IBD026653,"Election Violence, Delta",2023-03-18,2023-03-18,1,2024,1,Delta,South South,0,0,Safe,97,High,5,5,Moderate Risk
IBD026605,"Political Violence, Lagos",2023-03-18,2023-03-18,2,2024,1,Lagos,South West,0,0,Safe,98,High,5,5,Moderate Risk
IBD026606,"Political Violence, Delta",2023-03-18,2023-03-18,5,2024,1,Delta,South South,0,3,Safe,90,High,5,8,High Risk
IBD017981,"Terrorists vs Vigilante, Zamfara",2023-03-18,2023-03-18,51,2024,1,Zamfara,North West,1,10,Avoid Route,46,Low,1,12,Extreme Danger
IBD026604,"Assailants vs Party Agent, Osun",2023-03-18,2023-03-18,2,2024,1,Osun,South West,0,0,Safe,20,Low,1,1,Low Risk
IBD026614,"Political Violence, Borno",2023-03-18,2023-03-18,60,2024,1,Borno,North East,0,5,Caution,33,Low,1,6,Moderate Risk
IBD026664,"Political Violence, Lagos",2023-03-18,2023-03-18,1,2024,1,Lagos,South West,0,0,Safe,85,High,5,5,Moderate Risk
IBD026610,"Political Violence, Akwa Ibom",2023-03-18,2023-03-18,4,2024,1,Akwa Ibom,South South,0,3,Safe,81,High,5,8,High Risk
IBD026679,"Political Violence, Rivers",2023-03-18,2023-03-18,7,2024,1,Rivers,South South,0,3,Safe,97,High,5,8,High Risk
IBD026609,"Political Violence, Delta",2023-03-18,2023-03-18,1,2024,1,Delta,South South,0,0,Safe,92,High,5,5,Moderate Risk
IBD026621,"Couple Found Dead, Lagos",2023-03-18,2023-03-18,2,2024,1,Lagos,South West,0,0,Safe,86,High,5,5,Moderate Risk
IBD026630,"Political Violence, Kebbi",2023-03-18,2023-03-18,1,2024,1,Kebbi,North West,0,0,Safe,19,Low,1,1,Low Risk
IBD026600,"Political Violence, Cross River",2023-03-18,2023-03-18,1,2024,1,Cross River,South South,0,0,Safe,94,High,5,5,Moderate Risk
IBD026620,"Political Violence, Rivers",2023-03-18,2023-03-18,1,2024,1,Rivers,South South,0,0,Safe,84,High,5,5,Moderate Risk
IBD026662,"Political Violence, Lagos",2023-03-18,2023-03-18,1,2024,1,Lagos,South West,0,0,Safe,83,High,5,5,Moderate Risk
IBD026617,"Political Violence, Ebonyi",2023-03-18,2023-03-18,1,2024,1,Ebonyi,South East,0,0,Safe,27,Low,1,1,Low Risk
IBD027855,"Assailants vs Man, Lagos",2023-03-17,2023-03-17,1,2024,1,Lagos,South West,0,0,Safe,90,High,5,5,Moderate Risk
IBD026598,"Auto Crash, Katsina",2023-03-17,2023-03-17,3,2024,1,Katsina,North West,0,3,Safe,36,Low,1,4,Moderate Risk
IBD026631,"Bandits vs Travellers, FCT (Abuja)",2023-03-17,2023-03-17,2,2024,1,FCT,North Central,1,5,Caution,24,Low,1,7,Moderate Risk
IBD026607,"Soldier vs Terrorists, Niger",2023-03-17,2023-03-17,48,2024,1,Niger,North Central,1,10,Avoid Route,44,Low,1,12,Extreme Danger
IBD026640,"Assailants vs Estate Agent, Ogun",2023-03-17,2023-03-17,2,2024,1,Ogun,South West,0,0,Safe,78,Moderate,3,3,Low Risk
IBD026611,"Political Violence, Akwa Ibom",2023-03-17,2023-03-17,3,2024,1,Akwa Ibom,South South,0,3,Safe,92,High,5,8,High Risk
IBD026618,"Bandits vs Security Operatives, Niger",2023-03-17,2023-03-17,9,2024,1,Niger,North Central,1,8,Avoid Route,45,Low,1,10,High Risk
IBD026623,"Bandits Attack, Kaduna",2023-03-17,2023-03-17,2,2024,1,Kaduna,North West,2,5,Caution,31,Low,1,8,High Risk
IBD026616,"Stampede, Lagos",2023-03-17,2023-03-17,2,2024,1,Lagos,South West,0,0,Safe,82,High,5,5,Moderate Risk
IBD026587,"Political Violence, Oyo",2023-03-16,2023-03-16,3,2024,1,Oyo,South West,0,3,Safe,35,Low,1,4,Moderate Risk
IBD026695,"Auto Crash, Lagos",2023-03-16,2023-03-16,1,2024,1,Lagos,South West,0,0,Safe,99,High,5,5,Moderate Risk
IBD026645,"Ritual Killing, Kwara",2023-03-16,2023-03-16,1,2024,1,Kwara,North Central,0,0,Safe,18,Low,1,1,Low Risk
IBD026596,"Man vs Neighbour, Ekiti",2023-03-16,2023-03-16,1,2024,1,Ekiti,South West,0,0,Safe,15,Low,1,1,Low Risk
IBD026613,"Political Violence, Osun",2023-03-16,2023-03-16,1,2024,1,Osun,South West,0,0,Safe,33,Low,1,1,Low Risk
IBD026668,"Rival Cult Clash, Lagos",2023-03-16,2023-03-16,2,2024,1,Lagos,South West,0,0,Safe,98,High,5,5,Moderate Risk
IBD026588,"Auto Crash, Kano",2023-03-15,2023-03-15,17,2024,1,Kano,North West,0,5,Caution,10,Low,1,6,Moderate Risk
IBD026696,"Ritual Killing, Kwara",2023-03-15,2023-03-15,1,2024,1,Kwara,North Central,0,0,Safe,33,Low,1,1,Low Risk
IBD026590,"Assailant vs Businessman, Osun",2023-03-15,2023-03-15,1,2024,1,Osun,South West,0,0,Safe,41,Low,1,1,Low Risk
IBD026592,"Security Agents vs Man, Anambra",2023-03-15,2023-03-15,1,2024,1,Anambra,South East,0,0,Safe,77,Moderate,3,3,Low Risk
IBD026750,"Assailants vs Village, Niger",2023-03-15,2023-03-15,1,2024,1,Niger,North Central,0,0,Safe,13,Low,1,1,Low Risk
IBD026591,"Gunmen vs Security Operatives, Niger",2023-03-15,2023-03-15,8,2024,1,Niger,North Central,1,8,Avoid Route,34,Low,1,10,High Risk
IBD026597,"Security Operatives vs Shi'ite, Kaduna",2023-03-15,2023-03-15,5,2024,1,Kaduna,North West,0,3,Safe,18,Low,1,4,Moderate Risk
IBD026584,"Auto Crash, Ogun",2023-03-14,2023-03-14,3,2024,1,Ogun,South West,0,3,Safe,52,Moderate,3,6,Moderate Risk
IBD026595,"Terrorists Attack, Niger",2023-03-14,2023-03-14,3,2024,1,Niger,North Central,2,8,Avoid Route,39,Low,1,11,High Risk
IBD026582,"Auto Crash, Edo",2023-03-14,2023-03-14,1,2024,1,Edo,South South,0,0,Safe,77,Moderate,3,3,Low Risk
IBD026581,"Terrorists Attack, Kaduna",2023-03-14,2023-03-14,10,2024,1,Kaduna,North West,2,10,Avoid Route,10,Low,1,13,Extreme Danger
IBD026586,"Auto Crash, Ogun",2023-03-14,2023-03-14,2,2024,1,Ogun,South West,0,0,Safe,52,Moderate,3,3,Low Risk
IBD026576,"Youths Clash, Benue",2023-03-13,2023-03-13,3,2024,1,Benue,North Central,0,3,Safe,25,Low,1,4,Moderate Risk
IBD026575,"Army vs Terrorists, Kaduna",2023-03-13,2023-03-13,1,2024,1,Kaduna,North West,1,5,Caution,47,Low,1,7,Moderate Risk
IBD026594,"Police vs Hotel Lodger, Ondo",2023-03-13,2023-03-13,1,2024,1,Ondo,South West,0,0,Safe,60,Moderate,3,3,Low Risk
IBD026593,"Brothers vs Siblings, Enugu",2023-03-13,2023-03-13,2,2024,1,Enugu,South East,0,0,Safe,62,Moderate,3,3,Low Risk
IBD026564,"Auto Crash, Bauchi",2023-03-13,2023-03-13,3,2024,1,Bauchi,North East,0,3,Safe,29,Low,1,4,Moderate Risk
IBD026577,"Terrorist Attack, Katsina",2023-03-13,2023-03-13,15,2024,1,Katsina,North West,2,10,Avoid Route,31,Low,1,13,Extreme Danger
IBD026579,"Man vs Neighbour's Daughter, Kano",2023-03-13,2023-03-13,1,2024,1,Kano,North West,0,0,Safe,14,Low,1,1,Low Risk
IBD026572,"Herdsmen vs Farmer, Bayelsa",2023-03-13,2023-03-13,1,2024,1,Bayelsa,South South,1,5,Caution,94,High,5,11,High Risk
IBD026574,"Auto Crash, Bauchi",2023-03-13,2023-03-13,6,2024,1,Bauchi,North East,0,3,Safe,28,Low,1,4,Moderate Risk
IBD026571,"Ritual Killing, Anambra",2023-03-13,2023-03-13,1,2024,1,Anambra,South East,0,0,Safe,73,Moderate,3,3,Low Risk
IBD026573,"Auto Crash, Bauchi",2023-03-13,2023-03-13,11,2024,1,Bauchi,North East,0,5,Caution,15,Low,1,6,Moderate Risk
IBD026794,"Herdsmen Attack, Benue",2023-03-12,2023-03-12,50,2024,1,Benue,North Central,2,10,Avoid Route,42,Low,1,13,Extreme Danger
IBD026569,"Auto Crash, Lagos",2023-03-12,2023-03-12,2,2024,1,Lagos,South West,0,0,Safe,83,High,5,5,Moderate Risk
IBD026567,"Man Found Dead, Cross River",2023-03-12,2023-03-12,1,2024,1,Cross River,South South,0,0,Safe,97,High,5,5,Moderate Risk
IBD026550,"Councillor, Ebonyi",2023-03-12,2023-03-12,1,2024,1,Ebonyi,South East,0,0,Safe,23,Low,1,1,Low Risk
IBD026583,"Man vs Woman, Gombe",2023-03-12,2023-03-12,1,2024,1,Gombe,North East,0,0,Safe,13,Low,1,1,Low Risk
IBD026565,"Task Force vs Driver, Rivers",2023-03-12,2023-03-12,1,2024,1,Rivers,South South,0,0,Safe,85,High,5,5,Moderate Risk
IBD026853,"Armed Robbers vs Man, Oyo",2023-03-12,2023-03-12,1,2024,1,Oyo,South West,0,0,Safe,30,Low,1,1,Low Risk
IBD027210,"One Killed, Kwara",2023-03-11,2023-03-11,1,2024,1,Kwara,North Central,0,0,Safe,13,Low,1,1,Low Risk
IBD026552,"One Dead, Oyo",2023-03-11,2023-03-11,1,2024,1,Oyo,South West,0,0,Safe,20,Low,1,1,Low Risk
IBD026570,"Woman vs Landlord, Ogun",2023-03-11,2023-03-11,1,2024,1,Ogun,South West,0,0,Safe,65,Moderate,3,3,Low Risk
IBD026560,"Bandits Kill 18, Katsina",2023-03-11,2023-03-11,20,2024,1,Katsina,North West,1,10,Avoid Route,33,Low,1,12,Extreme Danger
IBD029197,"Master Warrant Officer, Hamza Musa",2023-03-10,2023-03-10,1,2024,1,Unknown,,0,0,Safe,23,Low,1,1,Low Risk
IBD026551,"Two Found Dead, Ondo",2023-03-10,2023-03-10,2,2024,1,Ondo,South West,0,0,Safe,55,Moderate,3,3,Low Risk
IBD026535,"Auto Crash, Oyo",2023-03-09,2023-03-09,10,2024,1,Oyo,South West,0,5,Caution,49,Low,1,6,Moderate Risk
IBD026537,"Auto Crash, Lagos",2023-03-09,2023-03-09,5,2024,1,Lagos,South West,0,3,Safe,93,High,5,8,High Risk
IBD026556,"Domestic Violence, Plateau",2023-03-09,2023-03-09,1,2024,1,Plateau,North Central,0,0,Safe,41,Low,1,1,Low Risk
IBD026548,"Boy vs Girl, Ogun",2023-03-09,2023-03-09,1,2024,1,Ogun,South West,0,0,Safe,68,Moderate,3,3,Low Risk
IBD026549,"Bandits vs Pastor's Son, Kaduna",2023-03-09,2023-03-09,1,2024,1,Kaduna,North West,1,5,Caution,22,Low,1,7,Moderate Risk
IBD026534,"Auto Crash, Enugu",2023-03-09,2023-03-09,8,2024,1,Enugu,South East,0,3,Safe,71,Moderate,3,6,Moderate Risk
IBD026559,"Assailants vs Herders, Kaduna",2023-03-09,2023-03-12,17,2024,1,Kaduna,North West,0,5,Caution,35,Low,1,6,Moderate Risk
IBD026555,"Assailants vs Businessman, Oyo",2023-03-09,2023-03-09,1,2024,1,Oyo,South West,0,0,Safe,14,Low,1,1,Low Risk
IBD026536,"Train Accident, Lagos",2023-03-09,2023-03-09,6,2024,1,Lagos,South West,0,3,Safe,98,High,5,8,High Risk
IBD026545,"Auto Crash, Lagos",2023-03-09,2023-03-09,1,2024,1,Lagos,South West,0,0,Safe,96,High,5,5,Moderate Risk
IBD026539,"Boko Haram vs Fishermen, Borno",2023-03-08,2023-03-08,31,2024,1,Borno,North East,0,5,Caution,21,Low,1,6,Moderate Risk
IBD026542,"Boko Haram vs Police, Borno",2023-03-08,2023-03-08,1,2024,1,Borno,North East,0,0,Safe,42,Low,1,1,Low Risk
IBD026538,"Political Violence, Bauchi",2023-03-08,2023-03-08,1,2024,1,Bauchi,North East,0,0,Safe,17,Low,1,1,Low Risk
IBD026561,"Herders vs Farmers, Benue",2023-03-08,2023-03-09,7,2024,1,Benue,North Central,0,3,Safe,22,Low,1,4,Moderate Risk
IBD026529,"Fires Razes Market, Lagos",2023-03-08,2023-03-08,1,2024,1,Lagos,South West,0,0,Safe,81,High,5,5,Moderate Risk
IBD026546,"Auto Crash, Niger",2023-03-08,2023-03-08,1,2024,1,Niger,North Central,0,0,Safe,29,Low,1,1,Low Risk
IBD026544,"Police vs Gunmen, Ebonyi",2023-03-08,2023-03-08,3,2024,1,Ebonyi,South East,1,8,Avoid Route,14,Low,1,10,High Risk
IBD026558,"Herdsmen Attack, Benue",2023-03-08,2023-03-08,5,2024,1,Benue,North Central,2,8,Avoid Route,10,Low,1,11,High Risk
IBD026533,"Police vs Bandits, Katsina",2023-03-08,2023-03-08,3,2024,1,Katsina,North West,1,8,Avoid Route,11,Low,1,10,High Risk
IBD026563,"Army vs Man, Benue",2023-03-08,2023-03-08,1,2024,1,Benue,North Central,0,0,Safe,10,Low,1,1,Low Risk
IBD026530,"Bandits vs Vigilantes, Kaduna",2023-03-07,2023-03-07,6,2024,1,Kaduna,North West,1,8,Avoid Route,31,Low,1,10,High Risk
IBD026528,"Banditry, Niger",2023-03-07,2023-03-07,6,2024,1,Niger,North Central,1,8,Avoid Route,42,Low,1,10,High Risk
IBD026706,"NDLEA Officers vs Man, Lagos",2023-03-07,2023-03-07,1,2024,1,Lagos,South West,0,0,Safe,85,High,5,5,Moderate Risk
IBD026554,"Police vs Gunmen, Ebonyi",2023-03-07,2023-03-07,1,2024,1,Ebonyi,South East,1,5,Caution,33,Low,1,7,Moderate Risk
IBD026541,"Cultism, Oyo",2023-03-06,2023-03-06,1,2024,1,Oyo,South West,0,0,Safe,16,Low,1,1,Low Risk
IBD026540,"Cultism, Oyo",2023-03-06,2023-03-06,1,2024,1,Oyo,South West,0,0,Safe,18,Low,1,1,Low Risk
IBD026525,"Police vs Kidnapper, Delta",2023-03-06,2023-03-06,1,2024,1,Delta,South South,1,5,Caution,92,High,5,11,High Risk
IBD026519,"Gunmen Attack, Enugu",2023-03-06,2023-03-06,1,2024,1,Enugu,South East,2,5,Caution,71,Moderate,3,10,High Risk
IBD026532,"NAF vs Bandits, Kaduna",2023-03-05,2023-03-05,3,2024,1,Kaduna,North West,1,8,Avoid Route,25,Low,1,10,High Risk
IBD026520,"Auto Crash, Kaduna",2023-03-05,2023-03-05,10,2024,1,Kaduna,North West,0,5,Caution,43,Low,1,6,Moderate Risk
IBD026589,"Generator Fumes, Ogun",2023-03-05,2023-03-05,5,2024,1,Ogun,South West,0,3,Safe,64,Moderate,3,6,Moderate Risk
IBD026521,"Auto Crash, Kwara",2023-03-05,2023-03-05,1,2024,1,Kwara,North Central,0,0,Safe,12,Low,1,1,Low Risk
IBD026518,"Teenager vs Woman, Ondo",2023-03-05,2023-03-05,1,2024,1,Ondo,South West,0,0,Safe,55,Moderate,3,3,Low Risk
IBD026504,"Gunmen vs Village Head, Kano",2023-03-05,2023-03-05,1,2024,1,Kano,North West,1,5,Caution,44,Low,1,7,Moderate Risk
IBD027424,"Man vs Brother, Kaduna",2023-03-04,2023-03-04,1,2024,1,Kaduna,North West,0,0,Safe,12,Low,1,1,Low Risk
IBD026515,"Soldiers Kill Superior, Sokoto",2023-03-04,2023-03-04,3,2024,1,Sokoto,North West,0,3,Safe,32,Low,1,4,Moderate Risk
IBD026553,"Herdsmen vs Man, Nasarawa",2023-03-04,2023-03-04,1,2024,1,Nasarawa,North Central,1,5,Caution,41,Low,1,7,Moderate Risk
IBD026513,"Assailants vs Police Officers, Anambra",2023-03-04,2023-03-04,1,2024,1,Anambra,South East,0,0,Safe,76,Moderate,3,3,Low Risk
IBD026505,"Gunmen vs Police, Zamfara",2023-03-04,2023-03-04,5,2024,1,Zamfara,North West,1,8,Avoid Route,48,Low,1,10,High Risk
IBD026512,"Political Violence, Oyo",2023-03-04,2023-03-04,1,2024,1,Oyo,South West,0,0,Safe,34,Low,1,1,Low Risk
IBD026509,"Friend vs Man, Anambra",2023-03-04,2023-03-04,1,2024,1,Anambra,South East,0,0,Safe,53,Moderate,3,3,Low Risk
IBD026506,"Gunmen vs Cleric, Plateau",2023-03-04,2023-03-04,3,2024,1,Plateau,North Central,1,8,Avoid Route,37,Low,1,10,High Risk
IBD026527,"Domestic Violence, Edo",2023-03-04,2023-03-04,1,2024,1,Edo,South South,0,0,Safe,78,Moderate,3,3,Low Risk
IBD026514,"Herdsmen Attack, Edo",2023-03-04,2023-03-04,3,2024,1,Edo,South South,2,8,Avoid Route,77,Moderate,3,13,Extreme Danger
IBD026501,"ISWAP vs Boko Haram, Borno",2023-03-03,2023-03-03,15,2024,1,Borno,North East,0,5,Caution,38,Low,1,6,Moderate Risk
IBD026531,"Ritual Killings, FCT (Abuja)",2023-03-03,2023-03-03,1,2024,1,FCT,North Central,0,0,Safe,16,Low,1,1,Low Risk
IBD026510,"Police vs Kidnappers, Bauchi",2023-03-03,2023-03-03,2,2024,1,Bauchi,North East,1,5,Caution,36,Low,1,7,Moderate Risk
IBD026508,"Herdsmen Attack, Benue",2023-03-03,2023-03-06,42,2024,1,Benue,North Central,2,10,Avoid Route,13,Low,1,13,Extreme Danger
IBD026517,"Army vs Terrorists, Niger",2023-03-03,2023-03-03,1,2024,1,Niger,North Central,1,5,Caution,27,Low,1,7,Moderate Risk
IBD026494,"Auto Crash, Ogun",2023-03-03,2023-03-03,3,2024,1,Ogun,South West,0,3,Safe,63,Moderate,3,6,Moderate Risk
IBD026503,"Gunmen vs Vigilante, Rivers",2023-03-03,2023-03-03,1,2024,1,Rivers,South South,1,5,Caution,92,High,5,11,High Risk
IBD026497,"Army vs Bandits, Kaduna",2023-03-03,2023-03-03,1,2024,1,Kaduna,North West,1,5,Caution,19,Low,1,7,Moderate Risk
IBD026495,"Pipeline Explosion, Rivers",2023-03-03,2023-03-03,13,2024,1,Rivers,South South,0,5,Caution,99,High,5,10,High Risk
IBD029759,"Gunmen Attack, Kaduna",2023-03-02,2023-03-02,2,2024,1,Kaduna,North West,2,5,Caution,26,Low,1,8,High Risk
IBD026523,"Man vs Wife, Anambra",2023-03-02,2023-03-02,1,2024,1,Anambra,South East,0,0,Safe,58,Moderate,3,3,Low Risk
IBD026483,"Policeman Kill Lover, Kwara",2023-03-02,2023-03-02,1,2024,1,Kwara,North Central,0,0,Safe,34,Low,1,1,Low Risk
IBD026522,"Gunmen Kill 2, Nasarwa",2023-03-02,2023-03-02,2,2024,1,Unknown,,1,5,Caution,14,Low,1,7,Moderate Risk
IBD026747,"Man vs Brother, Kano",2023-03-02,2023-03-02,1,2024,1,Kano,North West,0,0,Safe,13,Low,1,1,Low Risk
IBD026500,"Armed Robbery vs Police, Ondo",2023-03-02,2023-03-02,1,2024,1,Ondo,South West,0,0,Safe,52,Moderate,3,3,Low Risk
IBD026486,"Auto Crash, Kwara",2023-03-02,2023-03-02,2,2024,1,Kwara,North Central,0,0,Safe,30,Low,1,1,Low Risk
IBD026484,"Police vs Terrorists, Katsina",2023-03-02,2023-03-02,2,2024,1,Katsina,North West,1,5,Caution,24,Low,1,7,Moderate Risk
IBD026665,"Cult Killing, Edo",2023-03-01,2023-03-01,1,2024,1,Edo,South South,0,0,Safe,50,Moderate,3,3,Low Risk
IBD026482,"Electrocution, Lagos",2023-03-01,2023-03-01,1,2024,1,Lagos,South West,0,0,Safe,86,High,5,5,Moderate Risk
IBD026496,"Auto Crash, Jigawa",2023-03-01,2023-03-01,4,2024,1,Jigawa,North West,0,3,Safe,36,Low,1,4,Moderate Risk
IBD026491,"Inferno, Borno",2023-03-01,2023-03-01,3,2024,1,Borno,North East,0,3,Safe,15,Low,1,4,Moderate Risk
IBD026490,"Robbers vs Woman, Oyo",2023-03-01,2023-03-01,1,2024,1,Oyo,South West,0,0,Safe,35,Low,1,1,Low Risk
IBD026712,"Hoodlums vs Police Officer, Benue",2023-03-01,2023-03-01,1,2024,1,Benue,North Central,0,0,Safe,39,Low,1,1,Low Risk
IBD026489,"Police vs Kidnappers, Oyo",2023-03-01,2023-03-01,1,2024,1,Oyo,South West,1,5,Caution,41,Low,1,7,Moderate Risk
IBD026717,"Generator Fumes, Lagos",2023-03-01,2023-03-01,5,2024,1,Lagos,South West,0,3,Safe,97,High,5,8,High Risk
IBD026493,"Bandits Attack, Kaduna",2023-03-01,2023-03-01,1,2024,1,Kaduna,North West,2,5,Caution,22,Low,1,8,High Risk
IBD026478,"Suspected Herdsmen vs Farmer, Niger",2023-02-28,2023-02-28,1,2024,1,Niger,North Central,1,5,Caution,47,Low,1,7,Moderate Risk
IBD026366,"Assailants vs Pregnant Woman, Benue",2023-02-28,2023-02-28,1,2024,1,Benue,North Central,0,0,Safe,44,Low,1,1,Low Risk
IBD026485,"Inferno, Lagos",2023-02-28,2023-02-28,1,2024,1,Lagos,South West,0,0,Safe,98,High,5,5,Moderate Risk
IBD026475,"Herdsmen Attack, Benue",2023-02-28,2023-02-28,7,2024,1,Benue,North Central,2,8,Avoid Route,41,Low,1,11,High Risk
IBD026466,"Couple Found Dead, Ogun",2023-02-27,2023-02-27,2,2024,1,Ogun,South West,0,0,Safe,56,Moderate,3,3,Low Risk
IBD026474,"Political Issue, Ebonyi",2023-02-27,2023-02-27,1,2024,1,Ebonyi,South East,0,0,Safe,36,Low,1,1,Low Risk
IBD026788,"Herdsmen Attack, Benue",2023-02-27,2023-03-07,244,2024,1,Benue,North Central,2,10,Avoid Route,43,Low,1,13,Extreme Danger
IBD026463,"Political Violence, Kano",2023-02-26,2023-02-26,1,2024,1,Kano,North West,0,0,Safe,36,Low,1,1,Low Risk
IBD026458,"Political Violence, Ondo",2023-02-26,2023-02-26,1,2024,1,Ondo,South West,0,0,Safe,79,Moderate,3,3,Low Risk
IBD026511,"Soldier vs Boy, Lagos",2023-02-26,2023-02-26,2,2024,1,Lagos,South West,0,0,Safe,84,High,5,5,Moderate Risk
IBD026464,"Political Issue, Benue",2023-02-26,2023-02-26,1,2024,1,Benue,North Central,0,0,Safe,38,Low,1,1,Low Risk
IBD026499,"ISWAP vs Boko Haram, Borno",2023-02-26,2023-02-27,200,2024,1,Borno,North East,0,5,Caution,47,Low,1,6,Moderate Risk
IBD026456,"Herdsmen Kill 13, Benue",2023-02-26,2023-02-26,13,2024,1,Benue,North Central,1,10,Avoid Route,49,Low,1,12,Extreme Danger
IBD026470,"Political Violence, Kano",2023-02-26,2023-02-26,5,2024,1,Kano,North West,0,3,Safe,41,Low,1,4,Moderate Risk
IBD026457,"Election Crisis, Rivers",2023-02-25,2023-02-25,2,2024,1,Rivers,South South,0,0,Safe,93,High,5,5,Moderate Risk
IBD026455,"Election Crisis, Kogi",2023-02-25,2023-02-25,1,2024,1,Kogi,North Central,0,0,Safe,49,Low,1,1,Low Risk
IBD026492,"Starvation, Kano",2023-02-25,2023-02-25,1,2024,1,Kano,North West,0,0,Safe,10,Low,1,1,Low Risk
IBD026507,"Assailants vs Fulani Youths, Plateau",2023-02-25,2023-02-25,3,2024,1,Plateau,North Central,0,3,Safe,23,Low,1,4,Moderate Risk
IBD026467,"Political Violence, Edo",2023-02-25,2023-02-25,2,2024,1,Edo,South South,0,0,Safe,57,Moderate,3,3,Low Risk
IBD026465,"Man vs Brother, Abia",2023-02-25,2023-02-25,2,2024,1,Abia,South East,0,0,Safe,58,Moderate,3,3,Low Risk
IBD026459,"Election Crisis, Taraba",2023-02-25,2023-02-25,1,2024,1,Taraba,North East,0,0,Safe,10,Low,1,1,Low Risk
IBD026471,"Gunmen vs INEC Official, Delta",2023-02-25,2023-02-25,1,2024,1,Delta,South South,1,5,Caution,84,High,5,11,High Risk
IBD026479,"Political Violence, Lagos",2023-02-25,2023-02-25,1,2024,1,Lagos,South West,0,0,Safe,97,High,5,5,Moderate Risk
IBD026566,"Gunmen Attack, Ebonyi",2023-02-25,2023-02-25,1,2024,1,Ebonyi,South East,2,5,Caution,11,Low,1,8,High Risk
IBD026461,"Auto Crash, Bauchi",2023-02-25,2023-02-25,3,2024,1,Bauchi,North East,0,3,Safe,30,Low,1,4,Moderate Risk
IBD026468,"Political Violence, Akwa Ibom",2023-02-25,2023-02-25,2,2024,1,Akwa Ibom,South South,0,0,Safe,80,High,5,5,Moderate Risk
IBD026476,"Political Violence, Gombe",2023-02-25,2023-02-25,10,2024,1,Gombe,North East,0,5,Caution,18,Low,1,6,Moderate Risk
IBD027490,"Political Issue, Gombe",2023-02-25,2023-02-25,1,2024,1,Gombe,North East,0,0,Safe,20,Low,1,1,Low Risk
IBD027909,"Cultist Kills Man, Ondo",2023-02-24,2023-02-25,3,2024,1,Ondo,South West,0,3,Safe,50,Moderate,3,6,Moderate Risk
IBD026473,"NDLEA vs Hoodlums, Taraba",2023-02-24,2023-02-24,1,2024,1,Taraba,North East,0,0,Safe,10,Low,1,1,Low Risk
IBD026462,"Bandits Attack, Niger",2023-02-24,2023-02-24,2,2024,1,Niger,North Central,2,5,Caution,38,Low,1,8,High Risk
IBD026469,"Auto Crash/Election, FCT (Abuja)",2023-02-24,2023-02-24,1,2024,1,FCT,North Central,0,0,Safe,24,Low,1,1,Low Risk
IBD026453,"Boko Haram/Election Crisis, Borno",2023-02-24,2023-02-24,1,2024,1,Borno,North East,0,0,Safe,38,Low,1,1,Low Risk
IBD026480,"Man Dies, Lagos",2023-02-24,2023-02-24,1,2024,1,Lagos,South West,0,0,Safe,81,High,5,5,Moderate Risk
IBD026450,"Gunmen Attack, Delta",2023-02-24,2023-02-24,2,2024,1,Delta,South South,2,5,Caution,83,High,5,12,Extreme Danger
IBD026460,"Auto Crash/Election, FCT (Abuja)",2023-02-24,2023-02-24,3,2024,1,FCT,North Central,0,3,Safe,35,Low,1,4,Moderate Risk
IBD026472,"Troops vs Bandits, Kaduna",2023-02-23,2023-02-23,5,2024,1,Kaduna,North West,1,8,Avoid Route,42,Low,1,10,High Risk
IBD026448,"Political Violence, Ebonyi",2023-02-23,2023-02-23,1,2024,1,Ebonyi,South East,0,0,Safe,33,Low,1,1,Low Risk
IBD026454,"Inferno, Kaduna",2023-02-23,2023-02-23,8,2024,1,Kaduna,North West,0,3,Safe,18,Low,1,4,Moderate Risk
IBD026442,"Political Violence, Kano",2023-02-23,2023-02-23,5,2024,1,Kano,North West,0,3,Safe,19,Low,1,4,Moderate Risk
IBD026452,"Political Violence, Imo",2023-02-23,2023-02-23,1,2024,1,Imo,South East,0,0,Safe,53,Moderate,3,3,Low Risk
IBD026445,"Auto Crash, Bauchi",2023-02-23,2023-02-23,15,2024,1,Bauchi,North East,0,5,Caution,31,Low,1,6,Moderate Risk
IBD026393,"Police Kill Kidnapper, Rivers",2023-02-23,2023-02-23,1,2024,1,Rivers,South South,1,5,Caution,86,High,5,11,High Risk
IBD026437,"Political Crisis, Osun",2023-02-22,2023-02-22,2,2024,1,Osun,South West,0,0,Safe,31,Low,1,1,Low Risk
IBD026441,"Herdsmen Attack, Benue",2023-02-22,2023-02-22,2,2024,1,Benue,North Central,2,5,Caution,20,Low,1,8,High Risk
IBD026444,"Political Violence, Ebonyi",2023-02-22,2023-02-22,1,2024,1,Ebonyi,South East,0,0,Safe,29,Low,1,1,Low Risk
IBD026443,"Herdsmen Attack, Benue",2023-02-22,2023-02-22,1,2024,1,Benue,North Central,2,5,Caution,42,Low,1,8,High Risk
IBD026438,"Political Crisis, Osun",2023-02-22,2023-02-22,5,2024,1,Osun,South West,0,3,Safe,32,Low,1,4,Moderate Risk
IBD026439,"Herdsmen Attack, Benue",2023-02-22,2023-02-22,1,2024,1,Benue,North Central,2,5,Caution,34,Low,1,8,High Risk
IBD026578,"Man vs Wife, Benue",2023-02-22,2023-02-22,1,2024,1,Benue,North Central,0,0,Safe,44,Low,1,1,Low Risk
IBD026451,"Lady vs Estate Agent, Benue",2023-02-22,2023-02-22,1,2024,1,Benue,North Central,0,0,Safe,33,Low,1,1,Low Risk
IBD026638,"Dog Bite, Lagos",2023-02-22,2023-02-22,1,2024,1,Lagos,South West,0,0,Safe,92,High,5,5,Moderate Risk
IBD026446,"Political Violence, Enugu",2023-02-22,2023-02-22,5,2024,1,Enugu,South East,0,3,Safe,55,Moderate,3,6,Moderate Risk
IBD026440,"Herdsmen Attack, Benue",2023-02-22,2023-02-22,3,2024,1,Benue,North Central,2,8,Avoid Route,45,Low,1,11,High Risk
IBD026447,"Political Violence, Enugu",2023-02-22,2023-02-22,2,2024,1,Enugu,South East,0,0,Safe,73,Moderate,3,3,Low Risk
IBD029117,"Fulani Herdsmen Attacjk, Enugu",2023-02-21,2023-02-22,7,2024,1,Enugu,South East,1,8,Avoid Route,56,Moderate,3,12,Extreme Danger
IBD026430,"Gunmen vs Woman, Imo",2023-02-21,2023-02-21,1,2024,1,Imo,South East,1,5,Caution,64,Moderate,3,9,High Risk
IBD026433,"Auto Crash, Lagos",2023-02-21,2023-02-21,2,2024,1,Lagos,South West,0,0,Safe,92,High,5,5,Moderate Risk
IBD026435,"Explosion, Delta",2023-02-20,2023-02-20,30,2024,1,Delta,South South,0,5,Caution,83,High,5,10,High Risk
IBD026423,"Gunmen vs Police Officers, Anambra",2023-02-20,2023-02-20,7,2024,1,Anambra,South East,1,8,Avoid Route,78,Moderate,3,12,Extreme Danger
IBD026436,"Army vs ISWAP, Yobe",2023-02-20,2023-02-20,25,2024,1,Yobe,North East,0,5,Caution,21,Low,1,6,Moderate Risk
IBD026547,"Landlord's Son vs Tenant, Lagos",2023-02-20,2023-02-20,1,2024,1,Lagos,South West,0,0,Safe,99,High,5,5,Moderate Risk
IBD026432,"Police vs Kidnappers, Kwara",2023-02-20,2023-02-20,2,2024,1,Kwara,North Central,1,5,Caution,36,Low,1,7,Moderate Risk
IBD026419,"Security Agents vs Gunmen, Anambra",2023-02-19,2023-02-19,6,2024,1,Anambra,South East,1,8,Avoid Route,55,Moderate,3,12,Extreme Danger
IBD026449,"Pregnant Woman vs Woman, Bayelsa",2023-02-19,2023-02-19,1,2024,1,Bayelsa,South South,0,0,Safe,86,High,5,5,Moderate Risk
IBD026424,"Inferno, Kwara",2023-02-19,2023-02-19,1,2024,1,Kwara,North Central,0,0,Safe,14,Low,1,1,Low Risk
IBD026426,"Political Violence, Kano",2023-02-19,2023-02-19,1,2024,1,Kano,North West,0,0,Safe,26,Low,1,1,Low Risk
IBD026427,"Auto Crash, Ebonyi",2023-02-18,2023-02-18,8,2024,1,Ebonyi,South East,0,3,Safe,16,Low,1,4,Moderate Risk
IBD026415,"Gunmen Attack, Anambra",2023-02-18,2023-02-18,3,2024,1,Anambra,South East,2,8,Avoid Route,79,Moderate,3,13,Extreme Danger
IBD026421,"Motor Boy Drowns, Oyo",2023-02-18,2023-02-18,1,2024,1,Oyo,South West,0,0,Safe,11,Low,1,1,Low Risk
IBD026420,"Political Violence, Ebonyi",2023-02-18,2023-02-18,1,2024,1,Ebonyi,South East,0,0,Safe,15,Low,1,1,Low Risk
IBD026417,"Hunting Accident, Ondo",2023-02-17,2023-02-17,1,2024,1,Ondo,South West,0,0,Safe,69,Moderate,3,3,Low Risk
IBD026414,"Police vs Protesters, Abia",2023-02-17,2023-02-17,4,2024,1,Abia,South East,0,3,Safe,67,Moderate,3,6,Moderate Risk
IBD026422,"Hoodlums Kill 4, Ebonyi",2023-02-17,2023-02-17,4,2024,1,Ebonyi,South East,0,3,Safe,40,Low,1,4,Moderate Risk
IBD026418,"Political Violence, Osun",2023-02-17,2023-02-17,2,2024,1,Osun,South West,0,0,Safe,24,Low,1,1,Low Risk
IBD026619,"Medical Negligence, Lagos",2023-02-17,2023-02-17,1,2024,1,Lagos,South West,0,0,Safe,96,High,5,5,Moderate Risk
IBD026414,"Police vs Protesters, Abia",2023-02-17,2023-02-17,4,2024,1,Abia,South East,0,3,Safe,55,Moderate,3,6,Moderate Risk
IBD026502,"Fulani Herdsmen, Enugu",2023-02-17,2023-02-17,2,2024,1,Enugu,South East,1,5,Caution,64,Moderate,3,9,High Risk
IBD026428,"Transport Worker vs Colleague, Lagos",2023-02-16,2023-02-16,1,2024,1,Lagos,South West,0,0,Safe,88,High,5,5,Moderate Risk
IBD026408,"Auto Crash, Lagos",2023-02-16,2023-02-16,1,2024,1,Lagos,South West,0,0,Safe,98,High,5,5,Moderate Risk
IBD026425,"Baby Buried, Akwa Ibom",2023-02-16,2023-02-16,1,2024,1,Akwa Ibom,South South,0,0,Safe,89,High,5,5,Moderate Risk
IBD026406,"Inferno, Lagos",2023-02-16,2023-02-16,1,2024,1,Lagos,South West,0,0,Safe,88,High,5,5,Moderate Risk
IBD026975,"Political Violence, Osun",2023-02-16,2023-03-18,13,2024,1,Osun,South West,0,5,Caution,10,Low,1,6,Moderate Risk
IBD026410,"Security Operatives vs Bandits, Kaduna",2023-02-16,2023-02-16,7,2024,1,Kaduna,North West,1,8,Avoid Route,38,Low,1,10,High Risk
IBD026412,"Police vs Woman, Adamawa",2023-02-16,2023-02-16,1,2024,1,Adamawa,North East,0,0,Safe,32,Low,1,1,Low Risk
IBD026405,"Gunmen Attack, Bayelsa",2023-02-15,2023-02-15,3,2024,1,Bayelsa,South South,2,8,Avoid Route,90,High,5,15,Extreme Danger
IBD026404,"Police vs Soldier, Lagos",2023-02-15,2023-02-15,1,2024,1,Lagos,South West,0,0,Safe,97,High,5,5,Moderate Risk
IBD026411,"Security Operatives vs Protesters, Ogun",2023-02-15,2023-02-16,2,2024,1,Ogun,South West,0,0,Safe,53,Moderate,3,3,Low Risk
IBD026394,"Security Operatives vs Protesters, Edo",2023-02-15,2023-02-15,4,2024,1,Edo,South South,0,3,Safe,61,Moderate,3,6,Moderate Risk
IBD026409,"Student Drowns, Ondo",2023-02-15,2023-02-15,1,2024,1,Ondo,South West,0,0,Safe,61,Moderate,3,3,Low Risk
IBD026395,"Auto Crash, Kwara",2023-02-15,2023-02-15,6,2024,1,Kwara,North Central,0,3,Safe,18,Low,1,4,Moderate Risk
IBD026557,"Police vs Man, Delta",2023-02-15,2023-02-15,1,2024,1,Delta,South South,0,0,Safe,99,High,5,5,Moderate Risk
IBD026407,"Medical Negligence, Kano",2023-02-15,2023-02-15,1,2024,1,Kano,North West,0,0,Safe,16,Low,1,1,Low Risk
IBD026752,"Found Dead, Lagos",2023-02-15,2023-02-15,1,2024,1,Lagos,South West,0,0,Safe,99,High,5,5,Moderate Risk
IBD026402,"Drown, FCT",2023-02-15,2023-02-15,1,2024,1,FCT,North Central,0,0,Safe,45,Low,1,1,Low Risk
IBD027075,"Vigilante vs Man, Edo",2023-02-15,2023-02-15,1,2024,1,Edo,South South,0,0,Safe,56,Moderate,3,3,Low Risk
IBD026396,"Cult Killing, Rivers",2023-02-14,2023-02-14,10,2024,1,Rivers,South South,0,5,Caution,96,High,5,10,High Risk
IBD026403,"Police vs Soldiers, Ogun",2023-02-14,2023-02-14,1,2024,1,Ogun,South West,0,0,Safe,75,Moderate,3,3,Low Risk
IBD026487,"Hors-Riding Accident, Rivers",2023-02-14,2023-02-14,1,2024,1,Rivers,South South,0,0,Safe,95,High,5,5,Moderate Risk
IBD026398,"Kidnappers vs Woman, Anambra",2023-02-14,2023-02-14,1,2024,1,Anambra,South East,1,5,Caution,56,Moderate,3,9,High Risk
IBD026400,"Gunmen Attack, FCT (Abuja)",2023-02-14,2023-02-14,2,2024,1,FCT,North Central,2,5,Caution,40,Low,1,8,High Risk
IBD026397,"Gunmen kill Politician Foster Son, Lagos",2023-02-13,2023-02-13,1,2024,1,Lagos,South West,1,5,Caution,100,High,5,11,High Risk
IBD026374,"Police vs Gunmen, Anambra",2023-02-13,2023-02-13,1,2024,1,Anambra,South East,1,5,Caution,74,Moderate,3,9,High Risk
IBD026401,"Police Kill 2, Katsina",2023-02-13,2023-02-13,2,2024,1,Katsina,North West,0,0,Safe,44,Low,1,1,Low Risk
IBD026392,"Drown, Kano",2023-02-13,2023-02-13,1,2024,1,Kano,North West,0,0,Safe,10,Low,1,1,Low Risk
IBD026399,"Man vs Brother, Rivers",2023-02-13,2023-02-13,1,2024,1,Rivers,South South,0,0,Safe,89,High,5,5,Moderate Risk
IBD026375,"Rape Victim, Rivers",2023-02-12,2023-02-12,1,2024,1,Rivers,South South,0,0,Safe,80,High,5,5,Moderate Risk
IBD026386,"2 Killed, Plateau",2023-02-12,2023-02-12,2,2024,1,Plateau,North Central,0,0,Safe,36,Low,1,1,Low Risk
IBD026390,"Boko Haram, Borno",2023-02-12,2023-02-12,8,2024,1,Borno,North East,0,3,Safe,11,Low,1,4,Moderate Risk
IBD026391,"Cult Clash, Benue",2023-02-12,2023-02-12,7,2024,1,Benue,North Central,0,3,Safe,44,Low,1,4,Moderate Risk
IBD026378,"Auto Crash, Lagos",2023-02-12,2023-02-12,5,2024,1,Lagos,South West,0,3,Safe,81,High,5,8,High Risk
IBD026376,"Auto Crash, Lagos",2023-02-12,2023-02-12,1,2024,1,Lagos,South West,0,0,Safe,87,High,5,5,Moderate Risk
IBD026377,"Auto Crash, Niger",2023-02-12,2023-02-12,7,2024,1,Niger,North Central,0,3,Safe,29,Low,1,4,Moderate Risk
IBD026367,"Auto Crash, Ogun",2023-02-12,2023-02-12,1,2024,1,Ogun,South West,0,0,Safe,66,Moderate,3,3,Low Risk
IBD029895,"Rape to Death, Rivers",2023-02-12,2023-02-12,1,2024,1,Rivers,South South,0,0,Safe,96,High,5,5,Moderate Risk
IBD026389,"Farmers vs Herders, Kogi",2023-02-11,2023-02-11,1,2024,1,Kogi,North Central,0,0,Safe,29,Low,1,1,Low Risk
IBD026361,"Bandits vs Policemen, Niger",2023-02-11,2023-02-11,6,2024,1,Niger,North Central,1,8,Avoid Route,30,Low,1,10,High Risk
IBD026362,"Political Violence, Lagos",2023-02-11,2023-02-11,1,2024,1,Lagos,South West,0,0,Safe,83,High,5,5,Moderate Risk
IBD026388,"Cult Clash, Lagos",2023-02-11,2023-02-11,2,2024,1,Lagos,South West,0,0,Safe,90,High,5,5,Moderate Risk
IBD026364,"Soldiers vs Boko Haram, Borno",2023-02-10,2023-02-11,36,2024,1,Borno,North East,0,5,Caution,14,Low,1,6,Moderate Risk
IBD026363,"Political Violence, Jigawa",2023-02-10,2023-02-10,1,2024,1,Jigawa,North West,0,0,Safe,46,Low,1,1,Low Risk
IBD026357,"Gunmen vs Policemen, Anambra",2023-02-10,2023-02-10,3,2024,1,Anambra,South East,1,8,Avoid Route,79,Moderate,3,12,Extreme Danger
IBD026864,"Medical Negligence, Lagos",2023-02-10,2023-02-10,1,2024,1,Lagos,South West,0,0,Safe,85,High,5,5,Moderate Risk
IBD026345,"Cultism, Cross River",2023-02-09,2023-02-09,1,2024,1,Cross River,South South,0,0,Safe,97,High,5,5,Moderate Risk
IBD026349,"Rape, Benue",2023-02-09,2023-02-09,1,2024,1,Benue,North Central,0,0,Safe,39,Low,1,1,Low Risk
IBD026358,"Army vs Bandits, Kaduna",2023-02-09,2023-02-10,4,2024,1,Kaduna,North West,1,8,Avoid Route,45,Low,1,10,High Risk
IBD026347,"Communal Clash, Ebonyi",2023-02-09,2023-02-09,1,2024,1,Ebonyi,South East,0,0,Safe,33,Low,1,1,Low Risk
IBD026354,"Police vs Armed Robber, Gombe",2023-02-09,2023-02-09,1,2024,1,Gombe,North East,0,0,Safe,35,Low,1,1,Low Risk
IBD026360,"Kidnappers vs Farmer, Ondo",2023-02-09,2023-02-09,1,2024,1,Ondo,South West,1,5,Caution,57,Moderate,3,9,High Risk
IBD026355,"Herdsmen Attack, Benue",2023-02-09,2023-02-09,4,2024,1,Benue,North Central,2,8,Avoid Route,38,Low,1,11,High Risk
IBD026359,"Student Dies, Lagos",2023-02-09,2023-02-09,1,2024,1,Lagos,South West,0,0,Safe,88,High,5,5,Moderate Risk
IBD026346,"Soldier vs Man, Lagos",2023-02-09,2023-02-09,1,2024,1,Lagos,South West,0,0,Safe,90,High,5,5,Moderate Risk
IBD026351,"Auto Crash, Ogun",2023-02-09,2023-02-09,1,2024,1,Ogun,South West,0,0,Safe,62,Moderate,3,3,Low Risk
IBD026369,"Gunmen Kill Student, FCT (Abuja)",2023-02-09,2023-02-09,1,2024,1,FCT,North Central,1,5,Caution,32,Low,1,7,Moderate Risk
IBD026348,"Gunmen vs Soldiers, Delta",2023-02-09,2023-02-09,6,2024,1,Delta,South South,1,8,Avoid Route,85,High,5,14,Extreme Danger
IBD026350,"Cult Clash, Benue",2023-02-08,2023-02-09,3,2024,1,Benue,North Central,0,3,Safe,28,Low,1,4,Moderate Risk
IBD026416,"Woman Dies, Nasarawa",2023-02-08,2023-02-08,1,2024,1,Nasarawa,North Central,0,0,Safe,32,Low,1,1,Low Risk
IBD026585,"Assailants vs Man, Lagos",2023-02-08,2023-02-08,1,2024,1,Lagos,South West,0,0,Safe,96,High,5,5,Moderate Risk
IBD026340,"Gunmen Attack, Kaduna",2023-02-07,2023-02-07,2,2024,1,Kaduna,North West,2,5,Caution,47,Low,1,8,High Risk
IBD026365,"Woman Dies, Kaduna",2023-02-07,2023-02-07,1,2024,1,Kaduna,North West,0,0,Safe,42,Low,1,1,Low Risk
IBD026334,"Cultists vs Lecturer, Anambra",2023-02-07,2023-02-07,1,2024,1,Anambra,South East,0,0,Safe,60,Moderate,3,3,Low Risk
IBD026352,"Market Crisis, Bauchi",2023-02-07,2023-02-07,1,2024,1,Bauchi,North East,0,0,Safe,23,Low,1,1,Low Risk
IBD026337,"Herdsmen Attack, Enugu",2023-02-07,2023-02-07,1,2024,1,Enugu,South East,2,5,Caution,68,Moderate,3,10,High Risk
IBD026371,"Man vs Bus Driver, Lagos",2023-02-07,2023-02-07,1,2024,1,Lagos,South West,0,0,Safe,93,High,5,5,Moderate Risk
IBD026344,"Political Violence, Ogun",2023-02-07,2023-02-07,1,2024,1,Ogun,South West,0,0,Safe,53,Moderate,3,3,Low Risk
IBD026335,"Auto Crash, Niger",2023-02-06,2023-02-06,1,2024,1,Niger,North Central,0,0,Safe,45,Low,1,1,Low Risk
IBD026341,"Auto Crash, Delta",2023-02-06,2023-02-06,2,2024,1,Delta,South South,0,0,Safe,85,High,5,5,Moderate Risk
IBD026338,"Auto Crash, Yobe",2023-02-06,2023-02-06,3,2024,1,Yobe,North East,0,3,Safe,21,Low,1,4,Moderate Risk
IBD026326,"Corpse, Lagos",2023-02-06,2023-02-06,1,2024,1,Lagos,South West,0,0,Safe,87,High,5,5,Moderate Risk
IBD026562,"Security Guard vs House Help, Lagos",2023-02-06,2023-02-06,1,2024,1,Lagos,South West,0,0,Safe,90,High,5,5,Moderate Risk
IBD026332,"Communal Clash, Anambra",2023-02-06,2023-02-06,7,2024,1,Anambra,South East,0,3,Safe,76,Moderate,3,6,Moderate Risk
IBD026329,"Political Violence, Ebonyi",2023-02-06,2023-02-06,1,2024,1,Ebonyi,South East,0,0,Safe,44,Low,1,1,Low Risk
IBD026328,"Shooting, Plateau",2023-02-05,2023-02-05,4,2024,1,Plateau,North Central,0,3,Safe,10,Low,1,4,Moderate Risk
IBD026336,"Soldiers vs Man, Kaduna",2023-02-05,2023-02-05,1,2024,1,Kaduna,North West,0,0,Safe,18,Low,1,1,Low Risk
IBD026339,"Auto Crash, Kwara",2023-02-04,2023-02-04,1,2024,1,Kwara,North Central,0,0,Safe,39,Low,1,1,Low Risk
IBD026316,"Herdsmen Attack, Ondo",2023-02-04,2023-02-04,7,2024,1,Ondo,South West,2,8,Avoid Route,57,Moderate,3,13,Extreme Danger
IBD026319,"Ship Accident, Lagos",2023-02-04,2023-02-04,6,2024,1,Lagos,South West,0,3,Safe,84,High,5,8,High Risk
IBD026320,"Political Violence, Oyo",2023-02-04,2023-02-04,2,2024,1,Oyo,South West,0,0,Safe,28,Low,1,1,Low Risk
IBD026722,"Lady Found Dead, Ogun",2023-02-04,2023-02-04,1,2024,1,Ogun,South West,0,0,Safe,62,Moderate,3,3,Low Risk
IBD026311,"Decomposed Corps, Taraba",2023-02-03,2023-02-03,7,2024,1,Taraba,North East,0,3,Safe,16,Low,1,4,Moderate Risk
IBD026323,"Auto Crash, Lagos",2023-02-03,2023-02-03,1,2024,1,Lagos,South West,0,0,Safe,91,High,5,5,Moderate Risk
IBD026324,"Political Violence, Cross River",2023-02-03,2023-02-03,3,2024,1,Cross River,South South,0,3,Safe,96,High,5,8,High Risk
IBD026318,"Building Collapse, Rivers",2023-02-03,2023-02-03,3,2024,1,Rivers,South South,0,3,Safe,100,High,5,8,High Risk
IBD026342,"Found Dead, Delta",2023-02-03,2023-02-03,1,2024,1,Delta,South South,0,0,Safe,95,High,5,5,Moderate Risk
IBD026313,"Auto Crash, Ogun",2023-02-03,2023-02-03,1,2024,1,Ogun,South West,0,0,Safe,57,Moderate,3,3,Low Risk
IBD026322,"Auto Crash, Rivers",2023-02-03,2023-02-03,9,2024,1,Rivers,South South,0,3,Safe,94,High,5,8,High Risk
IBD026315,"Gunmen Attack, Kaduna",2023-02-03,2023-02-03,2,2024,1,Kaduna,North West,2,5,Caution,29,Low,1,8,High Risk
IBD026321,"Gunmen vs Security Operatives, Anambra",2023-02-03,2023-02-03,3,2024,1,Anambra,South East,1,8,Avoid Route,63,Moderate,3,12,Extreme Danger
IBD026543,"Men vs Brothers, Oyo",2023-02-03,2023-02-03,2,2024,1,Oyo,South West,0,0,Safe,24,Low,1,1,Low Risk
IBD026325,"Gunmen vs Judge, Imo",2023-02-02,2023-02-02,1,2024,1,Imo,South East,1,5,Caution,54,Moderate,3,9,High Risk
IBD026314,"Gunmen vs Governorship Candidate, Ebonyi",2023-02-02,2023-02-02,1,2024,1,Ebonyi,South East,1,5,Caution,40,Low,1,7,Moderate Risk
IBD026327,"Car Thief, Lagos",2023-02-02,2023-02-02,1,2024,1,Lagos,South West,0,0,Safe,80,High,5,5,Moderate Risk
IBD026330,"Herdsmen vs Soldiers, Benue",2023-02-02,2023-02-04,4,2024,1,Benue,North Central,1,8,Avoid Route,21,Low,1,10,High Risk
IBD026309,"Cult Killing, Anambra",2023-02-02,2023-02-02,1,2024,1,Anambra,South East,0,0,Safe,73,Moderate,3,3,Low Risk
IBD026305,"Gunmen Attack, Anambra",2023-02-01,2023-02-01,1,2024,1,Anambra,South East,2,5,Caution,51,Moderate,3,10,High Risk
IBD026303,"Inferno, Kaduna",2023-02-01,2023-02-01,3,2024,1,Kaduna,North West,0,3,Safe,42,Low,1,4,Moderate Risk
IBD026317,"Banditry, Katsina",2023-02-01,2023-02-03,79,2024,1,Katsina,North West,1,10,Avoid Route,15,Low,1,12,Extreme Danger
IBD026312,"Bandits vs Vigilante, Katsina",2023-02-01,2023-02-02,53,2024,1,Katsina,North West,1,10,Avoid Route,33,Low,1,12,Extreme Danger
IBD026307,"Building Collapse, FCT (Abuja)",2023-02-01,2023-02-01,3,2024,1,FCT,North Central,0,3,Safe,48,Low,1,4,Moderate Risk
IBD026343,"Medical Negligence, Lagos",2023-02-01,2023-02-01,1,2024,1,Lagos,South West,0,0,Safe,99,High,5,5,Moderate Risk
IBD026836,"Auto Crash, Gombe",2023-02-01,2023-02-01,24,2024,1,Gombe,North East,0,5,Caution,36,Low,1,6,Moderate Risk
IBD018315,"Son vs Father, Ekiti",2023-02-01,2023-02-01,1,2024,1,Ekiti,South West,0,0,Safe,31,Low,1,1,Low Risk
IBD025875,"Gunmen vs Community Leader, Plateau",2023-01-31,2023-01-31,1,2024,1,Plateau,North Central,1,5,Caution,42,Low,1,7,Moderate Risk
IBD026294,"Auto Crash, Lagos",2023-01-31,2023-01-31,2,2024,1,Lagos,South West,0,0,Safe,83,High,5,5,Moderate Risk
IBD026293,"Herdsmen Attack, Benue",2023-01-31,2023-01-31,2,2024,1,Benue,North Central,2,5,Caution,16,Low,1,8,High Risk
IBD026306,"Political Violence, Oyo",2023-01-31,2023-01-31,2,2024,1,Oyo,South West,0,0,Safe,23,Low,1,1,Low Risk
IBD026353,"Auto Crash, Rivers",2023-01-31,2023-01-31,1,2024,1,Rivers,South South,0,0,Safe,85,High,5,5,Moderate Risk
IBD026300,"Political Stampede, Sokoto",2023-01-31,2023-01-31,2,2024,1,Sokoto,North West,0,0,Safe,21,Low,1,1,Low Risk
IBD026297,"Tanker Explosion, Ogun",2023-01-31,2023-01-31,1,2024,1,Ogun,South West,0,0,Safe,77,Moderate,3,3,Low Risk
IBD026295,"Political Violence, Bauchi",2023-01-30,2023-01-30,1,2024,1,Bauchi,North East,0,0,Safe,25,Low,1,1,Low Risk
IBD026304,"Banditry, Niger",2023-01-30,2023-01-30,1,2024,1,Niger,North Central,1,5,Caution,41,Low,1,7,Moderate Risk
IBD026287,"Found Dead, Anambra",2023-01-30,2023-01-30,1,2024,1,Anambra,South East,0,0,Safe,56,Moderate,3,3,Low Risk
IBD026302,"Herders vs Women, Benue",2023-01-30,2023-01-30,3,2024,1,Benue,North Central,0,3,Safe,17,Low,1,4,Moderate Risk
IBD026477,"Driver vs Passenger, Lagos",2023-01-30,2023-01-30,1,2024,1,Lagos,South West,0,0,Safe,88,High,5,5,Moderate Risk
IBD026301,"Herdsmen vs Children, Benue",2023-01-30,2023-01-30,2,2024,1,Benue,North Central,1,5,Caution,10,Low,1,7,Moderate Risk
IBD026288,"Police vs Robbers, Delta",2023-01-29,2023-01-29,2,2024,1,Delta,South South,0,0,Safe,93,High,5,5,Moderate Risk
IBD026281,"Gunmen vs Police, Ebonyi",2023-01-29,2023-01-29,3,2024,1,Ebonyi,South East,1,8,Avoid Route,27,Low,1,10,High Risk
IBD026279,"Auto Crash, Ondo",2023-01-29,2023-01-29,11,2024,1,Ondo,South West,0,5,Caution,69,Moderate,3,8,High Risk
IBD026280,"Auto Crash, Lagos",2023-01-29,2023-01-29,9,2024,1,Lagos,South West,0,3,Safe,86,High,5,8,High Risk
IBD026290,"Mysterious Death, Rivers",2023-01-29,2023-01-29,5,2024,1,Rivers,South South,0,3,Safe,89,High,5,8,High Risk
IBD026296,"Herdsmen Attack, Benue",2023-01-29,2023-01-30,2,2024,1,Benue,North Central,2,5,Caution,35,Low,1,8,High Risk
IBD026298,"Herdsmen Attack, Benue",2023-01-29,2023-01-29,2,2024,1,Benue,North Central,2,5,Caution,10,Low,1,8,High Risk
IBD026333,"Man vs Brother, Lagos",2023-01-29,2023-01-29,1,2024,1,Lagos,South West,0,0,Safe,86,High,5,5,Moderate Risk
IBD026282,"Gunmen vs Soldiers, Enugu",2023-01-28,2023-01-28,2,2024,1,Enugu,South East,1,5,Caution,68,Moderate,3,9,High Risk
IBD026276,"Mine Collapse, Plateau",2023-01-28,2023-01-28,5,2024,1,Plateau,North Central,0,3,Safe,19,Low,1,4,Moderate Risk
IBD026299,"Herdsmen Attack, Benue",2023-01-28,2023-01-28,1,2024,1,Benue,North Central,2,5,Caution,39,Low,1,8,High Risk
IBD026278,"Police vs Robber, FCT (Abuja)",2023-01-28,2023-01-28,1,2024,1,FCT,North Central,0,0,Safe,39,Low,1,1,Low Risk
IBD026283,"Auto Crash, Bauchi",2023-01-28,2023-01-28,2,2024,1,Bauchi,North East,0,0,Safe,11,Low,1,1,Low Risk
IBD026284,"Army vs Boko Haram, Borno",2023-01-28,2023-01-28,32,2024,1,Borno,North East,0,5,Caution,38,Low,1,6,Moderate Risk
IBD026285,"Medical Negligence, Cross River",2023-01-28,2023-01-28,1,2024,1,Cross River,South South,0,0,Safe,80,High,5,5,Moderate Risk
IBD026277,"Gunmen Attack, Imo",2023-01-28,2023-01-28,2,2024,1,Imo,South East,2,5,Caution,51,Moderate,3,10,High Risk
IBD026289,"Man vs Colleague, Ebonyi",2023-01-28,2023-01-28,1,2024,1,Ebonyi,South East,0,0,Safe,44,Low,1,1,Low Risk
IBD026292,"Banditry, Sokoto",2023-01-27,2023-01-27,2,2024,1,Sokoto,North West,1,5,Caution,37,Low,1,7,Moderate Risk
IBD026286,"Gunmen vs Vigilante, Ebonyi",2023-01-27,2023-01-27,2,2024,1,Ebonyi,South East,1,5,Caution,43,Low,1,7,Moderate Risk
IBD026267,"Cult Clash, Lagos",2023-01-27,2023-01-27,2,2024,1,Lagos,South West,0,0,Safe,91,High,5,5,Moderate Risk
IBD026269,"Bandits vs Miners, Kaduna",2023-01-26,2023-01-26,5,2024,1,Kaduna,North West,1,8,Avoid Route,43,Low,1,10,High Risk
IBD026270,"Auto Crash, Kogi",2023-01-26,2023-01-26,1,2024,1,Kogi,North Central,0,0,Safe,16,Low,1,1,Low Risk
IBD026274,"Auto Crash, Bauchi",2023-01-26,2023-01-26,2,2024,1,Bauchi,North East,0,0,Safe,44,Low,1,1,Low Risk
IBD026272,"Auto Crash, Niger",2023-01-26,2023-01-26,7,2024,1,Niger,North Central,0,3,Safe,33,Low,1,4,Moderate Risk
IBD026264,"Bandits Kill 2, Niger",2023-01-25,2023-01-25,2,2024,1,Niger,North Central,1,5,Caution,45,Low,1,7,Moderate Risk
IBD026262,"Gunmen vs Policemen, Imo",2023-01-25,2023-01-25,2,2024,1,Imo,South East,1,5,Caution,50,Moderate,3,9,High Risk
IBD026268,"Bandits vs Miners, Niger",2023-01-25,2023-01-25,6,2024,1,Niger,North Central,1,8,Avoid Route,35,Low,1,10,High Risk
IBD026254,"Auto Crash, Ondo",2023-01-25,2023-01-25,2,2024,1,Ondo,South West,0,0,Safe,58,Moderate,3,3,Low Risk
IBD026259,"NAF vs Herders, Nasarawa",2023-01-24,2023-01-24,49,2024,1,Nasarawa,North Central,0,5,Caution,19,Low,1,6,Moderate Risk
IBD026257,"Man vs In-law, Delta",2023-01-24,2023-01-24,1,2024,1,Delta,South South,0,0,Safe,95,High,5,5,Moderate Risk
IBD026256,"Domestic Violence, Bayelsa",2023-01-24,2023-01-24,1,2024,1,Bayelsa,South South,0,0,Safe,83,High,5,5,Moderate Risk
IBD026252,"NAF vs Vigilantes, Niger",2023-01-24,2023-01-24,24,2024,1,Niger,North Central,0,5,Caution,38,Low,1,6,Moderate Risk
IBD026266,"Gunmen vs Police Officer, Imo",2023-01-24,2023-01-24,1,2024,1,Imo,South East,1,5,Caution,71,Moderate,3,9,High Risk
IBD026260,"Political Killing, Imo",2023-01-24,2023-01-24,1,2024,1,Imo,South East,0,0,Safe,55,Moderate,3,3,Low Risk
IBD026370,"Gunmen Kill Man, Lagos",2023-01-24,2023-01-24,2,2024,1,Lagos,South West,1,5,Caution,86,High,5,11,High Risk
IBD026261,"Political Violence, Jigawa",2023-01-24,2023-01-24,1,2024,1,Jigawa,North West,0,0,Safe,26,Low,1,1,Low Risk
IBD026255,"Medical Negligence, Rivers",2023-01-23,2023-01-23,1,2024,1,Rivers,South South,0,0,Safe,82,High,5,5,Moderate Risk
IBD026263,"Woman vs Step-son, Benue",2023-01-23,2023-01-23,1,2024,1,Benue,North Central,0,0,Safe,21,Low,1,1,Low Risk
IBD026248,"Army vs Bandit, Kaduna",2023-01-23,2023-01-23,1,2024,1,Kaduna,North West,1,5,Caution,26,Low,1,7,Moderate Risk
IBD026249,"Army vs ISWAP, Borno",2023-01-23,2023-01-24,29,2024,1,Borno,North East,0,5,Caution,26,Low,1,6,Moderate Risk
IBD026251,"Driver Drowns, Lagos",2023-01-23,2023-01-23,1,2024,1,Lagos,South West,0,0,Safe,80,High,5,5,Moderate Risk
IBD026373,"Found Dead, Lagos",2023-01-23,2023-01-23,6,2024,1,Lagos,South West,0,3,Safe,86,High,5,8,High Risk
IBD026245,"Herdsmen Attack, Delta",2023-01-23,2023-01-23,2,2024,1,Delta,South South,2,5,Caution,93,High,5,12,Extreme Danger
IBD026382,"Army vs Kidnappers, Kaduna",2023-01-23,2023-01-23,3,2024,1,Kaduna,North West,1,8,Avoid Route,19,Low,1,10,High Risk
IBD026622,"Hoodlums vs Man, Ebonyi",2023-01-23,2023-01-23,1,2024,1,Ebonyi,South East,0,0,Safe,49,Low,1,1,Low Risk
IBD026250,"Ritual Killing, Kaduna",2023-01-23,2023-01-23,1,2024,1,Kaduna,North West,0,0,Safe,35,Low,1,1,Low Risk
IBD026247,"Army vs Bandits, Kaduna",2023-01-23,2023-01-23,2,2024,1,Kaduna,North West,1,5,Caution,41,Low,1,7,Moderate Risk
IBD026237,"Auto Crash, Lagos",2023-01-23,2023-01-23,2,2024,1,Lagos,South West,0,0,Safe,84,High,5,5,Moderate Risk
IBD026244,"Security Operatives vs Bandits, Niger",2023-01-23,2023-01-23,37,2024,1,Niger,North Central,1,10,Avoid Route,49,Low,1,12,Extreme Danger
IBD026238,"Gunmen Attack, Imo",2023-01-22,2023-01-22,1,2024,1,Imo,South East,2,5,Caution,74,Moderate,3,10,High Risk
IBD026275,"Mob vs Gunman, Delta",2023-01-22,2023-01-22,1,2024,1,Delta,South South,0,0,Safe,97,High,5,5,Moderate Risk
IBD026372,"Found Dead, Lagos",2023-01-22,2023-01-22,5,2024,1,Lagos,South West,0,3,Safe,95,High,5,8,High Risk
IBD028004,"Domestic Violence, Ogun",2023-01-22,2023-01-22,1,2024,1,Ogun,South West,0,0,Safe,52,Moderate,3,3,Low Risk
IBD026253,"Robbers vs Man, Lagos",2023-01-22,2023-01-22,1,2024,1,Lagos,South West,0,0,Safe,85,High,5,5,Moderate Risk
IBD026239,"Police vs Kidnappers, Kwara",2023-01-22,2023-01-22,3,2024,1,Kwara,North Central,1,8,Avoid Route,40,Low,1,10,High Risk
IBD026243,"Hoodlums Kill 2, Anambra",2023-01-22,2023-01-22,2,2024,1,Anambra,South East,0,0,Safe,79,Moderate,3,3,Low Risk
IBD026231,"2 Die Inside Pit, Kano",2023-01-21,2023-01-21,2,2024,1,Kano,North West,0,0,Safe,18,Low,1,1,Low Risk
IBD026236,"Police vs Kidnappers, Adamawa",2023-01-21,2023-01-21,1,2024,1,Adamawa,North East,1,5,Caution,31,Low,1,7,Moderate Risk
IBD026233,"Gunmen Kill 4, Bauchi",2023-01-21,2023-01-21,5,2024,1,Bauchi,North East,1,8,Avoid Route,41,Low,1,10,High Risk
IBD026234,"Auto Crash, Bayelsa",2023-01-21,2023-01-21,1,2024,1,Bayelsa,South South,0,0,Safe,100,High,5,5,Moderate Risk
IBD026246,"Police vs Kidnappers, Plateau",2023-01-20,2023-01-20,1,2024,1,Plateau,North Central,1,5,Caution,41,Low,1,7,Moderate Risk
IBD026227,"Land Grabbers vs Commercial Motorcyclist, Osun",2023-01-20,2023-01-20,1,2024,1,Osun,South West,0,0,Safe,28,Low,1,1,Low Risk
IBD026232,"Bandits vs Councillor, Niger",2023-01-20,2023-01-20,1,2024,1,Niger,North Central,1,5,Caution,17,Low,1,7,Moderate Risk
IBD026222,"Cult Clash, Osun",2023-01-20,2023-01-20,2,2024,1,Osun,South West,0,0,Safe,30,Low,1,1,Low Risk
IBD026228,"Gunmen vs Ebubeagu Commander, Ebonyi",2023-01-20,2023-01-20,1,2024,1,Ebonyi,South East,1,5,Caution,47,Low,1,7,Moderate Risk
IBD026241,"Assailants vs Man, Kogi",2023-01-20,2023-01-20,1,2024,1,Kogi,North Central,0,0,Safe,11,Low,1,1,Low Risk
IBD026798,"Mysterious Deaths, Enugu",2023-01-20,2023-01-26,4,2024,1,Enugu,South East,0,3,Safe,57,Moderate,3,6,Moderate Risk
IBD026225,"Political Violence, Edo",2023-01-20,2023-01-20,1,2024,1,Edo,South South,0,0,Safe,52,Moderate,3,3,Low Risk
IBD026229,"Gunmen vs Party Members, Ebonyi",2023-01-20,2023-01-20,2,2024,1,Ebonyi,South East,1,5,Caution,28,Low,1,7,Moderate Risk
IBD026226,"Vigilante vs Colleague, Edo",2023-01-19,2023-01-19,1,2024,1,Edo,South South,0,0,Safe,50,Moderate,3,3,Low Risk
IBD026235,"Police vs Man, Kano",2023-01-19,2023-01-19,1,2024,1,Kano,North West,0,0,Safe,48,Low,1,1,Low Risk
IBD026220,"Fulani Herdsmen Attack, Benue",2023-01-19,2023-01-19,9,2024,1,Benue,North Central,2,8,Avoid Route,20,Low,1,11,High Risk
IBD026211,"Police vs Gunmen, Imo",2023-01-18,2023-01-18,3,2024,1,Imo,South East,1,8,Avoid Route,61,Moderate,3,12,Extreme Danger
IBD026223,"Fulani Herdsmen Attack, Edo",2023-01-18,2023-01-18,3,2024,1,Edo,South South,2,8,Avoid Route,61,Moderate,3,13,Extreme Danger
IBD026209,"Building Collapse, Lagos",2023-01-18,2023-01-18,1,2024,1,Lagos,South West,0,0,Safe,82,High,5,5,Moderate Risk
IBD026203,"Auto Crash, Ondo",2023-01-18,2023-01-18,4,2024,1,Ondo,South West,0,3,Safe,51,Moderate,3,6,Moderate Risk
IBD026219,"Army vs Bandits, Zamfara",2023-01-18,2023-01-18,5,2024,1,Zamfara,North West,1,8,Avoid Route,39,Low,1,10,High Risk
IBD026368,"Gunmen Attack, Lagos",2023-01-18,2023-01-18,1,2024,1,Lagos,South West,2,5,Caution,86,High,5,12,Extreme Danger
IBD026214,"Police Kill Kidnapper, Delta",2023-01-18,2023-01-18,1,2024,1,Delta,South South,1,5,Caution,94,High,5,11,High Risk
IBD026205,"Auto Crash, Plateau",2023-01-17,2023-01-17,1,2024,1,Plateau,North Central,0,0,Safe,33,Low,1,1,Low Risk
IBD026204,"Man Murdered, Rivers",2023-01-17,2023-01-17,1,2024,1,Rivers,South South,0,0,Safe,100,High,5,5,Moderate Risk
IBD026212,"Gunmen vs Vigilantes, Kaduna",2023-01-17,2023-01-17,6,2024,1,Kaduna,North West,1,8,Avoid Route,14,Low,1,10,High Risk
IBD026196,"Bandits Kill 3, Katsina",2023-01-17,2023-01-17,3,2024,1,Katsina,North West,1,8,Avoid Route,26,Low,1,10,High Risk
IBD026193,"Police vs Protester, Niger",2023-01-17,2023-01-17,1,2024,1,Niger,North Central,0,0,Safe,26,Low,1,1,Low Risk
IBD026218,"Army vs Bandits, Kebbi",2023-01-17,2023-01-17,5,2024,1,Kebbi,North West,1,8,Avoid Route,34,Low,1,10,High Risk
IBD026199,"Cultists vs Policeman, Abia",2023-01-17,2023-01-17,3,2024,1,Abia,South East,0,3,Safe,58,Moderate,3,6,Moderate Risk
IBD026217,"Army vs Bandits, Katsina",2023-01-17,2023-01-18,3,2024,1,Katsina,North West,1,8,Avoid Route,38,Low,1,10,High Risk
IBD026200,"Police vs Traders, Lagos",2023-01-17,2023-01-17,1,2024,1,Lagos,South West,0,0,Safe,83,High,5,5,Moderate Risk
IBD026379,"Troops vs Bandits, Niger",2023-01-17,2023-01-17,40,2024,1,Niger,North Central,1,10,Avoid Route,34,Low,1,12,Extreme Danger
IBD026207,"Herdsmen Attack, Ondo",2023-01-17,2023-01-17,3,2024,1,Ondo,South West,2,8,Avoid Route,78,Moderate,3,13,Extreme Danger
IBD026197,"Mob vs Thief, Delta",2023-01-16,2023-01-16,1,2024,1,Delta,South South,0,0,Safe,93,High,5,5,Moderate Risk
IBD026202,"Food Poisoning, Lagos",2023-01-16,2023-01-16,1,2024,1,Lagos,South West,0,0,Safe,86,High,5,5,Moderate Risk
IBD026201,"Army vs Bandits, Sokoto",2023-01-16,2023-01-16,20,2024,1,Sokoto,North West,1,10,Avoid Route,32,Low,1,12,Extreme Danger
IBD026213,"Police vs Kidnapper, Delta",2023-01-16,2023-01-16,1,2024,1,Delta,South South,1,5,Caution,94,High,5,11,High Risk
IBD026383,"Army vs Boko Haram, Borno",2023-01-16,2023-01-16,20,2024,1,Borno,North East,0,5,Caution,37,Low,1,6,Moderate Risk
IBD026198,"Army vs Bandits, Kaduna",2023-01-16,2023-01-16,2,2024,1,Kaduna,North West,1,5,Caution,15,Low,1,7,Moderate Risk
IBD026210,"Police vs Armed Robbers, Delta",2023-01-16,2023-01-16,2,2024,1,Delta,South South,0,0,Safe,89,High,5,5,Moderate Risk
IBD026180,"Auto Crash, Lagos",2023-01-15,2023-01-15,1,2024,1,Lagos,South West,0,0,Safe,87,High,5,5,Moderate Risk
IBD026168,"Gunmen Attack INEC Office, Enugu",2023-01-15,2023-01-15,1,2024,1,Enugu,South East,2,5,Caution,50,Moderate,3,10,High Risk
IBD026185,"Auto Crash, Kebbi",2023-01-15,2023-01-15,18,2024,1,Kebbi,North West,0,5,Caution,24,Low,1,6,Moderate Risk
IBD026206,"Cult Clash, Edo",2023-01-15,2023-01-15,4,2024,1,Edo,South South,0,3,Safe,59,Moderate,3,6,Moderate Risk
IBD026208,"Auto Crash, Ebonyi",2023-01-15,2023-01-15,1,2024,1,Ebonyi,South East,0,0,Safe,29,Low,1,1,Low Risk
IBD026173,"Bandits vs Priest, Niger",2023-01-15,2023-01-15,1,2024,1,Niger,North Central,1,5,Caution,15,Low,1,7,Moderate Risk
IBD026810,"Kidnap Victim, Lagos",2023-01-15,2023-01-15,1,2024,1,Lagos,South West,1,5,Caution,100,High,5,11,High Risk
IBD026175,"Auto Crash, FCT (Abuja)",2023-01-15,2023-01-15,6,2024,1,FCT,North Central,0,3,Safe,21,Low,1,4,Moderate Risk
IBD026380,"Army vs Boko Haram, Borno",2023-01-14,2023-01-14,10,2024,1,Borno,North East,0,5,Caution,20,Low,1,6,Moderate Risk
IBD026184,"Electrocution, Enugu",2023-01-14,2023-01-14,1,2024,1,Enugu,South East,0,0,Safe,72,Moderate,3,3,Low Risk
IBD026216,"Robbers vs Man, Kogi",2023-01-14,2023-01-14,1,2024,1,Kogi,North Central,0,0,Safe,20,Low,1,1,Low Risk
IBD026176,"Auto Crash, Plateau",2023-01-14,2023-01-14,2,2024,1,Plateau,North Central,0,0,Safe,48,Low,1,1,Low Risk
IBD026178,"Gunmen vs Vigilante, Kwara",2023-01-14,2023-01-14,2,2024,1,Kwara,North Central,1,5,Caution,30,Low,1,7,Moderate Risk
IBD026181,"Man vs Mother, Delta",2023-01-14,2023-01-14,1,2024,1,Delta,South South,0,0,Safe,90,High,5,5,Moderate Risk
IBD026174,"Youths vs Village Head, Niger",2023-01-14,2023-01-14,1,2024,1,Niger,North Central,0,0,Safe,15,Low,1,1,Low Risk
IBD026177,"Assailants vs Woman, Ondo",2023-01-14,2023-01-14,1,2024,1,Ondo,South West,0,0,Safe,71,Moderate,3,3,Low Risk
IBD026224,"Drug Abuse, Lagos",2023-01-14,2023-01-14,1,2024,1,Lagos,South West,0,0,Safe,88,High,5,5,Moderate Risk
IBD026179,"Domestic Violence, Rivers",2023-01-14,2023-01-14,1,2024,1,Rivers,South South,0,0,Safe,88,High,5,5,Moderate Risk
IBD026166,"Auto Crash, Plateau",2023-01-14,2023-01-14,12,2024,1,Plateau,North Central,0,5,Caution,14,Low,1,6,Moderate Risk
IBD026172,"Police vs Bandits, Kaduna",2023-01-14,2023-01-14,1,2024,1,Kaduna,North West,1,5,Caution,39,Low,1,7,Moderate Risk
IBD026164,"Auto Crash, Bauchi",2023-01-14,2023-01-14,5,2024,1,Bauchi,North East,0,3,Safe,49,Low,1,4,Moderate Risk
IBD026167,"Gunmen vs Policeman, Imo",2023-01-14,2023-01-14,1,2024,1,Imo,South East,1,5,Caution,77,Moderate,3,9,High Risk
IBD026159,"Auto Crash, Ogun",2023-01-14,2023-01-14,10,2024,1,Ogun,South West,0,5,Caution,66,Moderate,3,8,High Risk
IBD026165,"Gunmen Attack, Imo",2023-01-14,2023-01-14,4,2024,1,Imo,South East,2,8,Avoid Route,72,Moderate,3,13,Extreme Danger
IBD026271,"Police vs Man, Lagos",2023-01-14,2023-01-14,2,2024,1,Lagos,South West,0,0,Safe,94,High,5,5,Moderate Risk
IBD026498,"Driver vs Businessman, Ondo",2023-01-14,2023-01-14,1,2024,1,Ondo,South West,0,0,Safe,70,Moderate,3,3,Low Risk
IBD026194,"Youth Dies, FCT (Abuja)",2023-01-13,2023-01-13,1,2024,1,FCT,North Central,0,0,Safe,15,Low,1,1,Low Risk
IBD026169,"Army vs ISWAP, Borno",2023-01-13,2023-01-13,20,2024,1,Borno,North East,0,5,Caution,40,Low,1,6,Moderate Risk
IBD026191,"Mob vs Man, FCT (Abuja)",2023-01-13,2023-01-13,1,2024,1,FCT,North Central,0,0,Safe,13,Low,1,1,Low Risk
IBD026158,"Auto Crash, Abia",2023-01-13,2023-01-13,8,2024,1,Abia,South East,0,3,Safe,71,Moderate,3,6,Moderate Risk
IBD026151,"Inferno, Kaduna",2023-01-13,2023-01-13,4,2024,1,Kaduna,North West,0,3,Safe,10,Low,1,4,Moderate Risk
IBD027548,"Woman Dies, Delta",2023-01-13,2023-01-13,1,2024,1,Delta,South South,0,0,Safe,81,High,5,5,Moderate Risk
IBD026195,"Police vs Cultist, Delta",2023-01-13,2023-01-13,1,2024,1,Delta,South South,0,0,Safe,93,High,5,5,Moderate Risk
IBD026192,"Vigilantes vs Bandits, Nasarawa",2023-01-13,2023-01-13,2,2024,1,Nasarawa,North Central,1,5,Caution,20,Low,1,7,Moderate Risk
IBD026154,"Gunmen vs Vigilante Group, Delta",2023-01-12,2023-01-13,2,2024,1,Delta,South South,1,5,Caution,93,High,5,11,High Risk
IBD026156,"Cult Clash, Delta",2023-01-12,2023-01-12,2,2024,1,Delta,South South,0,0,Safe,81,High,5,5,Moderate Risk
IBD026162,"Army vs Terrorists, Nasarawa",2023-01-12,2023-01-12,2,2024,1,Nasarawa,North Central,1,5,Caution,25,Low,1,7,Moderate Risk
IBD026385,"Security Operatives vs Bandits, Zamfara",2023-01-12,2023-01-12,10,2024,1,Zamfara,North West,1,10,Avoid Route,45,Low,1,12,Extreme Danger
IBD026148,"Kidnappers vs Police, Edo",2023-01-12,2023-01-12,2,2024,1,Edo,South South,1,5,Caution,66,Moderate,3,9,High Risk
IBD026384,"Security Operatives vs Bandits, Zamfara",2023-01-12,2023-01-12,10,2024,1,Zamfara,North West,1,10,Avoid Route,46,Low,1,12,Extreme Danger
IBD026147,"Gunmen Attack, Anambra",2023-01-12,2023-01-12,5,2024,1,Anambra,South East,2,8,Avoid Route,73,Moderate,3,13,Extreme Danger
IBD026160,"Jet Ski Rider Drowns, Lagos",2023-01-11,2023-01-11,1,2024,1,Lagos,South West,0,0,Safe,100,High,5,5,Moderate Risk
IBD026152,"Army vs IPOB/ESN, Imo",2023-01-11,2023-01-11,5,2024,1,Imo,South East,0,3,Safe,52,Moderate,3,6,Moderate Risk
IBD026145,"Bandits Kill Community Leader, Kaduna",2023-01-11,2023-01-11,2,2024,1,Kaduna,North West,1,5,Caution,12,Low,1,7,Moderate Risk
IBD026155,"Auto Crash, Niger",2023-01-11,2023-01-11,1,2024,1,Niger,North Central,0,0,Safe,19,Low,1,1,Low Risk
IBD026153,"Army vs Bandits, Kaduna",2023-01-11,2023-01-11,2,2024,1,Kaduna,North West,1,5,Caution,40,Low,1,7,Moderate Risk
IBD026140,"Auto Crash, FCT (Abuja)",2023-01-10,2023-01-10,1,2024,1,FCT,North Central,0,0,Safe,49,Low,1,1,Low Risk
IBD026142,"Gunmen Kill 4, Anambra",2023-01-10,2023-01-10,4,2024,1,Anambra,South East,1,8,Avoid Route,56,Moderate,3,12,Extreme Danger
IBD026146,"Gunmen Kill Man, FCT (Abuja)",2023-01-10,2023-01-10,1,2024,1,FCT,North Central,1,5,Caution,25,Low,1,7,Moderate Risk
IBD026149,"Gunmen vs Intending Couple, Imo",2023-01-10,2023-01-10,2,2024,1,Imo,South East,1,5,Caution,59,Moderate,3,9,High Risk
IBD026183,"Policemen vs Bandits, Bauchi",2023-01-10,2023-01-10,2,2024,1,Bauchi,North East,1,5,Caution,26,Low,1,7,Moderate Risk
IBD026134,"Auto Crash, Ondo",2023-01-09,2023-01-09,4,2024,1,Ondo,South West,0,3,Safe,71,Moderate,3,6,Moderate Risk
IBD026129,"Yoruba Nation Agitators, Lagos",2023-01-09,2023-01-09,2,2024,1,Lagos,South West,0,0,Safe,85,High,5,5,Moderate Risk
IBD026141,"Security Operative vs Tanker Driver, Rivers",2023-01-09,2023-01-09,1,2024,1,Rivers,South South,0,0,Safe,96,High,5,5,Moderate Risk
IBD026135,"Bandits vs Security Operatives, Kaduna",2023-01-09,2023-01-09,19,2024,1,Kaduna,North West,1,10,Avoid Route,38,Low,1,12,Extreme Danger
IBD026230,"One Killed, Benue",2023-01-09,2023-01-09,1,2024,1,Benue,North Central,0,0,Safe,13,Low,1,1,Low Risk
IBD026182,"Bandits vs Man, Bauchi",2023-01-09,2023-01-09,1,2024,1,Bauchi,North East,1,5,Caution,24,Low,1,7,Moderate Risk
IBD026130,"Cult Killing, Anambra",2023-01-08,2023-01-08,1,2024,1,Anambra,South East,0,0,Safe,76,Moderate,3,3,Low Risk
IBD026143,"Robbers vs Student, Anambra",2023-01-08,2023-01-08,1,2024,1,Anambra,South East,0,0,Safe,74,Moderate,3,3,Low Risk
IBD026157,"Herdsmen vs Farmer, Kwara",2023-01-08,2023-01-08,1,2024,1,Kwara,North Central,1,5,Caution,43,Low,1,7,Moderate Risk
IBD026136,"Auto Crash, Sokoto",2023-01-08,2023-01-08,12,2024,1,Sokoto,North West,0,5,Caution,33,Low,1,6,Moderate Risk
IBD026123,"Auto Crash, Ogun",2023-01-07,2023-01-07,1,2024,1,Ogun,South West,0,0,Safe,70,Moderate,3,3,Low Risk
IBD026115,"Man vs Step-Mother, Kano",2023-01-07,2023-01-07,2,2024,1,Kano,North West,0,0,Safe,41,Low,1,1,Low Risk
IBD026121,"Cultism, Rivers",2023-01-07,2023-01-07,2,2024,1,Rivers,South South,0,0,Safe,97,High,5,5,Moderate Risk
IBD026171,"Policemen vs Bandits, Bauchi",2023-01-07,2023-01-07,2,2024,1,Bauchi,North East,1,5,Caution,17,Low,1,7,Moderate Risk
IBD026150,"Hotelier, Ogun",2023-01-07,2023-01-07,1,2024,1,Ogun,South West,0,0,Safe,53,Moderate,3,3,Low Risk
IBD026131,"Suspected Robber, Lagos",2023-01-07,2023-01-07,1,2024,1,Lagos,South West,0,0,Safe,80,High,5,5,Moderate Risk
IBD026118,"Police vs Gunrunners, Zamfara",2023-01-07,2023-01-07,2,2024,1,Zamfara,North West,0,0,Safe,18,Low,1,1,Low Risk
IBD026381,"Police vs Gunmen, Zamfara",2023-01-07,2023-01-07,2,2024,1,Zamfara,North West,1,5,Caution,22,Low,1,7,Moderate Risk
IBD026968,"Ritual Killing, Ogun",2023-01-07,2023-01-07,1,2024,1,Ogun,South West,0,0,Safe,61,Moderate,3,3,Low Risk
IBD026161,"Auto Crash, Oyo",2023-01-06,2023-01-06,1,2024,1,Oyo,South West,0,0,Safe,46,Low,1,1,Low Risk
IBD026138,"Domestic Violence, Lagos",2023-01-06,2023-01-06,1,2024,1,Lagos,South West,0,0,Safe,91,High,5,5,Moderate Risk
IBD026112,"Auto Crash, Ogun",2023-01-06,2023-01-06,3,2024,1,Ogun,South West,0,3,Safe,74,Moderate,3,6,Moderate Risk
IBD026120,"Gunmen Kill 1, Delta",2023-01-06,2023-01-06,1,2024,1,Delta,South South,1,5,Caution,87,High,5,11,High Risk
IBD026132,"Auto Crash, Lagos",2023-01-06,2023-01-06,1,2024,1,Lagos,South West,0,0,Safe,88,High,5,5,Moderate Risk
IBD026144,"Bandits Kill 1, Kaduna",2023-01-05,2023-01-05,1,2024,1,Kaduna,North West,1,5,Caution,23,Low,1,7,Moderate Risk
IBD026109,"Man vs Wife, Bauchi",2023-01-05,2023-01-05,1,2024,1,Bauchi,North East,0,0,Safe,30,Low,1,1,Low Risk
IBD026133,"Cult Killing, Ondo",2023-01-05,2023-01-05,1,2024,1,Ondo,South West,0,0,Safe,76,Moderate,3,3,Low Risk
IBD026580,"One Dead, Abia",2023-01-05,2023-01-05,1,2024,1,Abia,South East,0,0,Safe,78,Moderate,3,3,Low Risk
IBD026139,"Man Dies, Anambra",2023-01-05,2023-01-05,1,2024,1,Anambra,South East,0,0,Safe,68,Moderate,3,3,Low Risk
IBD026122,"Siblings in Fraud, Delta",2023-01-04,2023-01-04,1,2024,1,Delta,South South,0,0,Safe,88,High,5,5,Moderate Risk
IBD026101,"Gunmen Kill Vigilante, Anambra",2023-01-04,2023-01-04,1,2024,1,Anambra,South East,1,5,Caution,56,Moderate,3,9,High Risk
IBD026082,"Communal Clash, Ondo",2023-01-04,2023-01-04,1,2024,1,Ondo,South West,0,0,Safe,76,Moderate,3,3,Low Risk
IBD026093,"Police vs Kidnappers, Bauchi",2023-01-04,2023-01-04,3,2024,1,Bauchi,North East,1,8,Avoid Route,13,Low,1,10,High Risk
IBD026128,"Man in Police Cell, Abia",2023-01-04,2023-01-04,1,2024,1,Abia,South East,0,0,Safe,78,Moderate,3,3,Low Risk
IBD026111,"Auto Crash, Kano",2023-01-04,2023-01-04,7,2024,1,Kano,North West,0,3,Safe,30,Low,1,4,Moderate Risk
IBD026116,"Police vs Bandits, Nasarawa",2023-01-04,2023-01-04,3,2024,1,Nasarawa,North Central,1,8,Avoid Route,49,Low,1,10,High Risk
IBD026113,"Auto Crash, Bauchi",2023-01-04,2023-01-04,18,2024,1,Bauchi,North East,0,5,Caution,17,Low,1,6,Moderate Risk
IBD026124,"Police Kill Robber, Edo",2023-01-04,2023-01-04,1,2024,1,Edo,South South,0,0,Safe,63,Moderate,3,3,Low Risk
IBD026126,"Police vs Terrorist, Katsina",2023-01-04,2023-01-04,1,2024,1,Katsina,North West,1,5,Caution,21,Low,1,7,Moderate Risk
IBD026098,"Cult War, Delta",2023-01-03,2023-01-03,5,2024,1,Delta,South South,0,3,Safe,94,High,5,8,High Risk
IBD026107,"Boy Drowns, Delta",2023-01-03,2023-01-03,1,2024,1,Delta,South South,0,0,Safe,85,High,5,5,Moderate Risk
IBD026077,"Auto Crash, Kwara",2023-01-03,2023-01-03,2,2024,1,Kwara,North Central,0,0,Safe,27,Low,1,1,Low Risk
IBD026105,"Cultists Kill Man, ANambra",2023-01-03,2023-01-03,3,2024,1,Anambra,South East,0,3,Safe,65,Moderate,3,6,Moderate Risk
IBD026095,"Boat Mishap, Kebbi",2023-01-03,2023-01-03,20,2024,1,Kebbi,North West,0,5,Caution,48,Low,1,6,Moderate Risk
IBD026081,"Auto Crash, Lagos",2023-01-03,2023-01-03,1,2024,1,Lagos,South West,0,0,Safe,90,High,5,5,Moderate Risk
IBD026076,"Auto Crash, Kogi",2023-01-03,2023-01-03,15,2024,1,Kogi,North Central,0,5,Caution,41,Low,1,6,Moderate Risk
IBD026092,"Youths Killed, Ondo",2023-01-03,2023-01-03,4,2024,1,Ondo,South West,0,3,Safe,64,Moderate,3,6,Moderate Risk
IBD026291,"One Killed, Oyo",2023-01-03,2023-01-03,1,2024,1,Oyo,South West,0,0,Safe,38,Low,1,1,Low Risk
IBD026083,"Son vs Father, Akwa Ibom",2023-01-03,2023-01-03,1,2024,1,Akwa Ibom,South South,0,0,Safe,96,High,5,5,Moderate Risk
IBD026099,"Couple Found Dead, Kano",2023-01-02,2023-01-02,2,2024,1,Kano,North West,0,0,Safe,39,Low,1,1,Low Risk
IBD026075,"Police vs Bandit, Katsina",2023-01-02,2023-01-02,1,2024,1,Katsina,North West,1,5,Caution,35,Low,1,7,Moderate Risk
IBD026087,"Gunmen Attack, Nasarawa",2023-01-02,2023-01-02,1,2024,1,Nasarawa,North Central,2,5,Caution,16,Low,1,8,High Risk
IBD026100,"Army Officer vs Passenger, FCT (Abuja)",2023-01-02,2023-01-02,1,2024,1,FCT,North Central,0,0,Safe,33,Low,1,1,Low Risk
IBD026085,"Policemen Killed in Ohakim Convoy, Imo",2023-01-02,2023-01-02,4,2024,1,Imo,South East,0,3,Safe,63,Moderate,3,6,Moderate Risk
IBD026091,"Gunmen Attack, Anambra",2023-01-02,2023-01-02,1,2024,1,Anambra,South East,2,5,Caution,57,Moderate,3,10,High Risk
IBD026356,"Medical Negligence, Bauchi",2023-01-02,2023-01-02,1,2024,1,Bauchi,North East,0,0,Safe,15,Low,1,1,Low Risk
IBD026781,"Medical Negligence, Delta",2023-01-02,2023-01-02,1,2024,1,Delta,South South,0,0,Safe,83,High,5,5,Moderate Risk
IBD026102,"Sex Romp, Ekiti",2023-01-02,2023-01-02,1,2024,1,Ekiti,South West,0,0,Safe,10,Low,1,1,Low Risk
IBD026088,"Army vs Bandits, Kaduna",2023-01-01,2023-01-03,3,2024,1,Kaduna,North West,1,8,Avoid Route,41,Low,1,10,High Risk
IBD026072,"Hoodlums vs Couple, Ogun",2023-01-01,2023-01-01,3,2024,1,Ogun,South West,0,3,Safe,67,Moderate,3,6,Moderate Risk
IBD026096,"Army vs Boko Haram, Borno",2023-01-01,2023-01-01,32,2024,1,Borno,North East,0,5,Caution,49,Low,1,6,Moderate Risk
IBD026074,"Auto Crash, Oyo",2023-01-01,2023-01-01,5,2024,1,Oyo,South West,0,3,Safe,22,Low,1,4,Moderate Risk
IBD026090,"Gunmen Attack, Imo",2023-01-01,2023-01-01,2,2024,1,Imo,South East,2,5,Caution,62,Moderate,3,10,High Risk
IBD026089,"Gunmen Attack, Anambra",2023-01-01,2023-01-01,4,2024,1,Anambra,South East,2,8,Avoid Route,56,Moderate,3,13,Extreme Danger
IBD026125,"Police vs Hoodlum, Katsina",2023-01-01,2023-01-01,1,2024,1,Katsina,North West,0,0,Safe,37,Low,1,1,Low Risk
IBD026103,"Police Kill Bandit, Zamfara",2023-01-01,2023-01-01,1,2024,1,Zamfara,North West,1,5,Caution,18,Low,1,7,Moderate Risk
IBD026078,"Auto Crash, Bauchi",2023-01-01,2023-01-01,7,2024,1,Bauchi,North East,0,3,Safe,11,Low,1,4,Moderate Risk
IBD026069,"Gunmen vs Ebubeagu Commander, Ebonyi",2023-01-01,2023-01-01,1,2024,1,Ebonyi,South East,1,5,Caution,33,Low,1,7,Moderate Risk
IBD026079,"Auto Crash, Ogun",2023-01-01,2023-01-01,1,2024,1,Ogun,South West,0,0,Safe,76,Moderate,3,3,Low Risk
IBD026080,"Auto Crash, Ogun",2023-01-01,2023-01-01,7,2024,1,Ogun,South West,0,3,Safe,77,Moderate,3,6,Moderate Risk
IBD028056,"Ritualist Shrine, Oyo",2023-01-01,2023-06-30,5,2024,1,Oyo,South West,0,3,Safe,35,Low,1,4,Moderate Risk
IBD026110,"Woman vs Co-wife, Bauchi",2023-01-01,2023-01-01,1,2024,1,Bauchi,North East,0,0,Safe,30,Low,1,1,Low Risk
IBD028043,"Police Kill Kidnapper, Yobe",2023-00-20,2023-00-20,1,2024,1,Yobe,North East,1,5,Caution,11,Low,1,7,Moderate Risk
IBD026331,"Assailants vs Man, Delta",2022-12-31,2022-12-31,1,2024,1,Delta,South South,0,0,Safe,86,High,5,5,Moderate Risk
IBD026163,"Communal Clash, Delta",2022-12-31,2022-12-31,3,2024,1,Delta,South South,0,3,Safe,85,High,5,8,High Risk
IBD026097,"Political Issue, Sokoto",2022-12-31,2022-12-31,2,2024,1,Sokoto,North West,0,0,Safe,36,Low,1,1,Low Risk
IBD026117,"Police vs Bandits, Bauchi",2022-12-31,2022-12-31,20,2024,1,Bauchi,North East,1,10,Avoid Route,21,Low,1,12,Extreme Danger
IBD026094,"Police vs Kidnappers/Bandits, Bauchi",2022-12-31,2022-12-31,10,2024,1,Bauchi,North East,2,10,Avoid Route,15,Low,1,13,Extreme Danger
IBD026086,"Auto Crash, Niger",2022-12-31,2022-12-31,4,2024,1,Niger,North Central,0,3,Safe,21,Low,1,4,Moderate Risk
IBD026070,"Inferno, Akwa Ibom",2022-12-30,2022-12-30,2,2024,1,Akwa Ibom,South South,0,0,Safe,82,High,5,5,Moderate Risk
IBD026040,"Auto Crash, Delta",2022-12-29,2022-12-29,3,2024,1,Delta,South South,0,3,Safe,84,High,5,8,High Risk
IBD026084,"Kidnappers Kill Doctor, Delta",2022-12-29,2022-12-29,1,2024,1,Delta,South South,1,5,Caution,93,High,5,11,High Risk
IBD026037,"Bomb Blast, Kogi",2022-12-29,2022-12-29,4,2024,1,Kogi,North Central,0,3,Safe,25,Low,1,4,Moderate Risk
IBD026061,"Motorist Dies, Oyo",2022-12-29,2022-12-29,1,2024,1,Oyo,South West,0,0,Safe,28,Low,1,1,Low Risk
IBD026052,"Banditry, Bauchi",2022-12-29,2022-12-29,32,2024,1,Bauchi,North East,1,10,Avoid Route,23,Low,1,12,Extreme Danger
IBD026044,"Political Supremacy, Ebonyi",2022-12-28,2022-12-28,3,2024,1,Ebonyi,South East,0,3,Safe,39,Low,1,4,Moderate Risk
IBD026043,"Auto Crash, Kogi",2022-12-28,2022-12-28,2,2024,1,Kogi,North Central,0,0,Safe,27,Low,1,1,Low Risk
IBD026240,"Man vs Security Guard, Ondo",2022-12-28,2022-12-28,1,2024,1,Ondo,South West,0,0,Safe,64,Moderate,3,3,Low Risk
IBD026063,"Assailants vs Policeman, Bayelsa",2022-12-28,2022-12-28,1,2024,1,Bayelsa,South South,0,0,Safe,99,High,5,5,Moderate Risk
IBD026039,"Political Violence, Oyo",2022-12-28,2022-12-28,1,2024,1,Oyo,South West,0,0,Safe,11,Low,1,1,Low Risk
IBD026108,"Ritual Killing, Ogun",2022-12-28,2022-12-28,3,2024,1,Ogun,South West,0,3,Safe,65,Moderate,3,6,Moderate Risk
IBD026055,"Police vs Kidnappers, Delta",2022-12-28,2022-12-28,1,2024,1,Delta,South South,1,5,Caution,85,High,5,11,High Risk
IBD026054,"Gunmen Attack, Katsina",2022-12-28,2022-12-28,1,2024,1,Katsina,North West,2,5,Caution,49,Low,1,8,High Risk
IBD026060,"Auto Crash, Imo",2022-12-28,2022-12-28,6,2024,1,Imo,South East,0,3,Safe,52,Moderate,3,6,Moderate Risk
IBD026033,"Auto Crash, Ogun",2022-12-28,2022-12-28,7,2024,1,Ogun,South West,0,3,Safe,52,Moderate,3,6,Moderate Risk
IBD026032,"Auto Crash , Lagos",2022-12-27,2022-12-27,1,2024,1,Lagos,South West,0,0,Safe,87,High,5,5,Moderate Risk
IBD026028,"Auto Crash, Niger",2022-12-27,2022-12-27,7,2024,1,Niger,North Central,0,3,Safe,19,Low,1,4,Moderate Risk
IBD026057,"Banditry, Sokoto",2022-12-27,2022-12-27,10,2024,1,Sokoto,North West,1,10,Avoid Route,18,Low,1,12,Extreme Danger
IBD026034,"Auto Crash, Niger",2022-12-27,2022-12-27,11,2024,1,Niger,North Central,0,5,Caution,22,Low,1,6,Moderate Risk
IBD026038,"Boko Haram Explosion, Niger",2022-12-27,2022-12-27,1,2024,1,Niger,North Central,0,0,Safe,26,Low,1,1,Low Risk
IBD026036,"Auto Crash, Ekiti",2022-12-27,2022-12-27,1,2024,1,Ekiti,South West,0,0,Safe,38,Low,1,1,Low Risk
IBD026046,"Assaliant vs Man, Lagos",2022-12-27,2022-12-27,1,2024,1,Lagos,South West,0,0,Safe,88,High,5,5,Moderate Risk
IBD026035,"Auto Crash, Cross River",2022-12-27,2022-12-27,8,2024,1,Cross River,South South,0,3,Safe,83,High,5,8,High Risk
IBD026056,"Banditry, Sokoto",2022-12-27,2022-12-27,10,2024,1,Sokoto,North West,1,10,Avoid Route,20,Low,1,12,Extreme Danger
IBD026042,"Banditry, Sokoto",2022-12-27,2022-12-27,10,2024,1,Sokoto,North West,1,10,Avoid Route,21,Low,1,12,Extreme Danger
IBD026029,"Auto Crash, Oyo",2022-12-27,2022-12-27,10,2024,1,Oyo,South West,0,5,Caution,17,Low,1,6,Moderate Risk
IBD026030,"Auto Crash, Akwa Ibom",2022-12-27,2022-12-27,3,2024,1,Akwa Ibom,South South,0,3,Safe,93,High,5,8,High Risk
IBD026047,"3 Drown, Lagos",2022-12-26,2022-12-26,3,2024,1,Lagos,South West,0,3,Safe,96,High,5,8,High Risk
IBD026051,"Assailants Attack, Imo",2022-12-26,2022-12-26,2,2024,1,Imo,South East,1,5,Caution,56,Moderate,3,9,High Risk
IBD026049,"Ritual Killing, Oyo",2022-12-26,2022-12-26,3,2024,1,Oyo,South West,0,3,Safe,42,Low,1,4,Moderate Risk
IBD026025,"Auto Crash, Bauchi",2022-12-26,2022-12-26,1,2024,1,Bauchi,North East,0,0,Safe,34,Low,1,1,Low Risk
IBD026064,"Bandits Attack, Zamfara",2022-12-26,2022-12-26,4,2024,1,Zamfara,North West,2,8,Avoid Route,31,Low,1,11,High Risk
IBD026067,"Boko Haram Attack, Borno",2022-12-26,2022-12-26,8,2024,1,Borno,North East,1,8,Avoid Route,39,Low,1,10,High Risk
IBD026258,"Robbers Kill Drivers, Edo",2022-12-26,2022-12-26,3,2024,1,Edo,South South,0,3,Safe,57,Moderate,3,6,Moderate Risk
IBD026068,"Boko Haram Attack, Borno",2022-12-26,2022-12-26,20,2024,1,Borno,North East,1,10,Avoid Route,26,Low,1,12,Extreme Danger
IBD026018,"Auto Crash, Ebonyi",2022-12-26,2022-12-26,1,2024,1,Ebonyi,South East,0,0,Safe,48,Low,1,1,Low Risk
IBD026008,"Police vs Female Lawyer, Lagos",2022-12-25,2022-12-25,1,2024,1,Lagos,South West,0,0,Safe,99,High,5,5,Moderate Risk
IBD026007,"Man vs Lady, Cross River",2022-12-25,2022-12-25,1,2024,1,Cross River,South South,0,0,Safe,95,High,5,5,Moderate Risk
IBD026021,"Gunmen Attack, Delta",2022-12-25,2022-12-25,4,2024,1,Delta,South South,2,8,Avoid Route,95,High,5,15,Extreme Danger
IBD026005,"Auto Crash, Ogun",2022-12-25,2022-12-25,3,2024,1,Ogun,South West,0,3,Safe,59,Moderate,3,6,Moderate Risk
IBD026012,"Auto Crash, Kaduna",2022-12-25,2022-12-25,5,2024,1,Kaduna,North West,0,3,Safe,31,Low,1,4,Moderate Risk
IBD026020,"Gunmen Attack, Kaduna",2022-12-25,2022-12-25,1,2024,1,Kaduna,North West,2,5,Caution,44,Low,1,8,High Risk
IBD026031,"Auto Crash, Rivers",2022-12-25,2022-12-25,8,2024,1,Rivers,South South,0,3,Safe,95,High,5,8,High Risk
IBD029157,"Robbers vs Jogger, FCT (Abuja)",2022-12-25,2022-12-25,1,2024,1,FCT,North Central,0,0,Safe,23,Low,1,1,Low Risk
IBD026004,"Auto Crash, Bauchi",2022-12-25,2022-12-25,6,2024,1,Bauchi,North East,0,3,Safe,34,Low,1,4,Moderate Risk
IBD026048,"Assailants Attack, Enugu",2022-12-25,2022-12-28,1,2024,1,Enugu,South East,1,5,Caution,60,Moderate,3,9,High Risk
IBD026013,"Kidnappers vs Siblings, Taraba",2022-12-25,2022-12-25,4,2024,1,Taraba,North East,1,8,Avoid Route,11,Low,1,10,High Risk
IBD026014,"Thief vs Jogger, FCT (Abuja)",2022-12-25,2022-12-25,1,2024,1,FCT,North Central,0,0,Safe,23,Low,1,1,Low Risk
IBD026016,"Boko Haram vs Herders, Borno",2022-12-24,2022-12-24,17,2024,1,Borno,North East,0,5,Caution,17,Low,1,6,Moderate Risk
IBD025988,"Auto Crash, Anambra",2022-12-24,2022-12-24,2,2024,1,Anambra,South East,0,0,Safe,65,Moderate,3,3,Low Risk
IBD026011,"Banditry, Kebbi",2022-12-24,2022-12-24,3,2024,1,Kebbi,North West,1,8,Avoid Route,13,Low,1,10,High Risk
IBD026017,"Auto Crash, Akwa Ibom",2022-12-24,2022-12-24,2,2024,1,Akwa Ibom,South South,0,0,Safe,90,High,5,5,Moderate Risk
IBD026006,"Cow Kills Youth, Bayelsa",2022-12-24,2022-12-24,1,2024,1,Bayelsa,South South,0,0,Safe,80,High,5,5,Moderate Risk
IBD026119,"Robber, Lagos",2022-12-24,2022-12-24,1,2024,1,Lagos,South West,0,0,Safe,92,High,5,5,Moderate Risk
IBD026041,"Police vs Kidnappers, Delta",2022-12-24,2022-12-24,2,2024,1,Delta,South South,1,5,Caution,99,High,5,11,High Risk
IBD026137,"Man kill Family Members, Enugu",2022-12-24,2023-01-01,5,2024,1,Enugu,South East,0,3,Safe,79,Moderate,3,6,Moderate Risk
IBD026003,"Police vs Robbers, Lagos",2022-12-24,2022-12-24,2,2024,1,Lagos,South West,0,0,Safe,93,High,5,5,Moderate Risk
IBD026065,"Mob vs Phone Thief, Delta",2022-12-24,2022-12-24,1,2024,1,Delta,South South,0,0,Safe,95,High,5,5,Moderate Risk
IBD026024,"Gunmen Attack, Plateau",2022-12-24,2022-12-24,1,2024,1,Plateau,North Central,2,5,Caution,14,Low,1,8,High Risk
IBD026221,"Herdsmen Attack, Enugu",2022-12-24,2022-12-24,2,2024,1,Enugu,South East,2,5,Caution,67,Moderate,3,10,High Risk
IBD026058,"Found Dead, Anambra",2022-12-23,2022-12-23,1,2024,1,Anambra,South East,0,0,Safe,69,Moderate,3,3,Low Risk
IBD026062,"Man vs Colleague, FCT (Abuja)",2022-12-23,2022-12-23,1,2024,1,FCT,North Central,0,0,Safe,33,Low,1,1,Low Risk
IBD025998,"Bandits vs Village Head, Niger",2022-12-23,2022-12-23,2,2024,1,Niger,North Central,1,5,Caution,36,Low,1,7,Moderate Risk
IBD029099,"Bandits Kill Captive, FCT (Abuja)",2022-12-23,2022-12-23,1,2024,1,FCT,North Central,1,5,Caution,38,Low,1,7,Moderate Risk
IBD025997,"Banditry, Kaduna",2022-12-22,2022-12-22,10,2024,1,Kaduna,North West,1,10,Avoid Route,17,Low,1,12,Extreme Danger
IBD026001,"Gunmen vs Vigilante, Anambra",2022-12-22,2022-12-22,2,2024,1,Anambra,South East,1,5,Caution,57,Moderate,3,9,High Risk
IBD025981,"Auto Crash, Ogun",2022-12-22,2022-12-22,4,2024,1,Ogun,South West,0,3,Safe,56,Moderate,3,6,Moderate Risk
IBD026010,"Inferno, FCT (Abuja)",2022-12-22,2022-12-22,3,2024,1,FCT,North Central,0,3,Safe,26,Low,1,4,Moderate Risk
IBD025993,"Banditry, Niger",2022-12-22,2022-12-22,1,2024,1,Niger,North Central,1,5,Caution,15,Low,1,7,Moderate Risk
IBD025989,"Army vs Bandits, Kaduna",2022-12-22,2022-12-22,4,2024,1,Kaduna,North West,1,8,Avoid Route,27,Low,1,10,High Risk
IBD025999,"Boat Mishap, Lagos",2022-12-22,2022-12-22,1,2024,1,Lagos,South West,0,0,Safe,94,High,5,5,Moderate Risk
IBD026000,"Army vs Boko Haram, Bornon",2022-12-22,2022-12-22,26,2024,1,Borno,North East,0,5,Caution,26,Low,1,6,Moderate Risk
IBD025982,"Auto Crash, Lagos",2022-12-22,2022-12-22,1,2024,1,Lagos,South West,0,0,Safe,97,High,5,5,Moderate Risk
IBD026027,"Bandits vs Pregnant Woman, Niger",2022-12-22,2022-12-22,1,2024,1,Niger,North Central,1,5,Caution,28,Low,1,7,Moderate Risk
IBD025994,"Army vs Bandits, Kaduna",2022-12-22,2022-12-22,2,2024,1,Kaduna,North West,1,5,Caution,25,Low,1,7,Moderate Risk
IBD025992,"Army vs Bandits, Kaduna",2022-12-22,2022-12-22,4,2024,1,Kaduna,North West,1,8,Avoid Route,38,Low,1,10,High Risk
IBD025984,"Army vs Boko Haram, Borno",2022-12-21,2022-12-27,119,2024,1,Borno,North East,0,5,Caution,46,Low,1,6,Moderate Risk
IBD025986,"Police vs Bandits, Zamfara",2022-12-21,2022-12-21,12,2024,1,Zamfara,North West,1,10,Avoid Route,49,Low,1,12,Extreme Danger
IBD026009,"Kidnappers vs Woman, Kogi",2022-12-21,2022-12-21,1,2024,1,Kogi,North Central,1,5,Caution,40,Low,1,7,Moderate Risk
IBD025975,"Auto Crash, Delta",2022-12-21,2022-12-21,2,2024,1,Delta,South South,0,0,Safe,96,High,5,5,Moderate Risk
IBD025969,"Gunmen vs Police, Kogi",2022-12-21,2022-12-21,2,2024,1,Kogi,North Central,1,5,Caution,18,Low,1,7,Moderate Risk
IBD025972,"Electrocution, Kaduna",2022-12-21,2022-12-21,11,2024,1,Kaduna,North West,0,5,Caution,39,Low,1,6,Moderate Risk
IBD025976,"Auto Crash, Bauchi",2022-12-21,2022-12-21,6,2024,1,Bauchi,North East,0,3,Safe,18,Low,1,4,Moderate Risk
IBD025974,"Boat Mishap, Delta",2022-12-20,2022-12-20,3,2024,1,Delta,South South,0,3,Safe,99,High,5,8,High Risk
IBD026127,"Assailants vs Man, Bauchi",2022-12-20,2022-12-20,1,2024,1,Bauchi,North East,0,0,Safe,35,Low,1,1,Low Risk
IBD026022,"Found Dead, Lagos",2022-12-20,2022-12-20,3,2024,1,Lagos,South West,0,3,Safe,97,High,5,8,High Risk
IBD025967,"Auto Crash, Akwa Ibom",2022-12-19,2022-12-19,1,2024,1,Akwa Ibom,South South,0,0,Safe,95,High,5,5,Moderate Risk
IBD025970,"Army vs IPOB/ESN, Ebonyi",2022-12-19,2022-12-19,14,2024,1,Ebonyi,South East,0,5,Caution,14,Low,1,6,Moderate Risk
IBD025968,"Soldier vs Guest, Lagos",2022-12-19,2022-12-19,2,2024,1,Lagos,South West,0,0,Safe,91,High,5,5,Moderate Risk
IBD025962,"Auto Crash, Adamawa",2022-12-19,2022-12-19,8,2024,1,Adamawa,North East,0,3,Safe,20,Low,1,4,Moderate Risk
IBD025957,"Banditry, Zamfara",2022-12-18,2022-12-19,130,2024,1,Zamfara,North West,1,10,Avoid Route,16,Low,1,12,Extreme Danger
IBD025947,"Auto Crash, Ondo",2022-12-18,2022-12-18,3,2024,1,Ondo,South West,0,3,Safe,57,Moderate,3,6,Moderate Risk
IBD025990,"Banditry, Niger",2022-12-18,2022-12-18,1,2024,1,Niger,North Central,1,5,Caution,22,Low,1,7,Moderate Risk
IBD025973,"Cult Killing, Akwa Ibom",2022-12-18,2022-12-18,1,2024,1,Akwa Ibom,South South,0,0,Safe,87,High,5,5,Moderate Risk
IBD025958,"Bandits Kill 37, Kaduna",2022-12-18,2022-12-18,35,2024,1,Kaduna,North West,1,10,Avoid Route,14,Low,1,12,Extreme Danger
IBD025961,"Boat Mishap, Kogi",2022-12-18,2022-12-18,40,2024,1,Kogi,North Central,0,5,Caution,18,Low,1,6,Moderate Risk
IBD025959,"Police vs Kidnappers, Bauchi",2022-12-18,2022-12-18,12,2024,1,Bauchi,North East,1,10,Avoid Route,16,Low,1,12,Extreme Danger
IBD025965,"Police vs Armed Robbers, Kebbi",2022-12-18,2022-12-18,1,2024,1,Kebbi,North West,0,0,Safe,20,Low,1,1,Low Risk
IBD026104,"Guard, Anambra",2022-12-18,2022-12-18,1,2024,1,Anambra,South East,0,0,Safe,71,Moderate,3,3,Low Risk
IBD025963,"Police vs Kidnappers, Abia",2022-12-18,2022-12-18,4,2024,1,Abia,South East,1,8,Avoid Route,77,Moderate,3,12,Extreme Danger
IBD025944,"Kidnappers vs Businessman, Ondo",2022-12-17,2022-12-17,1,2024,1,Ondo,South West,1,5,Caution,78,Moderate,3,9,High Risk
IBD025950,"Fulani Attack, Enugu",2022-12-17,2022-12-18,24,2024,1,Enugu,South East,1,10,Avoid Route,76,Moderate,3,14,Extreme Danger
IBD025991,"Fish Farmer, Ogun",2022-12-17,2022-12-17,1,2024,1,Ogun,South West,0,0,Safe,63,Moderate,3,3,Low Risk
IBD025951,"Auto Crash, Niger",2022-12-17,2022-12-17,14,2024,1,Niger,North Central,0,5,Caution,10,Low,1,6,Moderate Risk
IBD025946,"Auto Crash, Bauchi",2022-12-17,2022-12-17,1,2024,1,Bauchi,North East,0,0,Safe,34,Low,1,1,Low Risk
IBD025966,"Auto Crash, Kano",2022-12-17,2022-12-17,11,2024,1,Kano,North West,0,5,Caution,35,Low,1,6,Moderate Risk
IBD025943,"Vigilante vs Bandits, Zamfara",2022-12-17,2022-12-17,15,2024,1,Zamfara,North West,1,10,Avoid Route,17,Low,1,12,Extreme Danger
IBD025945,"Man vs Friend, Cross River",2022-12-17,2022-12-17,1,2024,1,Cross River,South South,0,0,Safe,88,High,5,5,Moderate Risk
IBD025956,"Kidnappers Kill Commissioner, Anambra",2022-12-17,2022-12-17,1,2024,1,Anambra,South East,1,5,Caution,57,Moderate,3,9,High Risk
IBD029303,"Kidnappers vs Monarch, Imo",2022-12-17,2022-12-17,1,2024,1,Imo,South East,1,5,Caution,65,Moderate,3,9,High Risk
IBD025953,"Inferno, Jigawa",2022-12-16,2022-12-16,3,2024,1,Jigawa,North West,0,3,Safe,15,Low,1,4,Moderate Risk
IBD025938,"Political Violence, Imo",2022-12-16,2022-12-16,1,2024,1,Imo,South East,0,0,Safe,73,Moderate,3,3,Low Risk
IBD025949,"Herdsmen vs Farmers, Benue",2022-12-16,2022-12-16,3,2024,1,Benue,North Central,1,8,Avoid Route,33,Low,1,10,High Risk
IBD025942,"Bandits Kill 20, Zamfara",2022-12-16,2022-12-16,20,2024,1,Zamfara,North West,1,10,Avoid Route,43,Low,1,12,Extreme Danger
IBD025931,"Train Accident, FCT (Abuja)",2022-12-15,2022-12-15,1,2024,1,FCT,North Central,0,0,Safe,24,Low,1,1,Low Risk
IBD025960,"Police vs Motorcyclist, Lagos",2022-12-15,2022-12-15,1,2024,1,Lagos,South West,0,0,Safe,82,High,5,5,Moderate Risk
IBD025940,"Cult Clash, Rivers",2022-12-15,2022-12-15,3,2024,1,Rivers,South South,0,3,Safe,98,High,5,8,High Risk
IBD026659,"Cultism, Lagos",2022-12-15,2022-12-15,2,2024,1,Lagos,South West,0,0,Safe,89,High,5,5,Moderate Risk
IBD025932,"Auto Crash, Anambra",2022-12-14,2022-12-14,1,2024,1,Anambra,South East,0,0,Safe,68,Moderate,3,3,Low Risk
IBD025937,"Police vs Gunmen, Ebonyi",2022-12-14,2022-12-14,2,2024,1,Ebonyi,South East,1,5,Caution,29,Low,1,7,Moderate Risk
IBD025927,"Electrocution, Lagos",2022-12-14,2022-12-14,1,2024,1,Lagos,South West,0,0,Safe,90,High,5,5,Moderate Risk
IBD025941,"Man vs Friend, Delta",2022-12-14,2022-12-14,1,2024,1,Delta,South South,0,0,Safe,100,High,5,5,Moderate Risk
IBD025923,"Police vs Bandits, Katsina",2022-12-14,2022-12-14,2,2024,1,Katsina,North West,1,5,Caution,25,Low,1,7,Moderate Risk
IBD025930,"Auto Crash, Borno",2022-12-14,2022-12-14,4,2024,1,Borno,North East,0,3,Safe,13,Low,1,4,Moderate Risk
IBD025925,"Terrorists Attack, Kaduna",2022-12-14,2022-12-14,4,2024,1,Kaduna,North West,2,8,Avoid Route,39,Low,1,11,High Risk
IBD025939,"Cult Killing, Osun",2022-12-13,2022-12-13,1,2024,1,Osun,South West,0,0,Safe,18,Low,1,1,Low Risk
IBD025921,"Terrorists Attack, Kaduna",2022-12-13,2022-12-13,3,2024,1,Kaduna,North West,2,8,Avoid Route,15,Low,1,11,High Risk
IBD025934,"Gunmen Attack, Sokoto",2022-12-13,2022-12-13,6,2024,1,Sokoto,North West,2,8,Avoid Route,44,Low,1,11,High Risk
IBD025929,"Woman vs Neighbour, Kano",2022-12-13,2022-12-13,1,2024,1,Kano,North West,0,0,Safe,17,Low,1,1,Low Risk
IBD025924,"Police vs Kidnappers, Delta",2022-12-13,2022-12-13,1,2024,1,Delta,South South,1,5,Caution,91,High,5,11,High Risk
IBD026524,"Robbers vs Tricycle Rider, Ogun",2022-12-13,2022-12-13,1,2024,1,Ogun,South West,0,0,Safe,53,Moderate,3,3,Low Risk
IBD025922,"Cult Killing, Akwa Ibom",2022-12-13,2022-12-13,5,2024,1,Akwa Ibom,South South,0,3,Safe,96,High,5,8,High Risk
IBD026837,"Banditry, Kaduna",2022-12-13,2022-12-13,2,2024,1,Kaduna,North West,1,5,Caution,12,Low,1,7,Moderate Risk
IBD025909,"Gunmen vs Police, Imo",2022-12-12,2022-12-12,5,2024,1,Imo,South East,1,8,Avoid Route,50,Moderate,3,12,Extreme Danger
IBD025918,"Police vs Bandits, Sokoto",2022-12-12,2022-12-12,1,2024,1,Sokoto,North West,1,5,Caution,34,Low,1,7,Moderate Risk
IBD025916,"Auto Crash, Kebbi",2022-12-12,2022-12-12,14,2024,1,Kebbi,North West,0,5,Caution,13,Low,1,6,Moderate Risk
IBD025899,"Gunmen Attack, Ebonyi",2022-12-12,2022-12-12,5,2024,1,Ebonyi,South East,2,8,Avoid Route,19,Low,1,11,High Risk
IBD025978,"Police vs Kidnappers, Ekiti",2022-12-12,2022-12-12,2,2024,1,Ekiti,South West,1,5,Caution,26,Low,1,7,Moderate Risk
IBD026059,"Man vs Daughter, Akwa Ibom",2022-12-11,2022-12-11,1,2024,1,Akwa Ibom,South South,0,0,Safe,89,High,5,5,Moderate Risk
IBD025910,"Gunmen vs Pregnant Woman, Borno",2022-12-11,2022-12-11,1,2024,1,Borno,North East,1,5,Caution,10,Low,1,7,Moderate Risk
IBD025903,"Auto Crash, Lagos",2022-12-11,2022-12-11,1,2024,1,Lagos,South West,0,0,Safe,100,High,5,5,Moderate Risk
IBD025897,"Assailant vs Lady, Plateau",2022-12-11,2022-12-11,1,2024,1,Plateau,North Central,0,0,Safe,41,Low,1,1,Low Risk
IBD025926,"Policeman vs Man, Rivers",2022-12-11,2022-12-11,1,2024,1,Rivers,South South,0,0,Safe,94,High,5,5,Moderate Risk
IBD025912,"NAF vs Bandits, Kaduna",2022-12-11,2022-12-11,28,2024,1,Kaduna,North West,1,10,Avoid Route,48,Low,1,12,Extreme Danger
IBD025920,"Gunmen vs Man, Ogun",2022-12-11,2022-12-11,1,2024,1,Ogun,South West,1,5,Caution,56,Moderate,3,9,High Risk
IBD025907,"Tanker Explosion, Ogun",2022-12-11,2022-12-11,1,2024,1,Ogun,South West,0,0,Safe,60,Moderate,3,3,Low Risk
IBD025901,"Auto Crash, Kogi",2022-12-10,2022-12-10,6,2024,1,Kogi,North Central,0,3,Safe,34,Low,1,4,Moderate Risk
IBD025911,"NAF vs Bandits, Kaduna",2022-12-10,2022-12-10,10,2024,1,Kaduna,North West,1,10,Avoid Route,22,Low,1,12,Extreme Danger
IBD025906,"Bandits vs District Head, Zamfara",2022-12-10,2022-12-10,1,2024,1,Zamfara,North West,1,5,Caution,20,Low,1,7,Moderate Risk
IBD025900,"Auto Crash, Bauchi",2022-12-10,2022-12-10,6,2024,1,Bauchi,North East,0,3,Safe,31,Low,1,4,Moderate Risk
IBD025911,"NAF vs Bandits, Kaduna",2022-12-10,2022-12-10,10,2024,1,Kaduna,North West,1,10,Avoid Route,44,Low,1,12,Extreme Danger
IBD026170,"Police vs Kidnappers, Bauchi",2022-12-10,2022-12-10,4,2024,1,Bauchi,North East,1,8,Avoid Route,32,Low,1,10,High Risk
IBD025919,"Robber vs Man, Ogun",2022-12-10,2022-12-10,1,2024,1,Ogun,South West,0,0,Safe,76,Moderate,3,3,Low Risk
IBD025900,"Auto Crash, Bauchi",2022-12-10,2022-12-10,6,2024,1,Bauchi,North East,0,3,Safe,21,Low,1,4,Moderate Risk
IBD025890,"Gunmen vs Policeman, Imo",2022-12-09,2022-12-09,1,2024,1,Imo,South East,1,5,Caution,75,Moderate,3,9,High Risk
IBD025895,"Gunmen Kill 2, Imo",2022-12-09,2022-12-09,2,2024,1,Imo,South East,1,5,Caution,77,Moderate,3,9,High Risk
IBD025915,"Gunmen vs Woman, Oyo",2022-12-09,2022-12-09,1,2024,1,Oyo,South West,1,5,Caution,30,Low,1,7,Moderate Risk
IBD025894,"Gunmen vs Expatriates, Imo",2022-12-09,2022-12-09,2,2024,1,Imo,South East,1,5,Caution,64,Moderate,3,9,High Risk
IBD025902,"Gunmen vs 8 Northerners, Imo",2022-12-09,2022-12-09,8,2024,1,Imo,South East,1,8,Avoid Route,70,Moderate,3,12,Extreme Danger
IBD025904,"Banditry, Bauchi",2022-12-09,2022-12-10,27,2024,1,Bauchi,North East,1,10,Avoid Route,24,Low,1,12,Extreme Danger
IBD025898,"Gunmen Kill 2, Enugu",2022-12-09,2022-12-09,2,2024,1,Enugu,South East,1,5,Caution,50,Moderate,3,9,High Risk
IBD025893,"Gunmen Kill 4, Imo",2022-12-09,2022-12-09,4,2024,1,Imo,South East,1,8,Avoid Route,76,Moderate,3,12,Extreme Danger
IBD025914,"Policewoman vs House Maid, Oyo",2022-12-09,2022-12-09,1,2024,1,Oyo,South West,0,0,Safe,17,Low,1,1,Low Risk
IBD025896,"Police vs IPOB/ESN, Imo",2022-12-09,2022-12-09,10,2024,1,Imo,South East,0,5,Caution,67,Moderate,3,8,High Risk
IBD025885,"Army vs IPOB/ESN, Enugu",2022-12-08,2022-12-08,1,2024,1,Enugu,South East,0,0,Safe,76,Moderate,3,3,Low Risk
IBD025928,"Herdsmen Attack, Kwara",2022-12-08,2022-12-08,1,2024,1,Kwara,North Central,2,5,Caution,37,Low,1,8,High Risk
IBD025886,"Banditry, Gombe",2022-12-08,2022-12-08,3,2024,1,Gombe,North East,1,8,Avoid Route,34,Low,1,10,High Risk
IBD025884,"Gunmen Attack, Enugu",2022-12-08,2022-12-08,12,2024,1,Enugu,South East,2,10,Avoid Route,63,Moderate,3,15,Extreme Danger
IBD025983,"Auto Crash, Ogun",2022-12-08,2022-12-08,1,2024,1,Ogun,South West,0,0,Safe,50,Moderate,3,3,Low Risk
IBD025883,"Army vs Bandits, Kaduna",2022-12-07,2022-12-07,9,2024,1,Kaduna,North West,1,8,Avoid Route,29,Low,1,10,High Risk
IBD025876,"Police vs Man, Lagos",2022-12-07,2022-12-07,1,2024,1,Lagos,South West,0,0,Safe,90,High,5,5,Moderate Risk
IBD025878,"Gunmen Attack, FCT (Abuja)",2022-12-06,2022-12-06,1,2024,1,FCT,North Central,2,5,Caution,28,Low,1,8,High Risk
IBD025870,"Boxer Dies, Delta",2022-12-06,2022-12-06,1,2024,1,Delta,South South,0,0,Safe,99,High,5,5,Moderate Risk
IBD025888,"Witchcraft, Bauchi",2022-12-06,2022-12-06,1,2024,1,Bauchi,North East,0,0,Safe,43,Low,1,1,Low Risk
IBD025859,"Auto Crash, Niger",2022-12-06,2022-12-06,7,2024,1,Niger,North Central,0,3,Safe,35,Low,1,4,Moderate Risk
IBD025880,"Auto Crash, Jigawa",2022-12-06,2022-12-06,3,2024,1,Jigawa,North West,0,3,Safe,16,Low,1,4,Moderate Risk
IBD025879,"Army vs ISWAP, Borno",2022-12-06,2022-12-06,8,2024,1,Borno,North East,0,3,Safe,22,Low,1,4,Moderate Risk
IBD025877,"Man vs Wife, Lagos",2022-12-05,2022-12-05,1,2024,1,Lagos,South West,0,0,Safe,99,High,5,5,Moderate Risk
IBD025868,"Bandits vs Policemen, Sokoto",2022-12-05,2022-12-05,6,2024,1,Sokoto,North West,1,8,Avoid Route,28,Low,1,10,High Risk
IBD025867,"Cult Clash, Delta",2022-12-05,2022-12-05,4,2024,1,Delta,South South,0,3,Safe,84,High,5,8,High Risk
IBD025872,"Army vs Bandits, Kaduna",2022-12-05,2022-12-05,30,2024,1,Kaduna,North West,1,10,Avoid Route,11,Low,1,12,Extreme Danger
IBD025874,"Boko Haram vs ISWAP, Borno",2022-12-05,2022-12-05,56,2024,1,Borno,North East,0,5,Caution,12,Low,1,6,Moderate Risk
IBD025856,"Auto Crash, Anambra",2022-12-05,2022-12-05,2,2024,1,Anambra,South East,0,0,Safe,57,Moderate,3,3,Low Risk
IBD025881,"Guard vs Employer, Gombe",2022-12-05,2022-12-05,1,2024,1,Gombe,North East,0,0,Safe,36,Low,1,1,Low Risk
IBD025871,"Policeman vs Gunman, Ebonyi",2022-12-05,2022-12-05,3,2024,1,Ebonyi,South East,0,3,Safe,12,Low,1,4,Moderate Risk
IBD026045,"Witchcraft, Adamawa",2022-12-04,2022-12-04,7,2024,1,Adamawa,North East,0,3,Safe,26,Low,1,4,Moderate Risk
IBD025865,"Vandals vs Vigilante, Rivers",2022-12-04,2022-12-04,1,2024,1,Rivers,South South,0,0,Safe,94,High,5,5,Moderate Risk
IBD025869,"Security Agents vs Tricycle Rider, Plateau",2022-12-04,2022-12-04,1,2024,1,Plateau,North Central,0,0,Safe,40,Low,1,1,Low Risk
IBD025854,"Domestic Violence, Lagos",2022-12-04,2022-12-04,1,2024,1,Lagos,South West,0,0,Safe,97,High,5,5,Moderate Risk
IBD025917,"Woman vs Child, Kebbi",2022-12-04,2022-12-04,1,2024,1,Kebbi,North West,0,0,Safe,45,Low,1,1,Low Risk
IBD025855,"Army vs Boko Haram, Borno",2022-12-03,2022-12-03,24,2024,1,Borno,North East,0,5,Caution,43,Low,1,6,Moderate Risk
IBD025863,"Collapsed Building, Akwa Ibom",2022-12-03,2022-12-03,1,2024,1,Akwa Ibom,South South,0,0,Safe,98,High,5,5,Moderate Risk
IBD025853,"Naval Officers vs Police, Lagos",2022-12-03,2022-12-03,1,2024,1,Lagos,South West,0,0,Safe,82,High,5,5,Moderate Risk
IBD025857,"Auto Crash, Delta",2022-12-03,2022-12-03,3,2024,1,Delta,South South,0,3,Safe,86,High,5,8,High Risk
IBD025860,"Herders vs Farmers, Rivers",2022-12-02,2022-12-02,1,2024,1,Rivers,South South,0,0,Safe,95,High,5,5,Moderate Risk
IBD025849,"Farmers vs Herders, Borno",2022-12-02,2022-12-02,8,2024,1,Borno,North East,0,3,Safe,32,Low,1,4,Moderate Risk
IBD025861,"Robbers, Delta",2022-12-02,2022-12-02,2,2024,1,Delta,South South,0,0,Safe,83,High,5,5,Moderate Risk
IBD025851,"Auto Crash, Bauchi",2022-12-02,2022-12-02,5,2024,1,Bauchi,North East,0,3,Safe,18,Low,1,4,Moderate Risk
IBD025862,"Robbers vs Man, Oyo",2022-12-02,2022-12-02,1,2024,1,Oyo,South West,0,0,Safe,43,Low,1,1,Low Risk
IBD025858,Domestic Violence Jigawa,2022-12-02,2022-12-02,1,2024,1,Jigawa,North West,0,0,Safe,30,Low,1,1,Low Risk
IBD026265,"Work Accident, Lagos",2022-12-02,2022-12-02,1,2024,1,Lagos,South West,0,0,Safe,94,High,5,5,Moderate Risk
IBD025852,"Army vs Bandits, Niger",2022-12-02,2022-12-02,20,2024,1,Niger,North Central,1,10,Avoid Route,33,Low,1,12,Extreme Danger
IBD025882,"Pregnant Girl Dies, Akwa Ibom",2022-12-02,2022-12-02,1,2024,1,Akwa Ibom,South South,0,0,Safe,84,High,5,5,Moderate Risk
IBD025847,"Drug Overdose, Bayelsa",2022-12-01,2022-12-01,4,2024,1,Bayelsa,South South,0,3,Safe,86,High,5,8,High Risk
IBD025866,"NAF vs Bandits, Kaduna",2022-12-01,2022-12-01,17,2024,1,Kaduna,North West,1,10,Avoid Route,41,Low,1,12,Extreme Danger
IBD025913,"Scrap Collector vs Man, Lagos",2022-12-01,2022-12-01,1,2024,1,Lagos,South West,0,0,Safe,88,High,5,5,Moderate Risk
IBD025840,"Auto Crash, Enugu",2022-12-01,2022-12-01,1,2024,1,Enugu,South East,0,0,Safe,75,Moderate,3,3,Low Risk
IBD025839,"Auto Crash, Adamawa",2022-12-01,2022-12-01,4,2024,1,Adamawa,North East,0,3,Safe,13,Low,1,4,Moderate Risk
IBD025964,"Mother vs Son, Oyo",2022-12-01,2022-12-01,1,2024,1,Oyo,South West,0,0,Safe,23,Low,1,1,Low Risk
IBD025837,"Assailants vs Victim, Edo",2022-11-30,2022-11-30,1,2024,1,Edo,South South,0,0,Safe,76,Moderate,3,3,Low Risk
IBD025846,"Troops vs Terrorist, Zamfara",2022-11-30,2022-11-30,3,2024,1,Zamfara,North West,1,8,Avoid Route,24,Low,1,10,High Risk
IBD025844,"Bandits Kill 1, Sokoto",2022-11-30,2022-11-30,1,2024,1,Sokoto,North West,1,5,Caution,42,Low,1,7,Moderate Risk
IBD025843,"Bandits Kill 6, Sokoto",2022-11-30,2022-11-30,6,2024,1,Sokoto,North West,1,8,Avoid Route,41,Low,1,10,High Risk
IBD025838,"Father vs Daughter, Delta",2022-11-30,2022-11-30,1,2024,1,Delta,South South,0,0,Safe,80,High,5,5,Moderate Risk
IBD025842,"Cultism, Lagos",2022-11-30,2022-11-30,1,2024,1,Lagos,South West,0,0,Safe,81,High,5,5,Moderate Risk
IBD025828,"Auto Crash, Lagos",2022-11-30,2022-11-30,1,2024,1,Lagos,South West,0,0,Safe,91,High,5,5,Moderate Risk
IBD025829,"Gunmen vs Family, Benue",2022-11-30,2022-11-30,3,2024,1,Benue,North Central,1,8,Avoid Route,25,Low,1,10,High Risk
IBD025845,"Troops vs Terrorist, Katsina",2022-11-30,2022-11-30,20,2024,1,Katsina,North West,1,10,Avoid Route,28,Low,1,12,Extreme Danger
IBD025850,"Found Dead, Bauchi",2022-11-30,2022-11-30,1,2024,1,Bauchi,North East,0,0,Safe,12,Low,1,1,Low Risk
IBD025826,"Mother vs Daughter, Cross River",2022-11-29,2022-11-29,1,2024,1,Cross River,South South,0,0,Safe,94,High,5,5,Moderate Risk
IBD025820,"Kidnap Victim, Katsina",2022-11-29,2022-11-29,1,2024,1,Katsina,North West,1,5,Caution,17,Low,1,7,Moderate Risk
IBD025835,"Gunmen vs Police, Delta",2022-11-29,2022-11-29,1,2024,1,Delta,South South,1,5,Caution,97,High,5,11,High Risk
IBD025834,"Boy vs Girlfriend, Ogun",2022-11-29,2022-11-29,1,2024,1,Ogun,South West,0,0,Safe,66,Moderate,3,3,Low Risk
IBD025822,"Charm Testing, Enugu",2022-11-29,2022-11-29,1,2024,1,Enugu,South East,0,0,Safe,53,Moderate,3,3,Low Risk
IBD025836,"Medical Negligence, Rivers",2022-11-29,2022-11-29,1,2024,1,Rivers,South South,0,0,Safe,95,High,5,5,Moderate Risk
IBD025819,"Bandits Attack, Katsina",2022-11-29,2022-11-29,2,2024,1,Katsina,North West,2,5,Caution,48,Low,1,8,High Risk
IBD025830,"Hunters vs Man, Ondo",2022-11-29,2022-11-29,1,2024,1,Ondo,South West,0,0,Safe,70,Moderate,3,3,Low Risk
IBD025821,"Auto Crash, Bauchi",2022-11-28,2022-11-28,2,2024,1,Bauchi,North East,0,0,Safe,30,Low,1,1,Low Risk
IBD025818,"Political Violence, Kaduna",2022-11-28,2022-11-28,1,2024,1,Kaduna,North West,0,0,Safe,37,Low,1,1,Low Risk
IBD025823,"Assailants vs Musician, Anambra",2022-11-28,2022-11-28,1,2024,1,Anambra,South East,0,0,Safe,75,Moderate,3,3,Low Risk
IBD025832,"Domestic Violence, Bauchi",2022-11-28,2022-11-28,1,2024,1,Bauchi,North East,0,0,Safe,31,Low,1,1,Low Risk
IBD025833,"Kidnap Victims, Kaduna",2022-11-28,2022-11-28,2,2024,1,Kaduna,North West,1,5,Caution,45,Low,1,7,Moderate Risk
IBD025817,"Gunmen Attack, Kogi",2022-11-28,2022-11-28,1,2024,1,Kogi,North Central,2,5,Caution,37,Low,1,8,High Risk
IBD025802,"Auto Crash, Ogun",2022-11-27,2022-11-27,3,2024,1,Ogun,South West,0,3,Safe,55,Moderate,3,6,Moderate Risk
IBD025841,"Robbers vs Woman, Kogi",2022-11-27,2022-11-27,1,2024,1,Kogi,North Central,0,0,Safe,33,Low,1,1,Low Risk
IBD025815,"Food Poisoning, Kaduna",2022-11-27,2022-11-27,3,2024,1,Kaduna,North West,0,3,Safe,44,Low,1,4,Moderate Risk
IBD025808,"Assailants vs Motorcycle Thief, Edo",2022-11-27,2022-11-27,1,2024,1,Edo,South South,0,0,Safe,53,Moderate,3,3,Low Risk
IBD026002,"Fulani Militia vs Man, Katsina",2022-11-27,2022-11-27,1,2024,1,Katsina,North West,0,0,Safe,15,Low,1,1,Low Risk
IBD026026,"Cult Killing, Ogun",2022-11-27,2022-11-27,1,2024,1,Ogun,South West,0,0,Safe,77,Moderate,3,3,Low Risk
IBD025825,"NAF vs ISWAP, Borno",2022-11-27,2022-11-27,30,2024,1,Borno,North East,0,5,Caution,39,Low,1,6,Moderate Risk
IBD025803,"Army vs Bandits, Kaduna",2022-11-26,2022-11-26,4,2024,1,Kaduna,North West,1,8,Avoid Route,26,Low,1,10,High Risk
IBD025804,"Pirates, Akwa Ibom",2022-11-26,2022-11-26,6,2024,1,Akwa Ibom,South South,0,3,Safe,94,High,5,8,High Risk
IBD025799,"Cult Clash, Anambra",2022-11-26,2022-11-26,3,2024,1,Anambra,South East,0,3,Safe,76,Moderate,3,6,Moderate Risk
IBD025979,"Lawyer vs Lover, Lagos",2022-11-26,2022-11-26,1,2024,1,Lagos,South West,0,0,Safe,97,High,5,5,Moderate Risk
IBD025800,"Gunmen Attack, Ondo",2022-11-26,2022-11-26,2,2024,1,Ondo,South West,2,5,Caution,61,Moderate,3,10,High Risk
IBD025824,"Herbalist vs Lotto Operator, Ogun",2022-11-25,2022-11-25,1,2024,1,Ogun,South West,0,0,Safe,57,Moderate,3,3,Low Risk
IBD025794,"Gunmen Attack, Kaduna",2022-11-25,2022-11-25,11,2024,1,Kaduna,North West,2,10,Avoid Route,27,Low,1,13,Extreme Danger
IBD025796,"Gunmen Attack, Kaduna",2022-11-25,2022-11-25,2,2024,1,Kaduna,North West,2,5,Caution,47,Low,1,8,High Risk
IBD025795,"Gunmen Attack, Kaduna",2022-11-25,2022-11-25,2,2024,1,Kaduna,North West,2,5,Caution,13,Low,1,8,High Risk
IBD025801,"Man vs Boy, Ogun",2022-11-25,2022-11-25,1,2024,1,Ogun,South West,0,0,Safe,56,Moderate,3,3,Low Risk
IBD025798,"Army vs Boko Haram, Borno",2022-11-24,2022-11-24,5,2024,1,Borno,North East,0,3,Safe,19,Low,1,4,Moderate Risk
IBD025792,"Auto Crash, Delta",2022-11-24,2022-11-24,2,2024,1,Delta,South South,0,0,Safe,87,High,5,5,Moderate Risk
IBD025827,"NAF vs ISWAP, Borno",2022-11-24,2022-11-29,41,2024,1,Borno,North East,0,5,Caution,38,Low,1,6,Moderate Risk
IBD025789,"Gunmen vs Police, Rivers",2022-11-24,2022-11-24,4,2024,1,Rivers,South South,1,8,Avoid Route,84,High,5,14,Extreme Danger
IBD025790,"Banditry, Zamfara",2022-11-23,2022-11-23,19,2024,1,Zamfara,North West,1,10,Avoid Route,46,Low,1,12,Extreme Danger
IBD025788,"Ritual Killing, Ogun",2022-11-23,2022-11-23,1,2024,1,Ogun,South West,0,0,Safe,58,Moderate,3,3,Low Risk
IBD025783,"Auto Crash, Lagos",2022-11-23,2022-11-23,1,2024,1,Lagos,South West,0,0,Safe,95,High,5,5,Moderate Risk
IBD025805,"Political Crisis, Borno",2022-11-23,2022-11-23,1,2024,1,Borno,North East,0,0,Safe,29,Low,1,1,Low Risk
IBD025778,"Police vs Youths, Osun",2022-11-23,2022-11-23,1,2024,1,Osun,South West,0,0,Safe,33,Low,1,1,Low Risk
IBD025764,"Auto Crash, Bauchi",2022-11-22,2022-11-22,37,2024,1,Bauchi,North East,0,5,Caution,25,Low,1,6,Moderate Risk
IBD025777,"Gunmen Attack, Plateau",2022-11-22,2022-11-22,8,2024,1,Plateau,North Central,2,8,Avoid Route,20,Low,1,11,High Risk
IBD025831,"Woman vs Septuagenarian, Ogun",2022-11-22,2022-11-22,1,2024,1,Ogun,South West,0,0,Safe,71,Moderate,3,3,Low Risk
IBD025765,"Police vs Armed Robbers, Imo",2022-11-22,2022-11-22,1,2024,1,Imo,South East,0,0,Safe,69,Moderate,3,3,Low Risk
IBD025761,"Auto Crash, FCT (Abuja)",2022-11-22,2022-11-22,17,2024,1,FCT,North Central,0,5,Caution,38,Low,1,6,Moderate Risk
IBD025763,"Auto Crash, Borno",2022-11-22,2022-11-22,37,2024,1,Borno,North East,0,5,Caution,25,Low,1,6,Moderate Risk
IBD025766,"Auto Crash, Plateau",2022-11-22,2022-11-22,2,2024,1,Plateau,North Central,0,0,Safe,44,Low,1,1,Low Risk
IBD025811,"Woman vs Co-Wife, Bauchi",2022-11-22,2022-11-22,1,2024,1,Bauchi,North East,0,0,Safe,48,Low,1,1,Low Risk
IBD025791,"Auto Crash, Akwa Ibom",2022-11-21,2022-11-21,2,2024,1,Akwa Ibom,South South,0,0,Safe,87,High,5,5,Moderate Risk
IBD025768,"Auto Crash, Borno",2022-11-21,2022-11-21,5,2024,1,Borno,North East,0,3,Safe,21,Low,1,4,Moderate Risk
IBD025782,"ISWAP vs Boko Haram, Borno",2022-11-21,2022-11-21,50,2024,1,Borno,North East,0,5,Caution,17,Low,1,6,Moderate Risk
IBD025759,"Found Dead, Bayelsa",2022-11-21,2022-11-21,1,2024,1,Bayelsa,South South,0,0,Safe,82,High,5,5,Moderate Risk
IBD025762,"Inferno, Kano",2022-11-21,2022-11-21,3,2024,1,Kano,North West,0,3,Safe,37,Low,1,4,Moderate Risk
IBD025767,"Auto Crash, Kogi",2022-11-21,2022-11-21,5,2024,1,Kogi,North Central,0,3,Safe,33,Low,1,4,Moderate Risk
IBD025769,"Auto Crash, Yobe",2022-11-21,2022-11-21,5,2024,1,Yobe,North East,0,3,Safe,37,Low,1,4,Moderate Risk
IBD025743,"Police vs Gunmen, Enugu",2022-11-20,2022-11-20,2,2024,1,Enugu,South East,1,5,Caution,52,Moderate,3,9,High Risk
IBD025739,"Lady vs Boyfriend, Lagos",2022-11-20,2022-11-20,1,2024,1,Lagos,South West,0,0,Safe,83,High,5,5,Moderate Risk
IBD025753,"Food Poisoning, Benue",2022-11-20,2022-11-20,11,2024,1,Benue,North Central,0,5,Caution,48,Low,1,6,Moderate Risk
IBD025781,"Herdsmen Attack, Rivers",2022-11-20,2022-11-20,2,2024,1,Rivers,South South,2,5,Caution,92,High,5,12,Extreme Danger
IBD025744,"Mob vs Man, Niger",2022-11-20,2022-11-20,1,2024,1,Niger,North Central,0,0,Safe,28,Low,1,1,Low Risk
IBD025746,"Herder vs Sibling, FCT ( Abuja)",2022-11-20,2022-11-20,1,2024,1,FCT,North Central,0,0,Safe,46,Low,1,1,Low Risk
IBD025785,"Student vs Colleagues, Sokoto",2022-11-20,2022-11-20,1,2024,1,Sokoto,North West,0,0,Safe,41,Low,1,1,Low Risk
IBD025737,"Auto Crash, Kano",2022-11-19,2022-11-19,9,2024,1,Kano,North West,0,3,Safe,13,Low,1,4,Moderate Risk
IBD025747,"Man vs Woman, Kano",2022-11-19,2022-11-19,1,2024,1,Kano,North West,0,0,Safe,32,Low,1,1,Low Risk
IBD025727,"Gunmen vs Policemen, Enugu",2022-11-19,2022-11-19,3,2024,1,Enugu,South East,1,8,Avoid Route,76,Moderate,3,12,Extreme Danger
IBD025760,"Herdsmen Attack, Enugu",2022-11-19,2022-11-21,10,2024,1,Enugu,South East,2,10,Avoid Route,73,Moderate,3,15,Extreme Danger
IBD025873,"Man vs Lover, Oyo",2022-11-19,2022-11-19,1,2024,1,Oyo,South West,0,0,Safe,44,Low,1,1,Low Risk
IBD025740,Air Force vs Bandits,2022-11-19,2022-11-19,9,2024,1,Unknown,,1,8,Avoid Route,25,Low,1,10,High Risk
IBD025745,"Air Force vs Bandits, Kaduna",2022-11-19,2022-11-19,20,2024,1,Kaduna,North West,1,10,Avoid Route,21,Low,1,12,Extreme Danger
IBD025742,"Mob vs Transport Boss, Oyo",2022-11-19,2022-11-19,2,2024,1,Oyo,South West,0,0,Safe,29,Low,1,1,Low Risk
IBD025971,"IPOB/ESN vs Vigilante, Enugu",2022-11-19,2022-11-19,2,2024,1,Enugu,South East,0,0,Safe,64,Moderate,3,3,Low Risk
IBD025729,"Farmer Kills Attacker, Katsina",2022-11-19,2022-11-19,1,2024,1,Katsina,North West,1,5,Caution,27,Low,1,7,Moderate Risk
IBD025954,"Kidnappers vs Couple, Anambra",2022-11-19,2022-11-19,2,2024,1,Anambra,South East,1,5,Caution,57,Moderate,3,9,High Risk
IBD025755,"Female Corpse, Lagos",2022-11-19,2022-11-19,1,2024,1,Lagos,South West,0,0,Safe,93,High,5,5,Moderate Risk
IBD025748,"Gunmen vs Police, Enugu",2022-11-19,2022-11-19,1,2024,1,Enugu,South East,1,5,Caution,74,Moderate,3,9,High Risk
IBD025731,"Mob vs Robbers, Ebonyi",2022-11-18,2022-11-18,3,2024,1,Ebonyi,South East,0,3,Safe,41,Low,1,4,Moderate Risk
IBD025809,"Police vs Man, Adamawa",2022-11-18,2022-11-18,1,2024,1,Adamawa,North East,0,0,Safe,44,Low,1,1,Low Risk
IBD025730,"Gunmen Attack, Ebonyi",2022-11-18,2022-11-18,2,2024,1,Ebonyi,South East,2,5,Caution,34,Low,1,8,High Risk
IBD026015,"Bandits vs Police, Kaduna",2022-11-18,2022-11-18,1,2024,1,Kaduna,North West,1,5,Caution,45,Low,1,7,Moderate Risk
IBD025728,"Gunmen Kill 2, Enugu",2022-11-18,2022-11-18,2,2024,1,Enugu,South East,1,5,Caution,75,Moderate,3,9,High Risk
IBD025725,"Gunmen vs Ex-Commissioner, Enugu",2022-11-18,2022-11-18,2,2024,1,Enugu,South East,1,5,Caution,76,Moderate,3,9,High Risk
IBD025715,"Auto Crash, Kwara",2022-11-17,2022-11-17,1,2024,1,Kwara,North Central,0,0,Safe,31,Low,1,1,Low Risk
IBD025716,"Auto Crash, FCT (Abuja)",2022-11-17,2022-11-17,6,2024,1,FCT,North Central,0,3,Safe,17,Low,1,4,Moderate Risk
IBD025741,"Assailants vs Businessman, Delta",2022-11-16,2022-11-16,2,2024,1,Delta,South South,0,0,Safe,92,High,5,5,Moderate Risk
IBD025712,"Soldier vs Colleague, Borno",2022-11-16,2022-11-16,3,2024,1,Borno,North East,0,3,Safe,46,Low,1,4,Moderate Risk
IBD025710,"Bandits vs Imam, Sokoto",2022-11-16,2022-11-16,1,2024,1,Sokoto,North West,1,5,Caution,18,Low,1,7,Moderate Risk
IBD025816,"Land Vendor vs Man, Benue",2022-11-16,2022-11-16,1,2024,1,Benue,North Central,0,0,Safe,20,Low,1,1,Low Risk
IBD025749,"Air Force vs Bandits, Kaduna",2022-11-16,2022-11-19,10,2024,1,Kaduna,North West,1,10,Avoid Route,48,Low,1,12,Extreme Danger
IBD025714,"Police vs Bandits, Niger",2022-11-16,2022-11-16,7,2024,1,Niger,North Central,1,8,Avoid Route,24,Low,1,10,High Risk
IBD025700,"Boko Haram vs Women, Borno",2022-11-16,2022-11-16,21,2024,1,Borno,North East,0,5,Caution,46,Low,1,6,Moderate Risk
IBD025751,"Air Force vs Bandits, Kaduna",2022-11-16,2022-11-19,10,2024,1,Kaduna,North West,1,10,Avoid Route,27,Low,1,12,Extreme Danger
IBD025750,"Air Force vs Bandits, Kaduna",2022-11-16,2022-11-19,10,2024,1,Kaduna,North West,1,10,Avoid Route,46,Low,1,12,Extreme Danger
IBD025709,"Auto Crash, Bauchi",2022-11-16,2022-11-16,2,2024,1,Bauchi,North East,0,0,Safe,28,Low,1,1,Low Risk
IBD025736,"NAF vs Boko Haram, Borno",2022-11-16,2022-11-17,16,2024,1,Borno,North East,0,5,Caution,34,Low,1,6,Moderate Risk
IBD025812,"Man Stab One, Bauchi",2022-11-16,2022-11-16,1,2024,1,Bauchi,North East,0,0,Safe,31,Low,1,1,Low Risk
IBD025780,"Woman vs Husband, Oyo",2022-11-16,2022-11-16,1,2024,1,Oyo,South West,0,0,Safe,48,Low,1,1,Low Risk
IBD025713,"Terrorists Attack, Plateau",2022-11-16,2022-11-16,1,2024,1,Plateau,North Central,2,5,Caution,43,Low,1,8,High Risk
IBD025688,"Auto Crash, Lagos",2022-11-15,2022-11-15,1,2024,1,Lagos,South West,0,0,Safe,96,High,5,5,Moderate Risk
IBD025787,"Gunmen Attack, Plateau",2022-11-15,2022-11-15,9,2024,1,Plateau,North Central,2,8,Avoid Route,36,Low,1,11,High Risk
IBD025689,"Gunmen vs Family, Plateau",2022-11-15,2022-11-15,10,2024,1,Plateau,North Central,1,10,Avoid Route,31,Low,1,12,Extreme Danger
IBD025683,"Party Stalwart, Plateau",2022-11-15,2022-11-15,1,2024,1,Plateau,North Central,0,0,Safe,46,Low,1,1,Low Risk
IBD025996,"Gunmen vs Ebubeagu Operative, Ebonyi",2022-11-15,2022-11-15,1,2024,1,Ebonyi,South East,1,5,Caution,41,Low,1,7,Moderate Risk
IBD025599,"Kidnappers vs Guard, Benue",2022-11-15,2022-11-15,1,2024,1,Benue,North Central,1,5,Caution,13,Low,1,7,Moderate Risk
IBD025754,"Man vs Wife, Ogun",2022-11-14,2022-11-14,1,2024,1,Ogun,South West,0,0,Safe,58,Moderate,3,3,Low Risk
IBD025738,"Man vs Mother-in-law, Lagos",2022-11-14,2022-11-14,2,2024,1,Lagos,South West,0,0,Safe,93,High,5,5,Moderate Risk
IBD025699,"Gunmen Attack, Plateau",2022-11-14,2022-11-14,3,2024,1,Plateau,North Central,2,8,Avoid Route,11,Low,1,11,High Risk
IBD025711,"Bandits vs Farmers, Sokoto",2022-11-14,2022-11-14,2,2024,1,Sokoto,North West,1,5,Caution,37,Low,1,7,Moderate Risk
IBD025679,"Gunmen vs Woman, Imo",2022-11-14,2022-11-14,2,2024,1,Imo,South East,1,5,Caution,68,Moderate,3,9,High Risk
IBD025687,"Decomposed Corps, Bauchi",2022-11-14,2022-11-14,2,2024,1,Bauchi,North East,0,0,Safe,22,Low,1,1,Low Risk
IBD025691,"Soldiers vs Boko Haram, Borno",2022-11-14,2022-11-14,14,2024,1,Borno,North East,0,5,Caution,38,Low,1,6,Moderate Risk
IBD025670,"Gunmen vs Monarch, Imo",2022-11-14,2022-11-14,4,2024,1,Imo,South East,1,8,Avoid Route,52,Moderate,3,12,Extreme Danger
IBD025685,"Gunmen Attack, Kaduna",2022-11-14,2022-11-14,1,2024,1,Kaduna,North West,2,5,Caution,42,Low,1,8,High Risk
IBD025682,"Auto Crash, Kaduna",2022-11-14,2022-11-14,10,2024,1,Kaduna,North West,0,5,Caution,46,Low,1,6,Moderate Risk
IBD025686,"Domestic Violence, Plateau",2022-11-14,2022-11-14,1,2024,1,Plateau,North Central,0,0,Safe,31,Low,1,1,Low Risk
IBD025672,"Auto Crash, Ekiti",2022-11-14,2022-11-14,2,2024,1,Ekiti,South West,0,0,Safe,29,Low,1,1,Low Risk
IBD025669,"Bandits vs Villagers, Kaduna",2022-11-13,2022-11-13,3,2024,1,Kaduna,North West,1,8,Avoid Route,15,Low,1,10,High Risk
IBD025674,"Gunmen vs Police, Imo",2022-11-13,2022-11-13,2,2024,1,Imo,South East,1,5,Caution,62,Moderate,3,9,High Risk
IBD025663,"Army vs Terrorists, Kaduna",2022-11-13,2022-11-13,2,2024,1,Kaduna,North West,1,5,Caution,17,Low,1,7,Moderate Risk
IBD025671,"NAF vs Bandits, Kaduna",2022-11-13,2022-11-13,3,2024,1,Kaduna,North West,1,8,Avoid Route,11,Low,1,10,High Risk
IBD025684,"Gunmen Attack, Kaduna",2022-11-13,2022-11-13,3,2024,1,Kaduna,North West,2,8,Avoid Route,24,Low,1,11,High Risk
IBD025678,"Brothers Found Dead, FCT, (Abuja)",2022-11-13,2022-11-13,2,2024,1,FCT,North Central,0,0,Safe,37,Low,1,1,Low Risk
IBD025690,"Army vs Bandits, Kaduna",2022-11-13,2022-11-13,12,2024,1,Kaduna,North West,1,10,Avoid Route,10,Low,1,12,Extreme Danger
IBD025676,"Tricycle Operator vs Colleague, Ondo",2022-11-13,2022-11-13,1,2024,1,Ondo,South West,0,0,Safe,50,Moderate,3,3,Low Risk
IBD025673,"NAF Air Strikes, Kaduna",2022-11-13,2022-11-13,10,2024,1,Kaduna,North West,0,5,Caution,21,Low,1,6,Moderate Risk
IBD025675,"Police vs Assailant, Plateau",2022-11-13,2022-11-13,1,2024,1,Plateau,North Central,0,0,Safe,35,Low,1,1,Low Risk
IBD025677,"Assassins Kill 2, Delta",2022-11-12,2022-11-12,2,2024,1,Delta,South South,0,0,Safe,98,High,5,5,Moderate Risk
IBD025664,"Army vs Bandits, Kaduna",2022-11-12,2022-11-12,1,2024,1,Kaduna,North West,1,5,Caution,13,Low,1,7,Moderate Risk
IBD025658,"Gunmen vs Soldiers, Anambra",2022-11-12,2022-11-12,6,2024,1,Anambra,South East,1,8,Avoid Route,74,Moderate,3,12,Extreme Danger
IBD025666,"Gunmen Attack, Benue",2022-11-12,2022-11-12,1,2024,1,Benue,North Central,2,5,Caution,28,Low,1,8,High Risk
IBD028598,"Man vs Mother, Niger",2022-11-11,2022-11-11,1,2024,1,Niger,North Central,0,0,Safe,21,Low,1,1,Low Risk
IBD025657,"Inferno, Kano",2022-11-11,2022-11-11,3,2024,1,Kano,North West,0,3,Safe,49,Low,1,4,Moderate Risk
IBD025661,"Ritual Killing, Plateau",2022-11-11,2022-11-11,1,2024,1,Plateau,North Central,0,0,Safe,21,Low,1,1,Low Risk
IBD025653,"Son vs Father, Plateau",2022-11-11,2022-11-11,1,2024,1,Plateau,North Central,0,0,Safe,28,Low,1,1,Low Risk
IBD025659,"Bullion Van Attack, Anambra",2022-11-11,2022-11-11,3,2024,1,Anambra,South East,1,8,Avoid Route,63,Moderate,3,12,Extreme Danger
IBD025717,"Kidnap Victim, FCT (Abuja)",2022-11-11,2022-11-11,1,2024,1,FCT,North Central,1,5,Caution,42,Low,1,7,Moderate Risk
IBD025667,"Gunmen Attack, Benue",2022-11-11,2022-11-11,1,2024,1,Benue,North Central,2,5,Caution,12,Low,1,8,High Risk
IBD025656,"Building Collapse, Oyo",2022-11-11,2022-11-11,1,2024,1,Oyo,South West,0,0,Safe,33,Low,1,1,Low Risk
IBD025695,"Girl Dies, FCT (Abuja)",2022-11-11,2022-11-11,1,2024,1,FCT,North Central,0,0,Safe,36,Low,1,1,Low Risk
IBD025652,"Gunmen Attack, Benue",2022-11-10,2022-11-10,5,2024,1,Benue,North Central,2,8,Avoid Route,17,Low,1,11,High Risk
IBD025784,"Wife vs Husband, Rivers",2022-11-10,2022-11-10,1,2024,1,Rivers,South South,0,0,Safe,88,High,5,5,Moderate Risk
IBD025651,"Auto Crash, Borno",2022-11-10,2022-11-10,3,2024,1,Borno,North East,0,3,Safe,18,Low,1,4,Moderate Risk
IBD025645,"Stadium Collapse, Delta",2022-11-10,2022-11-10,3,2024,1,Delta,South South,0,3,Safe,90,High,5,8,High Risk
IBD025758,"Ritual Killing, Ogun",2022-11-10,2022-11-10,1,2024,1,Ogun,South West,0,0,Safe,61,Moderate,3,3,Low Risk
IBD025649,"Security Operatives vs Bandit Leader, Kaduna",2022-11-10,2022-11-10,11,2024,1,Kaduna,North West,1,10,Avoid Route,29,Low,1,12,Extreme Danger
IBD025662,"Bandits vs Farmers, Niger",2022-11-10,2022-11-10,1,2024,1,Niger,North Central,1,5,Caution,20,Low,1,7,Moderate Risk
IBD025650,"Army vs Bandits, Zamfara",2022-11-10,2022-11-10,24,2024,1,Zamfara,North West,1,10,Avoid Route,23,Low,1,12,Extreme Danger
IBD025648,"Motorcyclists vs Robber, Lagos",2022-11-10,2022-11-10,1,2024,1,Lagos,South West,0,0,Safe,95,High,5,5,Moderate Risk
IBD025726,"Woman vs Stepson, Katsina",2022-11-09,2022-11-09,1,2024,1,Katsina,North West,0,0,Safe,25,Low,1,1,Low Risk
IBD025642,"Witchcraft, Kebbi",2022-11-09,2022-11-09,1,2024,1,Kebbi,North West,0,0,Safe,11,Low,1,1,Low Risk
IBD025660,"Auto Crash, Lagos",2022-11-09,2022-11-09,1,2024,1,Lagos,South West,0,0,Safe,100,High,5,5,Moderate Risk
IBD025627,"Auto Crash, Adamawa",2022-11-09,2022-11-09,16,2024,1,Adamawa,North East,0,5,Caution,40,Low,1,6,Moderate Risk
IBD025632,"Mob vs Robbers, Enugu",2022-11-09,2022-11-09,2,2024,1,Enugu,South East,0,0,Safe,64,Moderate,3,3,Low Risk
IBD025628,"Students Found Dead, Abia",2022-11-09,2022-11-09,2,2024,1,Abia,South East,0,0,Safe,68,Moderate,3,3,Low Risk
IBD025633,"Auto Crash, Ogun",2022-11-09,2022-11-09,4,2024,1,Ogun,South West,0,3,Safe,58,Moderate,3,6,Moderate Risk
IBD025681,"Farmers vs Herders, Jigawa",2022-11-09,2022-11-09,2,2024,1,Jigawa,North West,0,0,Safe,16,Low,1,1,Low Risk
IBD025636,"Bandits Attack, Niger",2022-11-09,2022-11-09,2,2024,1,Niger,North Central,2,5,Caution,18,Low,1,8,High Risk
IBD026215,"Woman vs Maid, Enugu",2022-11-09,2022-11-09,1,2024,1,Enugu,South East,0,0,Safe,77,Moderate,3,3,Low Risk
IBD025647,"Domestic Violence, Lagos",2022-11-09,2022-11-09,1,2024,1,Lagos,South West,0,0,Safe,86,High,5,5,Moderate Risk
IBD025641,"Auto Crash/Explosion, Kogi",2022-11-09,2022-11-09,21,2024,1,Kogi,North Central,0,5,Caution,32,Low,1,6,Moderate Risk
IBD025640,"Gun Charm, Adamawa",2022-11-09,2022-11-09,1,2024,1,Adamawa,North East,0,0,Safe,44,Low,1,1,Low Risk
IBD025639,"Herdsmen vs Farmers, Kano",2022-11-08,2022-11-08,1,2024,1,Kano,North West,1,5,Caution,24,Low,1,7,Moderate Risk
IBD025630,"Gunmen Attack, Niger",2022-11-08,2022-11-08,2,2024,1,Niger,North Central,2,5,Caution,10,Low,1,8,High Risk
IBD025629,"Gunmen vs Businessman, Niger",2022-11-08,2022-11-08,1,2024,1,Niger,North Central,1,5,Caution,28,Low,1,7,Moderate Risk
IBD025813,"Herdsmen Attack, Enugu",2022-11-08,2022-11-08,2,2024,1,Enugu,South East,2,5,Caution,71,Moderate,3,10,High Risk
IBD025635,"Medical Quackery, Enugu",2022-11-08,2022-11-08,1,2024,1,Enugu,South East,0,0,Safe,61,Moderate,3,3,Low Risk
IBD025621,"Auto Crash, Enugu",2022-11-08,2022-11-08,1,2024,1,Enugu,South East,0,0,Safe,51,Moderate,3,3,Low Risk
IBD025624,"Gunmen vs Police, Anambra",2022-11-08,2022-11-08,3,2024,1,Anambra,South East,1,8,Avoid Route,79,Moderate,3,12,Extreme Danger
IBD025619,"Explosion, Anambra",2022-11-08,2022-11-08,8,2024,1,Anambra,South East,0,3,Safe,78,Moderate,3,6,Moderate Risk
IBD025634,"Gunmen Attack, Plateau",2022-11-08,2022-11-08,4,2024,1,Plateau,North Central,2,8,Avoid Route,34,Low,1,11,High Risk
IBD026186,"Gunmen vs Police, Imo",2022-11-07,2022-11-07,1,2024,1,Imo,South East,1,5,Caution,70,Moderate,3,9,High Risk
IBD025631,"Communal Attack, Benue",2022-11-07,2022-11-09,28,2024,1,Benue,North Central,1,10,Avoid Route,38,Low,1,12,Extreme Danger
IBD025603,"Auto Crash, Ogun",2022-11-07,2022-11-07,3,2024,1,Ogun,South West,0,3,Safe,51,Moderate,3,6,Moderate Risk
IBD025614,"Banditry, Niger",2022-11-07,2022-11-07,43,2024,1,Niger,North Central,1,10,Avoid Route,34,Low,1,12,Extreme Danger
IBD025622,"Auto Crash, Kaduna",2022-11-07,2022-11-07,2,2024,1,Kaduna,North West,0,0,Safe,18,Low,1,1,Low Risk
IBD025655,"Auto Crash, Niger",2022-11-07,2022-11-11,2,2024,1,Niger,North Central,0,0,Safe,21,Low,1,1,Low Risk
IBD025665,"Banditry, Kaduna",2022-11-07,2022-11-07,1,2024,1,Kaduna,North West,1,5,Caution,43,Low,1,7,Moderate Risk
IBD025602,"Bandits Kill 5, Niger",2022-11-07,2022-11-07,5,2024,1,Niger,North Central,1,8,Avoid Route,27,Low,1,10,High Risk
IBD025607,"Army vs Bandits, Zamfara",2022-11-06,2022-11-06,10,2024,1,Zamfara,North West,1,10,Avoid Route,41,Low,1,12,Extreme Danger
IBD025620,"Auto Crash, Kano",2022-11-06,2022-11-06,14,2024,1,Kano,North West,0,5,Caution,20,Low,1,6,Moderate Risk
IBD025608,"Auto Crash, Niger",2022-11-06,2022-11-06,3,2024,1,Niger,North Central,0,3,Safe,25,Low,1,4,Moderate Risk
IBD025615,"Bandits vs Cook, Katsina",2022-11-06,2022-11-06,1,2024,1,Katsina,North West,1,5,Caution,36,Low,1,7,Moderate Risk
IBD025604,"Army vs Bandit Kingpin, Zamfara",2022-11-06,2022-11-06,5,2024,1,Zamfara,North West,1,8,Avoid Route,22,Low,1,10,High Risk
IBD025593,"Cult Clash, Rivers",2022-11-05,2022-11-05,5,2024,1,Rivers,South South,0,3,Safe,82,High,5,8,High Risk
IBD025638,"Herdsmen vs Farmers, Kano",2022-11-05,2022-11-05,2,2024,1,Kano,North West,1,5,Caution,25,Low,1,7,Moderate Risk
IBD025644,"Army vs IPOB/ESN, Abia",2022-11-05,2022-11-05,2,2024,1,Abia,South East,0,0,Safe,54,Moderate,3,3,Low Risk
IBD025623,"Electrocution, Lagos",2022-11-05,2022-11-05,1,2024,1,Lagos,South West,0,0,Safe,84,High,5,5,Moderate Risk
IBD025610,"Soldier vs Man, Abia",2022-11-05,2022-11-05,1,2024,1,Abia,South East,0,0,Safe,50,Moderate,3,3,Low Risk
IBD025587,"Auto Crash, Bauchi",2022-11-05,2022-11-05,5,2024,1,Bauchi,North East,0,3,Safe,10,Low,1,4,Moderate Risk
IBD025600,"Drown, Kano",2022-11-05,2022-11-05,1,2024,1,Kano,North West,0,0,Safe,17,Low,1,1,Low Risk
IBD025590,"Labourers Drowned, Osun",2022-11-05,2022-11-05,1,2024,1,Osun,South West,0,0,Safe,49,Low,1,1,Low Risk
IBD025625,"Auto Crash, Nasarawa",2022-11-05,2022-11-05,1,2024,1,Nasarawa,North Central,0,0,Safe,44,Low,1,1,Low Risk
IBD025596,"Air Force vs ISWAP, Borno",2022-11-05,2022-11-05,22,2024,1,Borno,North East,0,5,Caution,35,Low,1,6,Moderate Risk
IBD025654,"Man vs Sex Worker, Delta",2022-11-05,2022-11-05,1,2024,1,Delta,South South,0,0,Safe,81,High,5,5,Moderate Risk
IBD025592,"Domestic Violence, Ondo",2022-11-05,2022-11-05,2,2024,1,Ondo,South West,0,0,Safe,73,Moderate,3,3,Low Risk
IBD025617,"Auto Crash, Borno",2022-11-04,2022-11-04,6,2024,1,Borno,North East,0,3,Safe,27,Low,1,4,Moderate Risk
IBD025586,"Army vs Boko Haram, Borno",2022-11-04,2022-11-04,3,2024,1,Borno,North East,0,3,Safe,12,Low,1,4,Moderate Risk
IBD025583,"Gunmen Attack, Bauchi",2022-11-04,2022-11-04,2,2024,1,Bauchi,North East,2,5,Caution,44,Low,1,8,High Risk
IBD025589,"Cult Killing, Ogun",2022-11-04,2022-11-04,1,2024,1,Ogun,South West,0,0,Safe,69,Moderate,3,3,Low Risk
IBD025618,"Electrocution, Oyo",2022-11-04,2022-11-04,2,2024,1,Oyo,South West,0,0,Safe,21,Low,1,1,Low Risk
IBD025597,"Air Force vs ISWAP, Borno",2022-11-04,2022-11-04,20,2024,1,Borno,North East,0,5,Caution,34,Low,1,6,Moderate Risk
IBD025584,"Residents Clash, Delta",2022-11-04,2022-11-04,3,2024,1,Delta,South South,0,3,Safe,81,High,5,8,High Risk
IBD025626,"Army vs IPOB/ESN, Abia",2022-11-04,2022-11-04,4,2024,1,Abia,South East,0,3,Safe,73,Moderate,3,6,Moderate Risk
IBD025601,"Army vs Youths, Imo",2022-11-04,2022-11-07,19,2024,1,Imo,South East,0,5,Caution,76,Moderate,3,8,High Risk
IBD025582,"Auto Crash, Ogun",2022-11-04,2022-11-04,2,2024,1,Ogun,South West,0,0,Safe,67,Moderate,3,3,Low Risk
IBD025611,"Youth vs Friend, Kaduna",2022-11-04,2022-11-04,1,2024,1,Kaduna,North West,0,0,Safe,41,Low,1,1,Low Risk
IBD025581,"Herdsmen Attack, Benue",2022-11-04,2022-11-04,19,2024,1,Benue,North Central,2,10,Avoid Route,23,Low,1,13,Extreme Danger
IBD025588,"Gunmen Attack, Borno",2022-11-03,2022-11-03,3,2024,1,Borno,North East,2,8,Avoid Route,36,Low,1,11,High Risk
IBD025585,"Flooding, Bayelsa",2022-11-03,2022-11-03,4,2024,1,Bayelsa,South South,0,3,Safe,97,High,5,8,High Risk
IBD025613,"Female Student, Delta",2022-11-03,2022-11-03,1,2024,1,Delta,South South,0,0,Safe,82,High,5,5,Moderate Risk
IBD025606,"Soldiers vs Community, Abia",2022-11-03,2022-11-06,10,2024,1,Abia,South East,0,5,Caution,77,Moderate,3,8,High Risk
IBD025575,"Auto Crash, Ebonyi",2022-11-02,2022-11-02,9,2024,1,Ebonyi,South East,0,3,Safe,29,Low,1,4,Moderate Risk
IBD025580,"Communal Clash, Ogun",2022-11-02,2022-11-02,2,2024,1,Ogun,South West,0,0,Safe,55,Moderate,3,3,Low Risk
IBD025579,"Man vs Neighbour, Kwara",2022-11-02,2022-11-02,1,2024,1,Kwara,North Central,0,0,Safe,37,Low,1,1,Low Risk
IBD025559,"Gunmen Attack, Anambra",2022-11-02,2022-11-02,3,2024,1,Anambra,South East,2,8,Avoid Route,69,Moderate,3,13,Extreme Danger
IBD025668,"Robbers vs Woman, Lagos",2022-11-02,2022-11-02,1,2024,1,Lagos,South West,0,0,Safe,98,High,5,5,Moderate Risk
IBD025577,"Bandits Attack, Kaduna",2022-11-02,2022-11-02,1,2024,1,Kaduna,North West,2,5,Caution,36,Low,1,8,High Risk
IBD025574,"Motorcyclist, Lagos",2022-11-02,2022-11-02,1,2024,1,Lagos,South West,0,0,Safe,90,High,5,5,Moderate Risk
IBD025570,"Bandits Attack, Kebbi",2022-11-02,2022-11-02,4,2024,1,Kebbi,North West,2,8,Avoid Route,26,Low,1,11,High Risk
IBD025578,"Mob vs Motorcycle Thief, Plateau",2022-11-01,2022-11-01,1,2024,1,Plateau,North Central,0,0,Safe,22,Low,1,1,Low Risk
IBD025565,"Police vs Kidnappers, Akwa Ibom",2022-11-01,2022-11-01,1,2024,1,Akwa Ibom,South South,1,5,Caution,99,High,5,11,High Risk
IBD025560,"Bandits vs vigilantes, Niger State",2022-11-01,2022-11-01,14,2024,1,Niger,North Central,1,10,Avoid Route,23,Low,1,12,Extreme Danger
IBD025551,"Generator Explosion, Lagos",2022-11-01,2022-11-01,2,2024,1,Lagos,South West,0,0,Safe,95,High,5,5,Moderate Risk
IBD025562,"Domestic Violence, Akwa Ibom",2022-11-01,2022-11-01,1,2024,1,Akwa Ibom,South South,0,0,Safe,88,High,5,5,Moderate Risk
IBD025594,"Man vs Wife, Delta",2022-11-01,2022-11-01,1,2024,1,Delta,South South,0,0,Safe,98,High,5,5,Moderate Risk
IBD025612,"Assailants vs Man, Delta",2022-11-01,2022-11-01,1,2024,1,Delta,South South,0,0,Safe,98,High,5,5,Moderate Risk
IBD025552,"Found Dead, Edo",2022-11-01,2022-11-01,10,2024,1,Edo,South South,0,5,Caution,62,Moderate,3,8,High Risk
IBD025566,"Boy Drown, Kano",2022-11-01,2022-11-01,1,2024,1,Kano,North West,0,0,Safe,22,Low,1,1,Low Risk
IBD025550,"Terrorists vs Hunters, Niger",2022-11-01,2022-11-01,5,2024,1,Niger,North Central,1,8,Avoid Route,15,Low,1,10,High Risk
IBD026938,"Man vs Girlfriend, Lagos",2022-11-01,2022-11-01,1,2024,1,Lagos,South West,0,0,Safe,93,High,5,5,Moderate Risk
IBD025556,"Cult Killing, Kwara",2022-10-31,2022-11-01,5,2024,1,Kwara,North Central,0,3,Safe,31,Low,1,4,Moderate Risk
IBD025553,"Gas Explosion, Kwara",2022-10-31,2022-10-31,1,2024,1,Kwara,North Central,0,0,Safe,34,Low,1,1,Low Risk
IBD025548,"Baby Dies, Lagos",2022-10-31,2022-10-31,1,2024,1,Lagos,South West,0,0,Safe,91,High,5,5,Moderate Risk
IBD025546,"Teenagers Drown, Kaduna",2022-10-31,2022-10-31,2,2024,1,Kaduna,North West,0,0,Safe,36,Low,1,1,Low Risk
IBD025561,"Farmer vs Herder, Nasarawa",2022-10-31,2022-10-31,2,2024,1,Nasarawa,North Central,0,0,Safe,39,Low,1,1,Low Risk
IBD025646,"Cult Killing, Kwara",2022-10-31,2022-11-01,2,2024,1,Kwara,North Central,0,0,Safe,32,Low,1,1,Low Risk
IBD025529,"Army vs Terrorists, Kaduna",2022-10-30,2022-10-30,8,2024,1,Kaduna,North West,1,8,Avoid Route,27,Low,1,10,High Risk
IBD025539,"Auto Crash, Enugu",2022-10-30,2022-10-30,12,2024,1,Enugu,South East,0,5,Caution,70,Moderate,3,8,High Risk
IBD025533,"inferno, Kwara",2022-10-30,2022-10-30,3,2024,1,Kwara,North Central,0,3,Safe,33,Low,1,4,Moderate Risk
IBD025555,"Auto Crash, Bauchi",2022-10-30,2022-10-30,1,2024,1,Bauchi,North East,0,0,Safe,45,Low,1,1,Low Risk
IBD025543,"Gunmen vs Man, Ebonyi",2022-10-30,2022-10-30,1,2024,1,Ebonyi,South East,1,5,Caution,40,Low,1,7,Moderate Risk
IBD025540,"Gunmen vs Vigilantes, Kogi",2022-10-30,2022-10-30,6,2024,1,Kogi,North Central,1,8,Avoid Route,24,Low,1,10,High Risk
IBD025545,"Miners Die, Kogi",2022-10-29,2022-10-29,2,2024,1,Kogi,North Central,0,0,Safe,30,Low,1,1,Low Risk
IBD025530,"Thug Kill Man, Plateau",2022-10-29,2022-10-29,2,2024,1,Plateau,North Central,0,0,Safe,44,Low,1,1,Low Risk
IBD025535,"Muslim Procession, Niger",2022-10-29,2022-10-29,1,2024,1,Niger,North Central,0,0,Safe,41,Low,1,1,Low Risk
IBD025528,"Army vs Terrorists, Niger",2022-10-29,2022-10-29,6,2024,1,Niger,North Central,1,8,Avoid Route,19,Low,1,10,High Risk
IBD025536,"Militias, Plateau",2022-10-29,2022-10-29,2,2024,1,Plateau,North Central,0,0,Safe,18,Low,1,1,Low Risk
IBD025538,"Auto Crash, Niger",2022-10-29,2022-10-29,1,2024,1,Niger,North Central,0,0,Safe,38,Low,1,1,Low Risk
IBD025537,"Auto Crash, Oyo",2022-10-29,2022-10-29,4,2024,1,Oyo,South West,0,3,Safe,33,Low,1,4,Moderate Risk
IBD025554,"Man vs Friend, Bauchi",2022-10-29,2022-10-29,1,2024,1,Bauchi,North East,0,0,Safe,18,Low,1,1,Low Risk
IBD025534,"Herdsmen Attack, Benue",2022-10-29,2022-10-29,3,2024,1,Benue,North Central,2,8,Avoid Route,12,Low,1,11,High Risk
IBD025576,"Assailants Attack, Oyo",2022-10-28,2022-10-28,1,2024,1,Oyo,South West,1,5,Caution,20,Low,1,7,Moderate Risk
IBD025524,"Kidnappers Kill 3, Oyo",2022-10-28,2022-10-28,3,2024,1,Oyo,South West,1,8,Avoid Route,11,Low,1,10,High Risk
IBD025544,"Landlady vs Tenant,",2022-10-28,2022-10-28,1,2024,1,Unknown,,0,0,Safe,48,Low,1,1,Low Risk
IBD025531,"Boko Haram Attack, Borno",2022-10-28,2022-10-28,40,2024,1,Borno,North East,1,10,Avoid Route,38,Low,1,12,Extreme Danger
IBD025616,"Extra- Judicial Killing, Bayelsa",2022-10-28,2022-10-28,3,2024,1,Bayelsa,South South,0,3,Safe,87,High,5,8,High Risk
IBD025521,"Auto Crash, Anambra",2022-10-28,2022-10-28,3,2024,1,Anambra,South East,0,3,Safe,74,Moderate,3,6,Moderate Risk
IBD025517,"Auto Crash, Niger",2022-10-27,2022-10-27,2,2024,1,Niger,North Central,0,0,Safe,31,Low,1,1,Low Risk
IBD025557,"Kidnap Victim, Kano",2022-10-27,2022-10-27,1,2024,1,Kano,North West,1,5,Caution,23,Low,1,7,Moderate Risk
IBD025520,"Police vs Gunmen, Imo",2022-10-27,2022-10-27,1,2024,1,Imo,South East,1,5,Caution,66,Moderate,3,9,High Risk
IBD025518,"Gunmen vs Herder, Delta",2022-10-27,2022-10-27,1,2024,1,Delta,South South,1,5,Caution,96,High,5,11,High Risk
IBD025516,"Camp Building Collapse, Kogi",2022-10-27,2022-10-27,5,2024,1,Kogi,North Central,0,3,Safe,10,Low,1,4,Moderate Risk
IBD025506,"Auto Crash, Lagos",2022-10-26,2022-10-26,3,2024,1,Lagos,South West,0,3,Safe,88,High,5,8,High Risk
IBD025514,"Sex Romp, Ondo",2022-10-26,2022-10-26,1,2024,1,Ondo,South West,0,0,Safe,71,Moderate,3,3,Low Risk
IBD025564,"Student vs Colleague, Akwa ibom",2022-10-26,2022-10-26,1,2024,1,Akwa Ibom,South South,0,0,Safe,86,High,5,5,Moderate Risk
IBD025511,"Man vs Girlfriend, Adamawa",2022-10-25,2022-10-25,1,2024,1,Adamawa,North East,0,0,Safe,36,Low,1,1,Low Risk
IBD025526,"Communal Clash, Bauchi",2022-10-25,2022-10-25,34,2024,1,Bauchi,North East,0,5,Caution,19,Low,1,6,Moderate Risk
IBD025504,"Female Corpse, Cross River",2022-10-25,2022-10-25,1,2024,1,Cross River,South South,0,0,Safe,92,High,5,5,Moderate Risk
IBD025475,"Auto Crash, Ogun",2022-10-24,2022-10-24,2,2024,1,Ogun,South West,0,0,Safe,51,Moderate,3,3,Low Risk
IBD025500,"Boko Haram vs ISWAP, Borno",2022-10-24,2022-10-24,24,2024,1,Borno,North East,0,5,Caution,26,Low,1,6,Moderate Risk
IBD025519,"Guard vs Tenant, Lagos",2022-10-24,2022-10-24,1,2024,1,Lagos,South West,0,0,Safe,86,High,5,5,Moderate Risk
IBD025509,"Woman vs Lover, Edo",2022-10-24,2022-10-24,1,2024,1,Edo,South South,0,0,Safe,67,Moderate,3,3,Low Risk
IBD025510,"Land Dispute, Ondo",2022-10-24,2022-10-24,1,2024,1,Ondo,South West,0,0,Safe,71,Moderate,3,3,Low Risk
IBD025572,"Army vs Terrorists, Borno",2022-10-24,2022-10-24,49,2024,1,Borno,North East,1,10,Avoid Route,26,Low,1,12,Extreme Danger
IBD025573,"NAF vs Terrorists, Katsina",2022-10-24,2022-10-24,48,2024,1,Katsina,North West,1,10,Avoid Route,14,Low,1,12,Extreme Danger
IBD025598,"Assailants vs Accounting Officer, Imo",2022-10-24,2022-10-24,1,2024,1,Imo,South East,0,0,Safe,52,Moderate,3,3,Low Risk
IBD025502,"Robber vs Motorcyclist, Kwara",2022-10-24,2022-10-24,1,2024,1,Kwara,North Central,0,0,Safe,29,Low,1,1,Low Risk
IBD025503,"Auto Crash, Kaduna",2022-10-24,2022-10-24,5,2024,1,Kaduna,North West,0,3,Safe,49,Low,1,4,Moderate Risk
IBD025495,"Mob Kill Thief, Akwa Ibom",2022-10-23,2022-10-23,1,2024,1,Akwa Ibom,South South,0,0,Safe,91,High,5,5,Moderate Risk
IBD025507,"Auto Crash, Lagos",2022-10-23,2022-10-23,1,2024,1,Lagos,South West,0,0,Safe,85,High,5,5,Moderate Risk
IBD025490,"Smugglers vs Soldiers, Ogun",2022-10-23,2022-10-23,2,2024,1,Ogun,South West,0,0,Safe,53,Moderate,3,3,Low Risk
IBD025474,"Mob vs Thief, Akwa Ibom",2022-10-23,2022-10-23,1,2024,1,Akwa Ibom,South South,0,0,Safe,92,High,5,5,Moderate Risk
IBD025496,"Auto Crash, Ogun",2022-10-23,2022-10-23,3,2024,1,Ogun,South West,0,3,Safe,56,Moderate,3,6,Moderate Risk
IBD025472,"Auto Crash, Ogun",2022-10-23,2022-10-23,3,2024,1,Ogun,South West,0,3,Safe,74,Moderate,3,6,Moderate Risk
IBD025501,"Boat Mishap, Lagos",2022-10-23,2022-10-23,4,2024,1,Lagos,South West,0,3,Safe,98,High,5,8,High Risk
IBD025486,"Herdsmen Attack, Benue",2022-10-23,2022-10-23,3,2024,1,Benue,North Central,2,8,Avoid Route,12,Low,1,11,High Risk
IBD025492,"Electrocution, Ekiti",2022-10-23,2022-10-23,2,2024,1,Ekiti,South West,0,0,Safe,26,Low,1,1,Low Risk
IBD025571,"Army vs Terrorists, Kaduna",2022-10-23,2022-10-23,35,2024,1,Kaduna,North West,1,10,Avoid Route,33,Low,1,12,Extreme Danger
IBD025498,"Gunmen Attack, Sokoto",2022-10-23,2022-10-23,2,2024,1,Sokoto,North West,2,5,Caution,25,Low,1,8,High Risk
IBD025484,"Army vs ISWAP, Borno",2022-10-23,2022-10-23,24,2024,1,Borno,North East,0,5,Caution,45,Low,1,6,Moderate Risk
IBD025463,"Flooding, Delta",2022-10-22,2022-10-22,2,2024,1,Delta,South South,0,0,Safe,93,High,5,5,Moderate Risk
IBD025459,"Herdsmen Attack, Nasarawa",2022-10-22,2022-10-22,2,2024,1,Nasarawa,North Central,2,5,Caution,30,Low,1,8,High Risk
IBD025480,"ISWAP vs Boko Haram, Borno",2022-10-22,2022-10-22,6,2024,1,Borno,North East,0,3,Safe,29,Low,1,4,Moderate Risk
IBD025473,"Flooding, Bayelsa",2022-10-22,2022-10-22,1,2024,1,Bayelsa,South South,0,0,Safe,90,High,5,5,Moderate Risk
IBD025478,"Guard Found Dead, Lagos",2022-10-22,2022-10-22,1,2024,1,Lagos,South West,0,0,Safe,95,High,5,5,Moderate Risk
IBD025569,"Army vs Boko Haram, Borno",2022-10-22,2022-10-22,1,2024,1,Borno,North East,0,0,Safe,34,Low,1,1,Low Risk
IBD025477,"Terrorists Attack, Katsina",2022-10-22,2022-10-22,2,2024,1,Katsina,North West,2,5,Caution,44,Low,1,8,High Risk
IBD025505,"Domestic Violence, Lagos",2022-10-22,2022-10-22,1,2024,1,Lagos,South West,0,0,Safe,85,High,5,5,Moderate Risk
IBD025476,"Bandits vs Passengers, Katsina",2022-10-22,2022-10-22,2,2024,1,Katsina,North West,1,5,Caution,16,Low,1,7,Moderate Risk
IBD028688,"Cult Killing, Edo",2022-10-21,2022-10-21,1,2024,1,Edo,South South,0,0,Safe,70,Moderate,3,3,Low Risk
IBD025456,"Vigilante vs Teenager, Kaduna",2022-10-21,2022-10-21,1,2024,1,Kaduna,North West,0,0,Safe,46,Low,1,1,Low Risk
IBD025461,"Auto Crash, Kwara",2022-10-21,2022-10-21,3,2024,1,Kwara,North Central,0,3,Safe,38,Low,1,4,Moderate Risk
IBD025497,"Army vs Bandits, Zamfara",2022-10-21,2022-10-21,35,2024,1,Zamfara,North West,1,10,Avoid Route,43,Low,1,12,Extreme Danger
IBD025568,"NAF vs Boko Haram, Borno",2022-10-21,2022-10-21,48,2024,1,Borno,North East,0,5,Caution,22,Low,1,6,Moderate Risk
IBD025567,"NAF vs Boko Haram, Borno",2022-10-21,2022-10-21,45,2024,1,Borno,North East,0,5,Caution,45,Low,1,6,Moderate Risk
IBD025488,"Smugglers vs Customs Officer, Kwara",2022-10-21,2022-10-21,1,2024,1,Kwara,North Central,0,0,Safe,45,Low,1,1,Low Risk
IBD025493,"Gunmen Kill Policeman, Enugu",2022-10-21,2022-10-21,1,2024,1,Enugu,South East,1,5,Caution,78,Moderate,3,9,High Risk
IBD025454,"Gunmen vs Pastor, Edo",2022-10-21,2022-10-21,7,2024,1,Edo,South South,1,8,Avoid Route,57,Moderate,3,12,Extreme Danger
IBD025448,"Auto Crash, Ogun",2022-10-20,2022-10-20,10,2024,1,Ogun,South West,0,5,Caution,68,Moderate,3,8,High Risk
IBD025450,"Army vs Bandits, Zamfara",2022-10-20,2022-10-20,4,2024,1,Zamfara,North West,1,8,Avoid Route,24,Low,1,10,High Risk
IBD025453,"Vigilante vs Herdsmen, Edo",2022-10-20,2022-10-20,6,2024,1,Edo,South South,1,8,Avoid Route,54,Moderate,3,12,Extreme Danger
IBD025512,"Auto Crash, Kwara",2022-10-20,2022-10-27,29,2024,1,Kwara,North Central,0,5,Caution,36,Low,1,6,Moderate Risk
IBD025468,"Flooding, Plateau",2022-10-20,2022-10-20,4,2024,1,Plateau,North Central,0,3,Safe,23,Low,1,4,Moderate Risk
IBD025525,"Police vs Colleague, Kebbi",2022-10-19,2022-10-19,1,2024,1,Kebbi,North West,0,0,Safe,12,Low,1,1,Low Risk
IBD025443,"Cultists vs Vigilantes, Rivers",2022-10-19,2022-10-19,2,2024,1,Rivers,South South,0,0,Safe,85,High,5,5,Moderate Risk
IBD025444,"One Killed, Lagos",2022-10-19,2022-10-19,2,2024,1,Lagos,South West,0,0,Safe,86,High,5,5,Moderate Risk
IBD025482,"Guard vs Water Vendor, Lagos",2022-10-19,2022-10-19,1,2024,1,Lagos,South West,0,0,Safe,97,High,5,5,Moderate Risk
IBD025449,"Army vs Bandits, Kaduna",2022-10-19,2022-10-19,30,2024,1,Kaduna,North West,1,10,Avoid Route,31,Low,1,12,Extreme Danger
IBD025452,"Auto Crash, Lagos",2022-10-19,2022-10-19,3,2024,1,Lagos,South West,0,3,Safe,86,High,5,8,High Risk
IBD025441,"Herdsmen Attack, Benue",2022-10-19,2022-10-19,3,2024,1,Benue,North Central,2,8,Avoid Route,45,Low,1,11,High Risk
IBD025591,"Electrocution, Osun",2022-10-19,2022-10-19,1,2024,1,Osun,South West,0,0,Safe,31,Low,1,1,Low Risk
IBD025479,"Rape, Ogun",2022-10-19,2022-10-19,1,2024,1,Ogun,South West,0,0,Safe,70,Moderate,3,3,Low Risk
IBD025513,"Wife vs Husband, Borno",2022-10-19,2022-10-19,1,2024,1,Borno,North East,0,0,Safe,33,Low,1,1,Low Risk
IBD025955,"Kidnappers vs Man, Ogun",2022-10-19,2022-10-19,1,2024,1,Ogun,South West,1,5,Caution,79,Moderate,3,9,High Risk
IBD025471,"Auto Crash, Ogun",2022-10-19,2022-10-19,1,2024,1,Ogun,South West,0,0,Safe,56,Moderate,3,3,Low Risk
IBD025345,"Herdsmen Attack, Benue",2022-10-18,2022-10-18,30,2024,1,Benue,North Central,2,10,Avoid Route,39,Low,1,13,Extreme Danger
IBD025440,"Land Tussle, Niger",2022-10-18,2022-10-18,2,2024,1,Niger,North Central,0,0,Safe,40,Low,1,1,Low Risk
IBD025508,"Auto Crash, Lagos",2022-10-18,2022-10-18,1,2024,1,Lagos,South West,0,0,Safe,93,High,5,5,Moderate Risk
IBD025445,"One Killed, Rivers",2022-10-18,2022-10-18,1,2024,1,Rivers,South South,0,0,Safe,88,High,5,5,Moderate Risk
IBD025442,"Boat Capsized, Sokoto",2022-10-18,2022-10-18,15,2024,1,Sokoto,North West,0,5,Caution,36,Low,1,6,Moderate Risk
IBD025431,"Gunmen Kill 2, Niger",2022-10-18,2022-10-18,2,2024,1,Niger,North Central,1,5,Caution,30,Low,1,7,Moderate Risk
IBD026516,"Assailants vs Man, Lagos",2022-10-18,2022-10-18,1,2024,1,Lagos,South West,0,0,Safe,97,High,5,5,Moderate Risk
IBD025438,"Man Dies, Kano",2022-10-17,2022-10-17,1,2024,1,Kano,North West,0,0,Safe,33,Low,1,1,Low Risk
IBD025434,"Communal Clash, Ondo",2022-10-17,2022-10-17,1,2024,1,Ondo,South West,0,0,Safe,64,Moderate,3,3,Low Risk
IBD025436,"Girl Drowns, Jigawa",2022-10-17,2022-10-17,1,2024,1,Jigawa,North West,0,0,Safe,12,Low,1,1,Low Risk
IBD025455,"Army vs Boko Haram, Borno",2022-10-17,2022-10-17,49,2024,1,Borno,North East,0,5,Caution,30,Low,1,6,Moderate Risk
IBD025439,"Auto Crash, kaduna",2022-10-17,2022-10-17,1,2024,1,Kaduna,North West,0,0,Safe,48,Low,1,1,Low Risk
IBD025481,"Snake Bite, Plateau",2022-10-17,2022-10-17,1,2024,1,Plateau,North Central,0,0,Safe,32,Low,1,1,Low Risk
IBD025432,"Banditry, Plateau",2022-10-17,2022-10-17,1,2024,1,Plateau,North Central,1,5,Caution,41,Low,1,7,Moderate Risk
IBD025406,"Auto Crash, Kaduna",2022-10-16,2022-10-16,14,2024,1,Kaduna,North West,0,5,Caution,36,Low,1,6,Moderate Risk
IBD025417,"Gunmen Attack, Kogi",2022-10-16,2022-10-16,2,2024,1,Kogi,North Central,2,5,Caution,33,Low,1,8,High Risk
IBD025416,"Factory Workers, Ogun",2022-10-16,2022-10-16,3,2024,1,Ogun,South West,0,3,Safe,56,Moderate,3,6,Moderate Risk
IBD025467,"Flooding, Akwa Ibom",2022-10-16,2022-10-16,1,2024,1,Akwa Ibom,South South,0,0,Safe,94,High,5,5,Moderate Risk
IBD025814,"Political Issue, Ebonyi",2022-10-16,2022-10-16,1,2024,1,Ebonyi,South East,0,0,Safe,48,Low,1,1,Low Risk
IBD025421,"Troops vs Boko Haram, Borno",2022-10-16,2022-10-16,6,2024,1,Borno,North East,0,3,Safe,47,Low,1,4,Moderate Risk
IBD025418,"Auto Crash, Kogi",2022-10-16,2022-10-16,5,2024,1,Kogi,North Central,0,3,Safe,23,Low,1,4,Moderate Risk
IBD025532,"Police Brutality, Kaduna",2022-10-16,2022-10-16,1,2024,1,Kaduna,North West,0,0,Safe,15,Low,1,1,Low Risk
IBD025414,"Police vs Colleague, Abia",2022-10-16,2022-10-16,1,2024,1,Abia,South East,0,0,Safe,73,Moderate,3,3,Low Risk
IBD025491,"Hospital Negligence, Enugu",2022-10-16,2022-10-16,1,2024,1,Enugu,South East,0,0,Safe,57,Moderate,3,3,Low Risk
IBD025424,"Man vs Mother-in-Law, Niger",2022-10-16,2022-10-16,1,2024,1,Niger,North Central,0,0,Safe,32,Low,1,1,Low Risk
IBD025435,"Girl Drowns, Jigawa",2022-10-16,2022-10-16,1,2024,1,Jigawa,North West,0,0,Safe,45,Low,1,1,Low Risk
IBD025541,"Extrajudicial Killing, Kaduna",2022-10-16,2022-10-16,1,2024,1,Kaduna,North West,0,0,Safe,42,Low,1,1,Low Risk
IBD025464,"Flooding, Akwa Ibom",2022-10-16,2022-10-16,2,2024,1,Akwa Ibom,South South,0,0,Safe,89,High,5,5,Moderate Risk
IBD025430,"Inferno, Lagos",2022-10-15,2022-10-15,1,2024,1,Lagos,South West,0,0,Safe,100,High,5,5,Moderate Risk
IBD025401,"Political Violence, Zamfara",2022-10-15,2022-10-15,1,2024,1,Zamfara,North West,0,0,Safe,42,Low,1,1,Low Risk
IBD025411,"Auto Crash, Lagos",2022-10-15,2022-10-15,3,2024,1,Lagos,South West,0,3,Safe,85,High,5,8,High Risk
IBD025402,"Auto Crash, Bauchi",2022-10-15,2022-10-15,11,2024,1,Bauchi,North East,0,5,Caution,25,Low,1,6,Moderate Risk
IBD025460,"Drug Addict vs Lady, Osun",2022-10-15,2022-10-15,1,2024,1,Osun,South West,0,0,Safe,21,Low,1,1,Low Risk
IBD025404,"Cult Clash, Plateau",2022-10-15,2022-10-15,2,2024,1,Plateau,North Central,0,0,Safe,49,Low,1,1,Low Risk
IBD025407,"Flooding, Delta",2022-10-15,2022-10-15,1,2024,1,Delta,South South,0,0,Safe,83,High,5,5,Moderate Risk
IBD025409,"Cult Clash, Osun",2022-10-15,2022-10-15,1,2024,1,Osun,South West,0,0,Safe,46,Low,1,1,Low Risk
IBD025522,"Auto Crash, Oyo",2022-10-15,2022-10-15,1,2024,1,Oyo,South West,0,0,Safe,13,Low,1,1,Low Risk
IBD025935,"Medical Negligence, Ogun",2022-10-15,2022-10-15,1,2024,1,Ogun,South West,0,0,Safe,77,Moderate,3,3,Low Risk
IBD025405,"Mob vs Thief, Plateau",2022-10-15,2022-10-15,1,2024,1,Plateau,North Central,0,0,Safe,10,Low,1,1,Low Risk
IBD025422,"Vigilante vs Youth Leader, Rivers",2022-10-15,2022-10-15,1,2024,1,Rivers,South South,0,0,Safe,94,High,5,5,Moderate Risk
IBD025977,"Extra Judicial Killing, Rivers",2022-10-15,2022-10-15,1,2024,1,Rivers,South South,0,0,Safe,100,High,5,5,Moderate Risk
IBD025394,"Flooding, Rivers",2022-10-14,2022-10-14,1,2024,1,Rivers,South South,0,0,Safe,99,High,5,5,Moderate Risk
IBD025400,"Teenager vs Father, Delta",2022-10-14,2022-10-14,1,2024,1,Delta,South South,0,0,Safe,85,High,5,5,Moderate Risk
IBD025423,"Police vs Robbers, Benue",2022-10-14,2022-10-14,3,2024,1,Benue,North Central,0,3,Safe,49,Low,1,4,Moderate Risk
IBD025403,"Gunmen Kill 4, Plateau",2022-10-14,2022-10-15,4,2024,1,Plateau,North Central,1,8,Avoid Route,36,Low,1,10,High Risk
IBD025398,"Sex Romp, Lagos",2022-10-14,2022-10-14,1,2024,1,Lagos,South West,0,0,Safe,90,High,5,5,Moderate Risk
IBD025515,"Man vs Girlfriend, Lagos",2022-10-14,2022-10-14,1,2024,1,Lagos,South West,0,0,Safe,100,High,5,5,Moderate Risk
IBD025494,"Flood Victim, FCT (Abuja)",2022-10-14,2022-10-14,1,2024,1,FCT,North Central,0,0,Safe,32,Low,1,1,Low Risk
IBD025399,"Boat Capsized, Niger",2022-10-14,2022-10-14,22,2024,1,Niger,North Central,0,5,Caution,18,Low,1,6,Moderate Risk
IBD025391,"Auto Crash, Rivers",2022-10-14,2022-10-14,3,2024,1,Rivers,South South,0,3,Safe,97,High,5,8,High Risk
IBD025386,"Lady vs Boyfriend, Nasarawa",2022-10-13,2022-10-13,1,2024,1,Nasarawa,North Central,0,0,Safe,10,Low,1,1,Low Risk
IBD025384,"Man vs Wife, Ondo",2022-10-13,2022-10-13,1,2024,1,Ondo,South West,0,0,Safe,75,Moderate,3,3,Low Risk
IBD025408,"Bandits Kill 1, Niger",2022-10-13,2022-10-13,1,2024,1,Niger,North Central,1,5,Caution,21,Low,1,7,Moderate Risk
IBD025462,"One Killed, Anambra",2022-10-13,2022-10-13,1,2024,1,Anambra,South East,0,0,Safe,57,Moderate,3,3,Low Risk
IBD025447,"Man vs Neighbour, Lagos",2022-10-13,2022-10-13,1,2024,1,Lagos,South West,0,0,Safe,91,High,5,5,Moderate Risk
IBD025389,"Flooding, Anambra",2022-10-13,2022-10-13,1,2024,1,Anambra,South East,0,0,Safe,73,Moderate,3,3,Low Risk
IBD025379,"Auto Crash, Plateau",2022-10-13,2022-10-13,3,2024,1,Plateau,North Central,0,3,Safe,21,Low,1,4,Moderate Risk
IBD025392,"Man vs Lover, Akwa Ibom",2022-10-13,2022-10-13,1,2024,1,Akwa Ibom,South South,0,0,Safe,87,High,5,5,Moderate Risk
IBD025605,"Bandits vs Farmers, Zamfara",2022-10-13,2022-10-13,10,2024,1,Zamfara,North West,1,10,Avoid Route,13,Low,1,12,Extreme Danger
IBD025369,"Herders vs Farmers, Benue",2022-10-12,2022-10-12,5,2024,1,Benue,North Central,0,3,Safe,26,Low,1,4,Moderate Risk
IBD025377,"Gunmen Attack, Anambra",2022-10-12,2022-10-12,3,2024,1,Anambra,South East,2,8,Avoid Route,77,Moderate,3,13,Extreme Danger
IBD025383,"Flooding, Rivers",2022-10-12,2022-10-12,6,2024,1,Rivers,South South,0,3,Safe,84,High,5,8,High Risk
IBD025382,"Police vs Bandits, Katsina",2022-10-12,2022-10-12,2,2024,1,Katsina,North West,1,5,Caution,15,Low,1,7,Moderate Risk
IBD025378,"Kidnappers vs Man, FCT, ( Abuja)",2022-10-12,2022-10-12,1,2024,1,FCT,North Central,1,5,Caution,21,Low,1,7,Moderate Risk
IBD025381,"Auto Crash, Lagos",2022-10-12,2022-10-12,1,2024,1,Lagos,South West,0,0,Safe,94,High,5,5,Moderate Risk
IBD025376,"Man vs Wife, Ogun",2022-10-12,2022-10-12,1,2024,1,Ogun,South West,0,0,Safe,73,Moderate,3,3,Low Risk
IBD025412,"Ritual Killing, Lagos",2022-10-12,2022-10-12,1,2024,1,Lagos,South West,0,0,Safe,80,High,5,5,Moderate Risk
IBD025385,"Police vs Bandits, Kaduna",2022-10-12,2022-10-12,2,2024,1,Kaduna,North West,1,5,Caution,35,Low,1,7,Moderate Risk
IBD025396,"Domestic VIolence, Nasarawa",2022-10-11,2022-10-11,1,2024,1,Nasarawa,North Central,0,0,Safe,29,Low,1,1,Low Risk
IBD025375,"Widower, Imo",2022-10-11,2022-10-11,1,2024,1,Imo,South East,0,0,Safe,72,Moderate,3,3,Low Risk
IBD025366,"Lightning Kill 1, Ondo",2022-10-11,2022-10-11,1,2024,1,Ondo,South West,0,0,Safe,72,Moderate,3,3,Low Risk
IBD025364,"Army vs Boko Haram, Borno",2022-10-11,2022-10-11,19,2024,1,Borno,North East,0,5,Caution,30,Low,1,6,Moderate Risk
IBD025451,"Army vs Bandits, Katsina",2022-10-11,2022-10-11,10,2024,1,Katsina,North West,1,10,Avoid Route,35,Low,1,12,Extreme Danger
IBD025380,"Police vs Kidnapper, Plateau",2022-10-11,2022-10-11,1,2024,1,Plateau,North Central,1,5,Caution,10,Low,1,7,Moderate Risk
IBD025643,"Man vs Boy, Bauchi",2022-10-11,2022-10-11,1,2024,1,Bauchi,North East,0,0,Safe,39,Low,1,1,Low Risk
IBD025358,"Army vs Boko Haram, Borno",2022-10-11,2022-10-11,24,2024,1,Borno,North East,0,5,Caution,32,Low,1,6,Moderate Risk
IBD025355,"Man vs Friend, Kano",2022-10-10,2022-10-10,1,2024,1,Kano,North West,0,0,Safe,33,Low,1,1,Low Risk
IBD025357,"Flooding, Delta",2022-10-10,2022-10-10,53,2024,1,Delta,South South,0,5,Caution,80,High,5,10,High Risk
IBD025368,"Lightning, Imo",2022-10-10,2022-10-10,2,2024,1,Imo,South East,0,0,Safe,56,Moderate,3,3,Low Risk
IBD025356,"Electrocution, Niger",2022-10-10,2022-10-10,1,2024,1,Niger,North Central,0,0,Safe,21,Low,1,1,Low Risk
IBD025359,"Fulani Attack, Plateau",2022-10-10,2022-10-10,1,2024,1,Plateau,North Central,1,5,Caution,37,Low,1,7,Moderate Risk
IBD025371,"Lands Dispute, Delta",2022-10-10,2022-10-10,3,2024,1,Delta,South South,0,3,Safe,82,High,5,8,High Risk
IBD025367,"Assailants vs Boy, Lagos",2022-10-10,2022-10-10,1,2024,1,Lagos,South West,0,0,Safe,98,High,5,5,Moderate Risk
IBD025343,"Gunmen Attack, Plateau",2022-10-09,2022-10-09,5,2024,1,Plateau,North Central,2,8,Avoid Route,27,Low,1,11,High Risk
IBD025487,"Man Drowns, Lagos",2022-10-09,2022-10-09,1,2024,1,Lagos,South West,0,0,Safe,97,High,5,5,Moderate Risk
IBD025342,"Gunmen vs Policemen, Enugu",2022-10-09,2022-10-09,2,2024,1,Enugu,South East,1,5,Caution,61,Moderate,3,9,High Risk
IBD025350,"Gunmen vs Police, Imo",2022-10-09,2022-10-09,3,2024,1,Imo,South East,1,8,Avoid Route,64,Moderate,3,12,Extreme Danger
IBD025353,"NAF Aircraft vs Terrorists, Kaduna",2022-10-09,2022-10-09,32,2024,1,Kaduna,North West,1,10,Avoid Route,17,Low,1,12,Extreme Danger
IBD025281,"Vigilante vs Bandits, Taraba",2022-10-09,2022-10-09,12,2024,1,Taraba,North East,1,10,Avoid Route,33,Low,1,12,Extreme Danger
IBD025351,"Flooding, Bayelsa",2022-10-09,2022-10-09,2,2024,1,Bayelsa,South South,0,0,Safe,87,High,5,5,Moderate Risk
IBD025346,"Gunmen vs Expatriate, Ebonyi",2022-10-09,2022-10-09,1,2024,1,Ebonyi,South East,1,5,Caution,27,Low,1,7,Moderate Risk
IBD025348,"Flooding, Delta",2022-10-09,2022-10-09,4,2024,1,Delta,South South,0,3,Safe,100,High,5,8,High Risk
IBD025372,"Kidnapped Victim, Oyo",2022-10-09,2022-10-09,1,2024,1,Oyo,South West,1,5,Caution,35,Low,1,7,Moderate Risk
IBD025466,"Flooding, Kano",2022-10-08,2022-10-15,23,2024,1,Kano,North West,0,5,Caution,11,Low,1,6,Moderate Risk
IBD025344,"Gunmen vs Youth Leader, Enugu",2022-10-08,2022-10-08,2,2024,1,Enugu,South East,1,5,Caution,72,Moderate,3,9,High Risk
IBD025352,"Medical Negligence, Ondo",2022-10-08,2022-10-08,1,2024,1,Ondo,South West,0,0,Safe,78,Moderate,3,3,Low Risk
IBD025360,"Stray Bullet, FCT (Abuja)",2022-10-08,2022-10-08,1,2024,1,FCT,North Central,0,0,Safe,28,Low,1,1,Low Risk
IBD025323,"Auto Crash, Abia",2022-10-08,2022-10-08,1,2024,1,Abia,South East,0,0,Safe,61,Moderate,3,3,Low Risk
IBD025324,"Mysterious Death, Enugu",2022-10-08,2022-10-08,5,2024,1,Enugu,South East,0,3,Safe,55,Moderate,3,6,Moderate Risk
IBD025322,"Police vs Bandits, Katsina",2022-10-08,2022-10-08,27,2024,1,Katsina,North West,1,10,Avoid Route,13,Low,1,12,Extreme Danger
IBD025349,"Communal Clash, Nasarawa",2022-10-08,2022-10-08,10,2024,1,Nasarawa,North Central,0,5,Caution,47,Low,1,6,Moderate Risk
IBD025341,"Herdsmen vs Farmers, Nasarawa",2022-10-08,2022-10-09,10,2024,1,Nasarawa,North Central,1,10,Avoid Route,25,Low,1,12,Extreme Danger
IBD025485,"Snake Bite, Gombe",2022-10-08,2022-10-15,6,2024,1,Gombe,North East,0,3,Safe,41,Low,1,4,Moderate Risk
IBD025365,"Man vs Toddler, Lagos",2022-10-08,2022-10-08,1,2024,1,Lagos,South West,0,0,Safe,91,High,5,5,Moderate Risk
IBD025347,"Assailants vs Traditional Chief, Osun",2022-10-08,2022-10-08,1,2024,1,Osun,South West,0,0,Safe,29,Low,1,1,Low Risk
IBD025337,"Auto Crash, Plateau",2022-10-08,2022-10-08,8,2024,1,Plateau,North Central,0,3,Safe,47,Low,1,4,Moderate Risk
IBD025370,"Flooding, Anambra",2022-10-07,2022-10-07,6,2024,1,Anambra,South East,0,3,Safe,58,Moderate,3,6,Moderate Risk
IBD025339,"Auto Crash, Niger",2022-10-07,2022-10-07,3,2024,1,Niger,North Central,0,3,Safe,29,Low,1,4,Moderate Risk
IBD025330,"Gas Explosion/Inferno, Kogi",2022-10-07,2022-10-07,4,2024,1,Kogi,North Central,0,3,Safe,22,Low,1,4,Moderate Risk
IBD025370,"Flooding, Anambra",2022-10-07,2022-10-07,6,2024,1,Anambra,South East,0,3,Safe,67,Moderate,3,6,Moderate Risk
IBD025340,"Flooding, Kwara",2022-10-07,2022-10-07,3,2024,1,Kwara,North Central,0,3,Safe,34,Low,1,4,Moderate Risk
IBD025527,"Herdsmen Attack, Nasarawa",2022-10-07,2022-10-07,9,2024,1,Nasarawa,North Central,2,8,Avoid Route,44,Low,1,11,High Risk
IBD025810,"Political Issues, Akwa Ibom",2022-10-07,2022-10-07,1,2024,1,Akwa Ibom,South South,0,0,Safe,85,High,5,5,Moderate Risk
IBD025756,"Brothers vs Friend, Lagos",2022-10-07,2022-10-07,1,2024,1,Lagos,South West,0,0,Safe,87,High,5,5,Moderate Risk
IBD025331,"Gunmen Attack, Imo",2022-10-07,2022-10-07,3,2024,1,Imo,South East,2,8,Avoid Route,57,Moderate,3,13,Extreme Danger
IBD025952,"Kidnappers vs Man, Ogun",2022-10-07,2022-10-07,1,2024,1,Ogun,South West,1,5,Caution,60,Moderate,3,9,High Risk
IBD025388,"Flooding, Delta",2022-10-07,2022-10-07,8,2024,1,Delta,South South,0,3,Safe,82,High,5,8,High Risk
IBD025329,"Flooding, Enugu",2022-10-07,2022-10-07,3,2024,1,Enugu,South East,0,3,Safe,53,Moderate,3,6,Moderate Risk
IBD025338,"Flooding, Kwara",2022-10-06,2022-10-06,1,2024,1,Kwara,North Central,0,0,Safe,23,Low,1,1,Low Risk
IBD025361,"Surveyor, FCT",2022-10-06,2022-10-06,1,2024,1,FCT,North Central,0,0,Safe,31,Low,1,1,Low Risk
IBD025306,"Auto Crash, Ogun",2022-10-06,2022-10-06,2,2024,1,Ogun,South West,0,0,Safe,69,Moderate,3,3,Low Risk
IBD025336,"Flooding, Kwara",2022-10-06,2022-10-07,3,2024,1,Kwara,North Central,0,3,Safe,35,Low,1,4,Moderate Risk
IBD025315,"Lady in The Hotel, Oyo",2022-10-06,2022-10-06,1,2024,1,Oyo,South West,0,0,Safe,16,Low,1,1,Low Risk
IBD025332,"Flooding, Benue",2022-10-05,2022-10-05,23,2024,1,Benue,North Central,0,5,Caution,42,Low,1,6,Moderate Risk
IBD025312,"Cult Clash, Edo",2022-10-05,2022-10-05,1,2024,1,Edo,South South,0,0,Safe,53,Moderate,3,3,Low Risk
IBD025465,"Flooding, Adamawa",2022-10-05,2022-10-05,13,2024,1,Adamawa,North East,0,5,Caution,34,Low,1,6,Moderate Risk
IBD025333,"Flooding, Kwara",2022-10-05,2022-10-05,6,2024,1,Kwara,North Central,0,3,Safe,45,Low,1,4,Moderate Risk
IBD025311,"Cult Clash, Edo",2022-10-05,2022-10-05,3,2024,1,Edo,South South,0,3,Safe,54,Moderate,3,6,Moderate Risk
IBD025334,"Flooding, Niger",2022-10-05,2022-10-05,23,2024,1,Niger,North Central,0,5,Caution,17,Low,1,6,Moderate Risk
IBD025307,"Drown, Zamfara",2022-10-05,2022-10-05,25,2024,1,Zamfara,North West,0,5,Caution,43,Low,1,6,Moderate Risk
IBD025313,"Cult Attack, Kwara",2022-10-05,2022-10-05,1,2024,1,Kwara,North Central,1,5,Caution,42,Low,1,7,Moderate Risk
IBD025305,"Auto Crash, Jigawa",2022-10-04,2022-10-04,1,2024,1,Jigawa,North West,0,0,Safe,16,Low,1,1,Low Risk
IBD025303,"Flooding, Anambra",2022-10-04,2022-10-04,1,2024,1,Anambra,South East,0,0,Safe,62,Moderate,3,3,Low Risk
IBD025304,"Auto Crash, Ondo",2022-10-04,2022-10-04,1,2024,1,Ondo,South West,0,0,Safe,55,Moderate,3,3,Low Risk
IBD025239,"Auto Crash, Ondo",2022-10-04,2022-10-04,2,2024,1,Ondo,South West,0,0,Safe,61,Moderate,3,3,Low Risk
IBD025295,"Cult War, Cross River",2022-10-04,2022-10-04,6,2024,1,Cross River,South South,0,3,Safe,81,High,5,8,High Risk
IBD025291,"Army vs Youths, Delta",2022-10-04,2022-10-04,3,2024,1,Delta,South South,0,3,Safe,98,High,5,8,High Risk
IBD025300,"Boat Mishap, Kogi",2022-10-03,2022-10-03,3,2024,1,Kogi,North Central,0,3,Safe,27,Low,1,4,Moderate Risk
IBD025284,"Auto Crash, Edo",2022-10-03,2022-10-03,4,2024,1,Edo,South South,0,3,Safe,74,Moderate,3,6,Moderate Risk
IBD025292,"Family Members, Kogi",2022-10-03,2022-10-03,5,2024,1,Kogi,North Central,0,3,Safe,22,Low,1,4,Moderate Risk
IBD025289,"Boko Haram Attack, Borno",2022-10-03,2022-10-03,3,2024,1,Borno,North East,1,8,Avoid Route,45,Low,1,10,High Risk
IBD025301,"Gunmen vs Cleric, Kwara",2022-10-03,2022-10-03,1,2024,1,Kwara,North Central,1,5,Caution,23,Low,1,7,Moderate Risk
IBD025288,"Boko Haram Attack, Borno",2022-10-03,2022-10-03,40,2024,1,Borno,North East,1,10,Avoid Route,27,Low,1,12,Extreme Danger
IBD025299,"Auto Crash, Kaduna",2022-10-03,2022-10-03,3,2024,1,Kaduna,North West,0,3,Safe,39,Low,1,4,Moderate Risk
IBD025290,"Explosion, Rivers",2022-10-03,2022-10-03,2,2024,1,Rivers,South South,0,0,Safe,90,High,5,5,Moderate Risk
IBD025276,"Mob vs POS Thieves, Lagos",2022-10-02,2022-10-02,2,2024,1,Lagos,South West,0,0,Safe,81,High,5,5,Moderate Risk
IBD025277,"Flood Incident, Delta",2022-10-02,2022-10-02,3,2024,1,Delta,South South,0,3,Safe,83,High,5,8,High Risk
IBD025285,"Peace Maker, Ondo",2022-10-02,2022-10-02,1,2024,1,Ondo,South West,0,0,Safe,60,Moderate,3,3,Low Risk
IBD025280,"Gunshot Charm, Kwara",2022-10-02,2022-10-02,1,2024,1,Kwara,North Central,0,0,Safe,28,Low,1,1,Low Risk
IBD025274,"Electrocution, Lagos",2022-10-02,2022-10-02,1,2024,1,Lagos,South West,0,0,Safe,86,High,5,5,Moderate Risk
IBD025374,"Kidnappers vs Man, Kano",2022-10-02,2022-10-02,1,2024,1,Kano,North West,1,5,Caution,13,Low,1,7,Moderate Risk
IBD025698,"Flooding, Kwara",2022-10-02,2022-10-02,2,2024,1,Kwara,North Central,0,0,Safe,11,Low,1,1,Low Risk
IBD025279,"Flood Disaster, Anambra",2022-10-01,2022-10-01,1,2024,1,Anambra,South East,0,0,Safe,73,Moderate,3,3,Low Risk
IBD025275,"Dogs Kill Man, Lagos",2022-10-01,2022-10-01,1,2024,1,Lagos,South West,0,0,Safe,100,High,5,5,Moderate Risk
IBD025297,"Woman vs Stepdaughter, Katsina",2022-10-01,2022-10-01,1,2024,1,Katsina,North West,0,0,Safe,40,Low,1,1,Low Risk
IBD025390,"Man vs Friend, Anambra",2022-10-01,2022-10-01,1,2024,1,Anambra,South East,0,0,Safe,52,Moderate,3,3,Low Risk
IBD025272,"Mob vs Herders, Kaduna",2022-10-01,2022-10-01,2,2024,1,Kaduna,North West,0,0,Safe,32,Low,1,1,Low Risk
IBD025271,"Auto Crash, Ogun",2022-10-01,2022-10-01,2,2024,1,Ogun,South West,0,0,Safe,79,Moderate,3,3,Low Risk
IBD025697,"Flooding, Kwara",2022-10-01,2022-10-01,3,2024,1,Kwara,North Central,0,3,Safe,39,Low,1,4,Moderate Risk
IBD025542,"Fire Disaster, Kano",2022-10-01,2022-10-31,15,2024,1,Kano,North West,0,5,Caution,14,Low,1,6,Moderate Risk
IBD025269,"Boat Mishap, Taraba",2022-10-01,2022-10-01,15,2024,1,Taraba,North East,0,5,Caution,32,Low,1,6,Moderate Risk
IBD025286,"Witchcraft, Kogi",2022-09-30,2022-09-30,3,2024,1,Kogi,North Central,0,3,Safe,15,Low,1,4,Moderate Risk
IBD025283,"Food Poisoning, Kogi",2022-09-30,2022-10-02,4,2024,1,Kogi,North Central,0,3,Safe,12,Low,1,4,Moderate Risk
IBD025287,"Rape Victim, Kano",2022-09-29,2022-09-29,1,2024,1,Kano,North West,0,0,Safe,46,Low,1,1,Low Risk
IBD025302,"Rainfall, Kwara",2022-09-29,2022-09-30,1,2024,1,Kwara,North Central,0,0,Safe,33,Low,1,1,Low Risk
IBD025266,"Soldiers vs Boko Haram, Borno",2022-09-29,2022-09-29,40,2024,1,Borno,North East,0,5,Caution,17,Low,1,6,Moderate Risk
IBD025328,"Flooding, Kogi",2022-09-29,2022-10-06,6,2024,1,Kogi,North Central,0,3,Safe,40,Low,1,4,Moderate Risk
IBD025264,"Flood Incident, Kwara",2022-09-29,2022-09-30,2,2024,1,Kwara,North Central,0,0,Safe,31,Low,1,1,Low Risk
IBD025259,"Army vs Community, Anambra",2022-09-29,2022-09-29,1,2024,1,Anambra,South East,0,0,Safe,61,Moderate,3,3,Low Risk
IBD025326,"Flooding, Kogi",2022-09-29,2022-10-06,7,2024,1,Kogi,North Central,0,3,Safe,40,Low,1,4,Moderate Risk
IBD025308,"Woman vs Grand Daughter, Anambra",2022-09-29,2022-09-29,1,2024,1,Anambra,South East,0,0,Safe,74,Moderate,3,3,Low Risk
IBD025318,"Flooding, Katsina",2022-09-29,2022-10-06,8,2024,1,Katsina,North West,0,3,Safe,49,Low,1,4,Moderate Risk
IBD025696,"Flooding, Kwara",2022-09-29,2022-09-29,1,2024,1,Kwara,North Central,0,0,Safe,10,Low,1,1,Low Risk
IBD025321,"Flooding, Katsina",2022-09-29,2022-10-06,8,2024,1,Katsina,North West,0,3,Safe,11,Low,1,4,Moderate Risk
IBD025327,"Flooding, Kogi",2022-09-29,2022-10-06,5,2024,1,Kogi,North Central,0,3,Safe,25,Low,1,4,Moderate Risk
IBD025563,"Domestic Violence, Akwa Ibom",2022-09-29,2022-09-29,1,2024,1,Akwa Ibom,South South,0,0,Safe,100,High,5,5,Moderate Risk
IBD025325,"Flooding/Boat Mishap, Kogi",2022-09-29,2022-10-06,5,2024,1,Kogi,North Central,0,3,Safe,42,Low,1,4,Moderate Risk
IBD025257,"Auto Crash, Bauchi",2022-09-29,2022-09-29,4,2024,1,Bauchi,North East,0,3,Safe,38,Low,1,4,Moderate Risk
IBD025263,"Terrorists vs Bandits, Kaduna",2022-09-29,2022-09-29,40,2024,1,Kaduna,North West,2,10,Avoid Route,14,Low,1,13,Extreme Danger
IBD025320,"Flooding, Katsina",2022-09-29,2022-10-06,8,2024,1,Katsina,North West,0,3,Safe,26,Low,1,4,Moderate Risk
IBD025256,"Banditry, Kaduna",2022-09-28,2022-09-28,1,2024,1,Kaduna,North West,1,5,Caution,29,Low,1,7,Moderate Risk
IBD025204,"Gunmen Attack, Oyo",2022-09-28,2022-09-28,2,2024,1,Oyo,South West,2,5,Caution,34,Low,1,8,High Risk
IBD025255,"Herders vs Farmer, Benue",2022-09-28,2022-09-28,1,2024,1,Benue,North Central,0,0,Safe,24,Low,1,1,Low Risk
IBD025237,"Gunmen vs Security Operatives, Anambra",2022-09-28,2022-09-28,5,2024,1,Anambra,South East,1,8,Avoid Route,60,Moderate,3,12,Extreme Danger
IBD025253,"Bandits vs Farmer, Kaduna",2022-09-28,2022-09-28,1,2024,1,Kaduna,North West,1,5,Caution,31,Low,1,7,Moderate Risk
IBD025245,"Transport Workers Clash, Lagos",2022-09-28,2022-09-28,3,2024,1,Lagos,South West,0,3,Safe,89,High,5,8,High Risk
IBD025249,"Tanker Explosion, Kogi",2022-09-28,2022-09-28,16,2024,1,Kogi,North Central,0,5,Caution,37,Low,1,6,Moderate Risk
IBD025265,"INEC Staff Found Dead, Anambra",2022-09-28,2022-09-28,1,2024,1,Anambra,South East,0,0,Safe,70,Moderate,3,3,Low Risk
IBD025248,"Building Collapse, Ondo",2022-09-28,2022-09-28,1,2024,1,Ondo,South West,0,0,Safe,53,Moderate,3,3,Low Risk
IBD025254,"NSCDC Officers vs Kidnapper, Oyo",2022-09-28,2022-09-28,1,2024,1,Oyo,South West,1,5,Caution,27,Low,1,7,Moderate Risk
IBD025735,"Man vs Stepmother, Anambra",2022-09-28,2022-09-28,1,2024,1,Anambra,South East,0,0,Safe,66,Moderate,3,3,Low Risk
IBD025262,"Terrorists vs Soldiers, Zamfara",2022-09-28,2022-09-28,3,2024,1,Zamfara,North West,1,8,Avoid Route,37,Low,1,10,High Risk
IBD025258,"Gunmen vs Army, Imo",2022-09-28,2022-09-28,3,2024,1,Imo,South East,1,8,Avoid Route,61,Moderate,3,12,Extreme Danger
IBD025231,"Gunmen Kill 4, Enugu",2022-09-27,2022-09-27,4,2024,1,Enugu,South East,1,8,Avoid Route,59,Moderate,3,12,Extreme Danger
IBD025261,"Terrorist vs Custom Officer, Katsina",2022-09-27,2022-09-27,1,2024,1,Katsina,North West,1,5,Caution,26,Low,1,7,Moderate Risk
IBD025252,"Flooding, Kogi",2022-09-27,2022-10-02,5,2024,1,Kogi,North Central,0,3,Safe,32,Low,1,4,Moderate Risk
IBD025240,"Escort Biker, FCT (Abuja)",2022-09-27,2022-09-27,1,2024,1,FCT,North Central,0,0,Safe,33,Low,1,1,Low Risk
IBD025236,"Auto Crash, Kebbi",2022-09-27,2022-09-27,6,2024,1,Kebbi,North West,0,3,Safe,13,Low,1,4,Moderate Risk
IBD025246,"Vigilantes vs Bandits, Zamfara",2022-09-27,2022-09-27,31,2024,1,Zamfara,North West,1,10,Avoid Route,32,Low,1,12,Extreme Danger
IBD025235,"Auto Crash, Rivers",2022-09-27,2022-09-27,1,2024,1,Rivers,South South,0,0,Safe,88,High,5,5,Moderate Risk
IBD025250,"Cult Attack, Kwara",2022-09-27,2022-09-27,1,2024,1,Kwara,North Central,1,5,Caution,44,Low,1,7,Moderate Risk
IBD025225,"Inferno, Rivers",2022-09-27,2022-09-27,4,2024,1,Rivers,South South,0,3,Safe,85,High,5,8,High Risk
IBD025219,"Bandits vs Police, Katsina",2022-09-26,2022-09-26,1,2024,1,Katsina,North West,1,5,Caution,47,Low,1,7,Moderate Risk
IBD025218,"Brothers vs Motorcycle Thief, Kebbi",2022-09-26,2022-09-26,1,2024,1,Kebbi,North West,0,0,Safe,14,Low,1,1,Low Risk
IBD025238,"Kidnappers Kill 1, Bauchi",2022-09-26,2022-09-26,1,2024,1,Bauchi,North East,1,5,Caution,28,Low,1,7,Moderate Risk
IBD025242,"ISWAP Attack, Borno",2022-09-26,2022-09-26,3,2024,1,Borno,North East,1,8,Avoid Route,29,Low,1,10,High Risk
IBD025230,"Army vs ISWAP, Yobe",2022-09-26,2022-09-26,40,2024,1,Yobe,North East,0,5,Caution,30,Low,1,6,Moderate Risk
IBD025232,"Auto Crash, Niger",2022-09-26,2022-09-26,2,2024,1,Niger,North Central,0,0,Safe,39,Low,1,1,Low Risk
IBD025139,"Communal Clash, Kogi",2022-09-25,2022-09-25,1,2024,1,Kogi,North Central,0,0,Safe,12,Low,1,1,Low Risk
IBD025217,"Flooding, Kwara",2022-09-25,2022-09-25,7,2024,1,Kwara,North Central,0,3,Safe,11,Low,1,4,Moderate Risk
IBD025206,"Auto Crash, Niger",2022-09-25,2022-09-25,4,2024,1,Niger,North Central,0,3,Safe,48,Low,1,4,Moderate Risk
IBD025223,"Banditry, Plateau",2022-09-25,2022-09-25,1,2024,1,Plateau,North Central,1,5,Caution,22,Low,1,7,Moderate Risk
IBD025251,"Fake Doctor, Bauchi",2022-09-25,2022-09-25,1,2024,1,Bauchi,North East,0,0,Safe,39,Low,1,1,Low Risk
IBD025205,"Auto Crash, Lagos",2022-09-25,2022-09-25,7,2024,1,Lagos,South West,0,3,Safe,89,High,5,8,High Risk
IBD025241,"Medical Negligence, Lagos",2022-09-25,2022-09-25,1,2024,1,Lagos,South West,0,0,Safe,100,High,5,5,Moderate Risk
IBD025213,"Dead Baby, Jigawa",2022-09-25,2022-09-25,1,2024,1,Jigawa,North West,0,0,Safe,14,Low,1,1,Low Risk
IBD025428,"Bandits Kill Lecturer and Village Head, Adamawa",2022-09-25,2022-09-30,2,2024,1,Adamawa,North East,1,5,Caution,44,Low,1,7,Moderate Risk
IBD025220,"Assailants vs Boy, Plateau",2022-09-25,2022-09-25,1,2024,1,Plateau,North Central,0,0,Safe,37,Low,1,1,Low Risk
IBD025247,"Motorcyclist vs Passenger, Niger",2022-09-25,2022-09-25,1,2024,1,Niger,North Central,0,0,Safe,41,Low,1,1,Low Risk
IBD025216,"Banditry, Zamfara",2022-09-25,2022-09-25,3,2024,1,Zamfara,North West,1,8,Avoid Route,49,Low,1,10,High Risk
IBD025244,"Cultists vs Singer, FCT (Abuja)",2022-09-25,2022-09-25,4,2024,1,FCT,North Central,0,3,Safe,38,Low,1,4,Moderate Risk
IBD028580,"Decompose Body Found, Plateau",2022-09-25,2022-09-25,1,2024,1,Plateau,North Central,0,0,Safe,19,Low,1,1,Low Risk
IBD025211,"Guard vs Machine Operator, FCT, ( Abuja)",2022-09-24,2022-09-24,1,2024,1,FCT,North Central,0,0,Safe,12,Low,1,1,Low Risk
IBD025222,"Banditry, Kaduna",2022-09-24,2022-09-24,1,2024,1,Kaduna,North West,1,5,Caution,47,Low,1,7,Moderate Risk
IBD025212,"Boy Drowns, Jigawa",2022-09-24,2022-09-24,1,2024,1,Jigawa,North West,0,0,Safe,11,Low,1,1,Low Risk
IBD025221,"Banditry, Kaduna",2022-09-24,2022-09-24,2,2024,1,Kaduna,North West,1,5,Caution,27,Low,1,7,Moderate Risk
IBD025207,"Police vs Cultists, Plateau",2022-09-24,2022-09-24,1,2024,1,Plateau,North Central,0,0,Safe,32,Low,1,1,Low Risk
IBD025214,"Teenager vs Friend, Lagos",2022-09-24,2022-09-24,1,2024,1,Lagos,South West,0,0,Safe,86,High,5,5,Moderate Risk
IBD025469,"Flooding, Abia",2022-09-24,2022-09-24,8,2024,1,Abia,South East,0,3,Safe,75,Moderate,3,6,Moderate Risk
IBD025234,"Auto Crash, Abia",2022-09-24,2022-09-24,2,2024,1,Abia,South East,0,0,Safe,54,Moderate,3,3,Low Risk
IBD025208,"ISWAP vs Traders, Kano",2022-09-24,2022-09-24,2,2024,1,Kano,North West,0,0,Safe,41,Low,1,1,Low Risk
IBD025243,"Mob vs Ritualist, Lagos",2022-09-24,2022-09-24,1,2024,1,Lagos,South West,0,0,Safe,92,High,5,5,Moderate Risk
IBD025470,"Flooding, Abia",2022-09-24,2022-09-24,5,2024,1,Abia,South East,0,3,Safe,71,Moderate,3,6,Moderate Risk
IBD025203,"Building Collapse, Anambra",2022-09-23,2022-09-23,2,2024,1,Anambra,South East,0,0,Safe,64,Moderate,3,3,Low Risk
IBD025194,"Police vs Kidnappers, Edo",2022-09-23,2022-09-23,1,2024,1,Edo,South South,1,5,Caution,71,Moderate,3,9,High Risk
IBD025201,"Man vs Step-Daughter, Ondo",2022-09-23,2022-09-23,1,2024,1,Ondo,South West,0,0,Safe,55,Moderate,3,3,Low Risk
IBD025209,"Drug Overdose, Lagos",2022-09-23,2022-09-23,1,2024,1,Lagos,South West,0,0,Safe,99,High,5,5,Moderate Risk
IBD025200,"Banditry, Zamfara",2022-09-23,2022-09-23,15,2024,1,Zamfara,North West,1,10,Avoid Route,27,Low,1,12,Extreme Danger
IBD025193,"Building Collapse, Lagos",2022-09-23,2022-09-23,4,2024,1,Lagos,South West,0,3,Safe,84,High,5,8,High Risk
IBD025185,"Auto Crash, Lagos",2022-09-22,2022-09-22,1,2024,1,Lagos,South West,0,0,Safe,84,High,5,5,Moderate Risk
IBD025202,"Hoodlums vs Police, Edo",2022-09-22,2022-09-22,1,2024,1,Edo,South South,0,0,Safe,78,Moderate,3,3,Low Risk
IBD025429,"Air Force vs Terrorists, Zamfara",2022-09-22,2022-09-22,40,2024,1,Zamfara,North West,1,10,Avoid Route,31,Low,1,12,Extreme Danger
IBD025198,"Son vs Parents, Anambra",2022-09-22,2022-09-22,2,2024,1,Anambra,South East,0,0,Safe,78,Moderate,3,3,Low Risk
IBD025317,"Gunmen Attack, Benue",2022-09-22,2022-09-22,2,2024,1,Benue,North Central,2,5,Caution,30,Low,1,8,High Risk
IBD025183,"Wife vs Husband, Kebbi",2022-09-21,2022-09-21,1,2024,1,Kebbi,North West,0,0,Safe,24,Low,1,1,Low Risk
IBD025179,"Armed Robbers Kill One, Ogun",2022-09-21,2022-09-21,1,2024,1,Ogun,South West,0,0,Safe,77,Moderate,3,3,Low Risk
IBD025188,"Herdsmen, Benue",2022-09-21,2022-09-21,1,2024,1,Benue,North Central,1,5,Caution,15,Low,1,7,Moderate Risk
IBD025190,"Police vs Boy, Plateau",2022-09-21,2022-09-21,1,2024,1,Plateau,North Central,0,0,Safe,20,Low,1,1,Low Risk
IBD025187,"Herdsmen Attack, Benue",2022-09-21,2022-09-21,14,2024,1,Benue,North Central,2,10,Avoid Route,10,Low,1,13,Extreme Danger
IBD025184,"Armed Robbers vs Man, Kebbi",2022-09-21,2022-09-21,1,2024,1,Kebbi,North West,0,0,Safe,40,Low,1,1,Low Risk
IBD025191,"Boat Mishap, FCT (Abuja)",2022-09-21,2022-09-21,5,2024,1,FCT,North Central,0,3,Safe,22,Low,1,4,Moderate Risk
IBD025680,"Extrajudicial Killing, Plateau",2022-09-21,2022-09-21,1,2024,1,Plateau,North Central,0,0,Safe,28,Low,1,1,Low Risk
IBD027844,"Flooding, Bauchi",2022-09-21,2022-09-21,25,2024,1,Bauchi,North East,0,5,Caution,19,Low,1,6,Moderate Risk
IBD025167,"Armed Robbers vs Security Guard, Plateau",2022-09-20,2022-09-20,1,2024,1,Plateau,North Central,0,0,Safe,21,Low,1,1,Low Risk
IBD025177,"Bandits Kill 4, Zamfara",2022-09-20,2022-09-20,7,2024,1,Zamfara,North West,1,8,Avoid Route,24,Low,1,10,High Risk
IBD025182,"Boat Capsized, Benue",2022-09-20,2022-09-20,9,2024,1,Benue,North Central,0,3,Safe,44,Low,1,4,Moderate Risk
IBD025314,"Hoodlums vs Police, Ogun",2022-09-20,2022-09-20,1,2024,1,Ogun,South West,0,0,Safe,63,Moderate,3,3,Low Risk
IBD025186,"Army vs Boko Haram, Borno",2022-09-20,2022-09-20,7,2024,1,Borno,North East,0,3,Safe,20,Low,1,4,Moderate Risk
IBD025176,"Auto Crash, Kogi",2022-09-20,2022-09-20,4,2024,1,Kogi,North Central,0,3,Safe,23,Low,1,4,Moderate Risk
IBD025174,"Banditry, Niger",2022-09-20,2022-09-20,5,2024,1,Niger,North Central,1,8,Avoid Route,35,Low,1,10,High Risk
IBD025175,"Kidnappers killed Three, Ondo",2022-09-20,2022-09-20,3,2024,1,Ondo,South West,1,8,Avoid Route,50,Moderate,3,12,Extreme Danger
IBD025178,"Gunmen vs Woman, Oyo",2022-09-20,2022-09-20,1,2024,1,Oyo,South West,1,5,Caution,38,Low,1,7,Moderate Risk
IBD025793,"Kidnap Victims, Abia",2022-09-20,2022-09-20,10,2024,1,Abia,South East,1,10,Avoid Route,70,Moderate,3,14,Extreme Danger
IBD025170,"Factory Worker vs Friend, Lagos",2022-09-19,2022-09-19,1,2024,1,Lagos,South West,0,0,Safe,89,High,5,5,Moderate Risk
IBD025169,"Gunmen vs Woman, Plateau",2022-09-19,2022-09-19,1,2024,1,Plateau,North Central,1,5,Caution,27,Low,1,7,Moderate Risk
IBD025309,"Pastor vs Pregnant Women, Kogi",2022-09-19,2022-09-19,18,2024,1,Kogi,North Central,0,5,Caution,18,Low,1,6,Moderate Risk
IBD025157,"Bandits vs Children, Niger",2022-09-18,2022-09-18,5,2024,1,Niger,North Central,1,8,Avoid Route,18,Low,1,10,High Risk
IBD025168,"Armed Robbers vs Security Guard, Plateau",2022-09-18,2022-09-18,1,2024,1,Plateau,North Central,0,0,Safe,18,Low,1,1,Low Risk
IBD025142,"Auto Crash, FCT (Abuja)",2022-09-18,2022-09-18,19,2024,1,FCT,North Central,0,5,Caution,33,Low,1,6,Moderate Risk
IBD025149,"Banditry, Katsina",2022-09-18,2022-09-18,2,2024,1,Katsina,North West,1,5,Caution,25,Low,1,7,Moderate Risk
IBD025143,"Auto Crash, Ogun",2022-09-18,2022-09-18,3,2024,1,Ogun,South West,0,3,Safe,65,Moderate,3,6,Moderate Risk
IBD025145,"Auto Crash, Cross River",2022-09-18,2022-09-18,1,2024,1,Cross River,South South,0,0,Safe,99,High,5,5,Moderate Risk
IBD025158,"Man Dies, Rivers",2022-09-18,2022-09-18,1,2024,1,Rivers,South South,0,0,Safe,100,High,5,5,Moderate Risk
IBD025156,"Auto Crash, Delta",2022-09-18,2022-09-18,4,2024,1,Delta,South South,0,3,Safe,87,High,5,8,High Risk
IBD025154,"Herdsmen Attack, Benue",2022-09-18,2022-09-18,3,2024,1,Benue,North Central,2,8,Avoid Route,11,Low,1,11,High Risk
IBD025159,"Bandits vs Driver, Katsina",2022-09-18,2022-09-18,1,2024,1,Katsina,North West,1,5,Caution,15,Low,1,7,Moderate Risk
IBD025215,"Herder vs Man, Edo",2022-09-17,2022-09-17,1,2024,1,Edo,South South,0,0,Safe,62,Moderate,3,3,Low Risk
IBD025151,"Boy Drowns, Jigawa",2022-09-17,2022-09-17,1,2024,1,Jigawa,North West,0,0,Safe,19,Low,1,1,Low Risk
IBD025153,"Man Dies, Jigawa",2022-09-17,2022-09-17,1,2024,1,Jigawa,North West,0,0,Safe,29,Low,1,1,Low Risk
IBD025152,"Man Drowns, Jigawa",2022-09-17,2022-09-17,1,2024,1,Jigawa,North West,0,0,Safe,39,Low,1,1,Low Risk
IBD025171,"Teenager vs Girl, Oyo",2022-09-17,2022-09-17,1,2024,1,Oyo,South West,0,0,Safe,36,Low,1,1,Low Risk
IBD025172,"ISWAP vs Boko Haram, Borno",2022-09-17,2022-09-17,25,2024,1,Borno,North East,0,5,Caution,44,Low,1,6,Moderate Risk
IBD025173,"Army vs IPOB/ESN, Imo",2022-09-17,2022-09-18,4,2024,1,Imo,South East,0,3,Safe,65,Moderate,3,6,Moderate Risk
IBD025144,"Building Collapse, Akwa Ibom",2022-09-17,2022-09-17,2,2024,1,Akwa Ibom,South South,0,0,Safe,81,High,5,5,Moderate Risk
IBD025293,"Son vs Mother, Ebonyi",2022-09-17,2022-09-17,1,2024,1,Ebonyi,South East,0,0,Safe,32,Low,1,1,Low Risk
IBD025140,"Army vs Bandits, Zamfara",2022-09-17,2022-09-17,34,2024,1,Zamfara,North West,1,10,Avoid Route,29,Low,1,12,Extreme Danger
IBD025135,"Building Collapse, Jigaawa",2022-09-17,2022-09-17,1,2024,1,Unknown,,0,0,Safe,41,Low,1,1,Low Risk
IBD025267,"Medical Negligence, FCT (Abuja)",2022-09-17,2022-09-17,1,2024,1,FCT,North Central,0,0,Safe,35,Low,1,1,Low Risk
IBD025150,"Friends Drown, Jigawa",2022-09-17,2022-09-17,2,2024,1,Jigawa,North West,0,0,Safe,37,Low,1,1,Low Risk
IBD027846,"Flooding, Yobe",2022-09-17,2022-09-17,11,2024,1,Yobe,North East,0,5,Caution,14,Low,1,6,Moderate Risk
IBD025137,"Gunmen vs Man, Ebonyi",2022-09-16,2022-09-16,1,2024,1,Ebonyi,South East,1,5,Caution,46,Low,1,7,Moderate Risk
IBD025130,"Man Drowns, Jigawa",2022-09-16,2022-09-16,1,2024,1,Jigawa,North West,0,0,Safe,21,Low,1,1,Low Risk
IBD025354,"Chief vs Herbalist, Ogun",2022-09-16,2022-09-16,1,2024,1,Ogun,South West,0,0,Safe,67,Moderate,3,3,Low Risk
IBD025196,"Man vs Debtor, Ebonyi",2022-09-16,2022-09-16,1,2024,1,Ebonyi,South East,0,0,Safe,35,Low,1,1,Low Risk
IBD025125,"Man vs Ex-lover, Kano",2022-09-16,2022-09-16,1,2024,1,Kano,North West,0,0,Safe,32,Low,1,1,Low Risk
IBD025126,"Land Tussle, Delta",2022-09-16,2022-09-16,1,2024,1,Delta,South South,0,0,Safe,88,High,5,5,Moderate Risk
IBD025138,"Auto Crash, Gombe",2022-09-16,2022-09-16,2,2024,1,Gombe,North East,0,0,Safe,48,Low,1,1,Low Risk
IBD027849,"Flooding, Kano",2022-09-16,2022-09-16,23,2024,1,Kano,North West,0,5,Caution,41,Low,1,6,Moderate Risk
IBD025117,"Boko Haram vs ISWAP, Borno",2022-09-15,2022-09-15,25,2024,1,Borno,North East,0,5,Caution,21,Low,1,6,Moderate Risk
IBD025128,"Cultist vs Students, Lagos",2022-09-15,2022-09-15,2,2024,1,Lagos,South West,0,0,Safe,84,High,5,5,Moderate Risk
IBD025136,"Mob vs Phone Thief, Delta",2022-09-15,2022-09-15,1,2024,1,Delta,South South,0,0,Safe,94,High,5,5,Moderate Risk
IBD025118,"Police vs Terrorists, Katsina",2022-09-15,2022-09-15,7,2024,1,Katsina,North West,1,8,Avoid Route,27,Low,1,10,High Risk
IBD025132,"Hoodlum vs Motorcyclists, Osun",2022-09-15,2022-09-15,10,2024,1,Osun,South West,0,5,Caution,34,Low,1,6,Moderate Risk
IBD025116,"Baby Found Dead, Jiagawa",2022-09-15,2022-09-15,1,2024,1,Unknown,,0,0,Safe,41,Low,1,1,Low Risk
IBD025181,"Army vs Boko Haram, Borno",2022-09-15,2022-09-21,36,2024,1,Borno,North East,0,5,Caution,16,Low,1,6,Moderate Risk
IBD025119,"Bandits vs Businessman, Katsina",2022-09-15,2022-09-15,1,2024,1,Katsina,North West,1,5,Caution,29,Low,1,7,Moderate Risk
IBD025397,"Army vs IPOB/ESN, Enugu",2022-09-15,2022-09-15,10,2024,1,Enugu,South East,0,5,Caution,61,Moderate,3,8,High Risk
IBD025609,"Flooding, Bayelsa",2022-09-15,2022-09-22,89,2024,1,Bayelsa,South South,0,5,Caution,92,High,5,10,High Risk
IBD025547,"Police vs Driver, Anambra",2022-09-15,2022-09-15,1,2024,1,Anambra,South East,0,0,Safe,67,Moderate,3,3,Low Risk
IBD025115,"Bandits vs Vigilante, Niger",2022-09-14,2022-09-14,1,2024,1,Niger,North Central,1,5,Caution,30,Low,1,7,Moderate Risk
IBD025180,"Hoodlums Kill 2, Ogun",2022-09-14,2022-09-14,2,2024,1,Ogun,South West,0,0,Safe,71,Moderate,3,3,Low Risk
IBD025129,"Sisters Drown, Jigawa",2022-09-14,2022-09-14,2,2024,1,Jigawa,North West,0,0,Safe,23,Low,1,1,Low Risk
IBD025141,"Assailants vs Man, FCT (Abuja)",2022-09-14,2022-09-14,1,2024,1,FCT,North Central,0,0,Safe,48,Low,1,1,Low Risk
IBD025489,"Witchcraft, Cross River",2022-09-14,2022-09-14,5,2024,1,Cross River,South South,0,3,Safe,89,High,5,8,High Risk
IBD025134,"Youths vs Man, Bayelsa",2022-09-14,2022-09-14,1,2024,1,Bayelsa,South South,0,0,Safe,89,High,5,5,Moderate Risk
IBD025122,"Auto Crash, Niger",2022-09-14,2022-09-14,6,2024,1,Niger,North Central,0,3,Safe,14,Low,1,4,Moderate Risk
IBD025113,"Police vs Kidnappers, Kwara",2022-09-13,2022-09-13,2,2024,1,Kwara,North Central,1,5,Caution,14,Low,1,7,Moderate Risk
IBD025123,"NAF Troops vs Boko Haram, Borno",2022-09-13,2022-09-15,35,2024,1,Borno,North East,0,5,Caution,24,Low,1,6,Moderate Risk
IBD025114,"Kidnappers vs Colleague, Kano",2022-09-13,2022-09-13,1,2024,1,Kano,North West,1,5,Caution,30,Low,1,7,Moderate Risk
IBD025111,"Landslide, Jigawa",2022-09-13,2022-09-13,1,2024,1,Jigawa,North West,0,0,Safe,31,Low,1,1,Low Risk
IBD025110,"Police vs Kidnappers, Edo",2022-09-13,2022-09-13,3,2024,1,Edo,South South,1,8,Avoid Route,58,Moderate,3,12,Extreme Danger
IBD025121,"ATF Troops vs ISWAP, Borno",2022-09-13,2022-09-15,30,2024,1,Borno,North East,0,5,Caution,27,Low,1,6,Moderate Risk
IBD025092,"Flooding, Lagos",2022-09-12,2022-09-12,2,2024,1,Lagos,South West,0,0,Safe,87,High,5,5,Moderate Risk
IBD025109,"Herders Attack, Nasarawa",2022-09-12,2022-09-12,3,2024,1,Nasarawa,North Central,1,8,Avoid Route,17,Low,1,10,High Risk
IBD025133,"Banditry, Niger",2022-09-12,2022-09-12,3,2024,1,Niger,North Central,1,8,Avoid Route,10,Low,1,10,High Risk
IBD025103,"Boat Capsized, Taraba",2022-09-12,2022-09-12,3,2024,1,Taraba,North East,0,3,Safe,35,Low,1,4,Moderate Risk
IBD025100,"Army vs Bandits, Kaduna",2022-09-11,2022-09-11,10,2024,1,Kaduna,North West,1,10,Avoid Route,31,Low,1,12,Extreme Danger
IBD025091,"Canoe Mishap, Jigawa",2022-09-11,2022-09-11,5,2024,1,Jigawa,North West,0,3,Safe,26,Low,1,4,Moderate Risk
IBD025101,"Chieftaincy Tussle, Ogun",2022-09-11,2022-09-11,3,2024,1,Ogun,South West,0,3,Safe,54,Moderate,3,6,Moderate Risk
IBD025088,"Gunmen vs Policemen, Anambra",2022-09-11,2022-09-11,7,2024,1,Anambra,South East,1,8,Avoid Route,65,Moderate,3,12,Extreme Danger
IBD025095,"JTF vs Bandits, Katsina",2022-09-11,2022-09-11,8,2024,1,Katsina,North West,1,8,Avoid Route,15,Low,1,10,High Risk
IBD025089,"Assailant vs Man, Enugu",2022-09-11,2022-09-11,1,2024,1,Enugu,South East,0,0,Safe,77,Moderate,3,3,Low Risk
IBD025127,"Kidnappers vs Man, Edo",2022-09-11,2022-09-11,1,2024,1,Edo,South South,1,5,Caution,63,Moderate,3,9,High Risk
IBD025105,"Flooding, Niger",2022-09-11,2022-09-12,2,2024,1,Niger,North Central,0,0,Safe,18,Low,1,1,Low Risk
IBD025373,"Auto Crash, Imo",2022-09-11,2022-09-11,1,2024,1,Imo,South East,0,0,Safe,75,Moderate,3,3,Low Risk
IBD025097,"Assailants vs Octogenarian, Adamawa",2022-09-11,2022-09-11,1,2024,1,Adamawa,North East,0,0,Safe,21,Low,1,1,Low Risk
IBD025104,"Flooding, Niger",2022-09-11,2022-09-12,6,2024,1,Niger,North Central,0,3,Safe,39,Low,1,4,Moderate Risk
IBD025093,"Police vs Kidnapper, Edo",2022-09-11,2022-09-11,1,2024,1,Edo,South South,1,5,Caution,52,Moderate,3,9,High Risk
IBD025102,"Army vs Bandits, Kaduna",2022-09-11,2022-09-11,10,2024,1,Kaduna,North West,1,10,Avoid Route,24,Low,1,12,Extreme Danger
IBD025106,"Flooding, Niger",2022-09-11,2022-09-12,1,2024,1,Niger,North Central,0,0,Safe,43,Low,1,1,Low Risk
IBD025094,"Army vs Boko Haram, Borno",2022-09-11,2022-09-11,7,2024,1,Borno,North East,0,3,Safe,40,Low,1,4,Moderate Risk
IBD025112,"Assailants vs Boy, Osun",2022-09-11,2022-09-11,1,2024,1,Osun,South West,0,0,Safe,43,Low,1,1,Low Risk
IBD025166,"Flooding, Niger",2022-09-10,2022-09-17,1,2024,1,Niger,North Central,0,0,Safe,14,Low,1,1,Low Risk
IBD025161,"Flooding, Niger",2022-09-10,2022-09-17,2,2024,1,Niger,North Central,0,0,Safe,12,Low,1,1,Low Risk
IBD025163,"Flooding, Niger",2022-09-10,2022-09-17,1,2024,1,Niger,North Central,0,0,Safe,20,Low,1,1,Low Risk
IBD025162,"Flooding, Niger",2022-09-10,2022-09-17,2,2024,1,Niger,North Central,0,0,Safe,49,Low,1,1,Low Risk
IBD025160,"Flooding, Niger",2022-09-10,2022-09-17,6,2024,1,Niger,North Central,0,3,Safe,21,Low,1,4,Moderate Risk
IBD025087,"Security Guard vs Man, Osun",2022-09-10,2022-09-10,1,2024,1,Osun,South West,0,0,Safe,42,Low,1,1,Low Risk
IBD025165,"Flooding, Niger",2022-09-10,2022-09-17,1,2024,1,Niger,North Central,0,0,Safe,36,Low,1,1,Low Risk
IBD025085,"Mysterious Death, Anambra",2022-09-10,2022-09-10,3,2024,1,Anambra,South East,0,3,Safe,68,Moderate,3,6,Moderate Risk
IBD025099,"Army vs Boko Haram, Borno",2022-09-10,2022-09-10,10,2024,1,Borno,North East,0,5,Caution,45,Low,1,6,Moderate Risk
IBD025164,"Flooding, Niger",2022-09-10,2022-09-17,1,2024,1,Niger,North Central,0,0,Safe,37,Low,1,1,Low Risk
IBD025080,"Auto Crash, Oyo",2022-09-09,2022-09-09,18,2024,1,Oyo,South West,0,5,Caution,22,Low,1,6,Moderate Risk
IBD025075,"Auto Crash, Ogun",2022-09-09,2022-09-09,2,2024,1,Ogun,South West,0,0,Safe,76,Moderate,3,3,Low Risk
IBD025098,"Army vs Boko Haram, Borno",2022-09-09,2022-09-09,10,2024,1,Borno,North East,0,5,Caution,11,Low,1,6,Moderate Risk
IBD025084,"Assailants Attack, Benue",2022-09-09,2022-09-10,4,2024,1,Benue,North Central,1,8,Avoid Route,18,Low,1,10,High Risk
IBD025090,"Security Operatives vs Community, Rivers",2022-09-09,2022-09-10,2,2024,1,Rivers,South South,0,0,Safe,89,High,5,5,Moderate Risk
IBD025079,"Auto Crash, Ondo",2022-09-08,2022-09-08,1,2024,1,Ondo,South West,0,0,Safe,71,Moderate,3,3,Low Risk
IBD025077,"Fence Collapsed, Lagos",2022-09-08,2022-09-08,2,2024,1,Lagos,South West,0,0,Safe,87,High,5,5,Moderate Risk
IBD025427,"Air Force vs Bandits, Niger",2022-09-08,2022-09-08,10,2024,1,Niger,North Central,1,10,Avoid Route,43,Low,1,12,Extreme Danger
IBD025082,"Ritual Killing, Plateau",2022-09-08,2022-09-08,1,2024,1,Plateau,North Central,0,0,Safe,13,Low,1,1,Low Risk
IBD025076,"Gunmen Kill 4, Kogi",2022-09-08,2022-09-08,3,2024,1,Kogi,North Central,1,8,Avoid Route,27,Low,1,10,High Risk
IBD025558,"Auto Crash, Lagos",2022-09-08,2022-09-08,1,2024,1,Lagos,South West,0,0,Safe,94,High,5,5,Moderate Risk
IBD025426,"Air Force vs Boko Haram, Borno",2022-09-08,2022-09-08,40,2024,1,Borno,North East,0,5,Caution,28,Low,1,6,Moderate Risk
IBD025083,"Militants vs Villagers, Bayelsa",2022-09-08,2022-09-08,1,2024,1,Bayelsa,South South,0,0,Safe,93,High,5,5,Moderate Risk
IBD025052,"Robbers vs Community, Bayelsa",2022-09-08,2022-09-08,2,2024,1,Bayelsa,South South,0,0,Safe,93,High,5,5,Moderate Risk
IBD025425,"Army vs Boko Haram, Borno",2022-09-08,2022-09-08,52,2024,1,Borno,North East,0,5,Caution,42,Low,1,6,Moderate Risk
IBD025061,"Building Collapse, Oyo",2022-09-08,2022-09-08,7,2024,1,Oyo,South West,0,3,Safe,38,Low,1,4,Moderate Risk
IBD025047,"Auto Crash, Ogun",2022-09-07,2022-09-07,4,2024,1,Ogun,South West,0,3,Safe,68,Moderate,3,6,Moderate Risk
IBD025064,"Auto Crash, Ogun",2022-09-07,2022-09-07,3,2024,1,Ogun,South West,0,3,Safe,76,Moderate,3,6,Moderate Risk
IBD025071,"Army vs Boko Haram, Katsina",2022-09-07,2022-09-07,10,2024,1,Katsina,North West,0,5,Caution,43,Low,1,6,Moderate Risk
IBD025055,"5 Drown, Jigawa",2022-09-07,2022-09-07,5,2024,1,Jigawa,North West,0,3,Safe,40,Low,1,4,Moderate Risk
IBD025120,"Woman vs Child, Nasarawa",2022-09-07,2022-09-07,1,2024,1,Nasarawa,North Central,0,0,Safe,14,Low,1,1,Low Risk
IBD025067,"Mob vs Woman, Lagos",2022-09-07,2022-09-07,1,2024,1,Lagos,South West,0,0,Safe,87,High,5,5,Moderate Risk
IBD025060,"Gunmen vs Police, Enugu",2022-09-07,2022-09-07,4,2024,1,Enugu,South East,1,8,Avoid Route,66,Moderate,3,12,Extreme Danger
IBD025437,"Police vs Kidnappers, Bauchi",2022-09-07,2022-09-07,2,2024,1,Bauchi,North East,1,5,Caution,37,Low,1,7,Moderate Risk
IBD025420,"Gunmen Attack, Kaduna",2022-09-07,2022-09-07,2,2024,1,Kaduna,North West,2,5,Caution,19,Low,1,8,High Risk
IBD025189,"Terrorist Attack, Benue",2022-09-07,2022-09-07,4,2024,1,Benue,North Central,2,8,Avoid Route,44,Low,1,11,High Risk
IBD025081,"Building Collapse, Jigawa",2022-09-07,2022-09-07,3,2024,1,Jigawa,North West,0,3,Safe,25,Low,1,4,Moderate Risk
IBD025096,"Man vs Brother, Lagos",2022-09-07,2022-09-07,1,2024,1,Lagos,South West,0,0,Safe,86,High,5,5,Moderate Risk
IBD025048,"Auto Crash, Oyo",2022-09-06,2022-09-06,1,2024,1,Oyo,South West,0,0,Safe,32,Low,1,1,Low Risk
IBD025056,"Auto Crash, Ondo",2022-09-06,2022-09-06,1,2024,1,Ondo,South West,0,0,Safe,74,Moderate,3,3,Low Risk
IBD025039,"Woman vs Baby, Kano",2022-09-06,2022-09-06,1,2024,1,Kano,North West,0,0,Safe,29,Low,1,1,Low Risk
IBD025043,"Bank Robbery, Kogi",2022-09-06,2022-09-06,3,2024,1,Kogi,North Central,0,3,Safe,14,Low,1,4,Moderate Risk
IBD025029,"Leadership Tussle, Delta",2022-09-06,2022-09-06,1,2024,1,Delta,South South,0,0,Safe,93,High,5,5,Moderate Risk
IBD025073,"Boy Dies, FCT (Abuja)",2022-09-06,2022-09-06,1,2024,1,FCT,North Central,0,0,Safe,31,Low,1,1,Low Risk
IBD025734,"Army vs Lady, Rivers",2022-09-06,2022-09-06,1,2024,1,Rivers,South South,0,0,Safe,85,High,5,5,Moderate Risk
IBD025044,"Auto Crash, Anambra",2022-09-06,2022-09-06,1,2024,1,Anambra,South East,0,0,Safe,56,Moderate,3,3,Low Risk
IBD025316,"Domestic Violence, Ondo",2022-09-06,2022-09-06,1,2024,1,Ondo,South West,0,0,Safe,63,Moderate,3,3,Low Risk
IBD025035,"Banditry, Plateau",2022-09-06,2022-09-06,30,2024,1,Plateau,North Central,1,10,Avoid Route,33,Low,1,12,Extreme Danger
PAR012623,"Man Kills Ex-Lover, Adamawa",2022-09-06,2022-09-06,1,2024,1,Adamawa,North East,0,0,Safe,34,Low,1,1,Low Risk
IBD025415,"Army vs Bandits, Kaduna",2022-09-05,2022-09-05,10,2024,1,Kaduna,North West,1,10,Avoid Route,43,Low,1,12,Extreme Danger
IBD025053,"Army vs Bandits, Kaduna",2022-09-05,2022-09-05,2,2024,1,Kaduna,North West,1,5,Caution,36,Low,1,7,Moderate Risk
IBD025021,"Children Drown, Jigawa",2022-09-05,2022-09-05,3,2024,1,Jigawa,North West,0,3,Safe,46,Low,1,4,Moderate Risk
IBD025046,"Auto Crash, Lagos",2022-09-05,2022-09-05,2,2024,1,Lagos,South West,0,0,Safe,94,High,5,5,Moderate Risk
IBD025045,"Auto Crash, Ogun",2022-09-05,2022-09-05,1,2024,1,Ogun,South West,0,0,Safe,70,Moderate,3,3,Low Risk
IBD025037,"Ritual Killing, Niger",2022-09-05,2022-09-05,1,2024,1,Niger,North Central,0,0,Safe,10,Low,1,1,Low Risk
IBD025034,"Army vs Pirates, Rivers (Offshore)",2022-09-04,2022-09-04,30,2024,1,Rivers,South South,0,5,Caution,91,High,5,10,High Risk
IBD025019,"One Dead, Delta",2022-09-04,2022-09-04,1,2024,1,Delta,South South,0,0,Safe,90,High,5,5,Moderate Risk
IBD025042,"Security Operatives vs Bandits, Kaduna",2022-09-04,2022-09-05,8,2024,1,Kaduna,North West,1,8,Avoid Route,10,Low,1,10,High Risk
IBD025015,"Police vs Terrorists, Katsina",2022-09-04,2022-09-04,2,2024,1,Katsina,North West,1,5,Caution,10,Low,1,7,Moderate Risk
IBD025036,"Gunmen vs Cleric, Ebonyi",2022-09-04,2022-09-04,1,2024,1,Ebonyi,South East,1,5,Caution,47,Low,1,7,Moderate Risk
IBD025041,"Security Operatives vs Bandits, Kaduna",2022-09-04,2022-09-05,7,2024,1,Kaduna,North West,1,8,Avoid Route,45,Low,1,10,High Risk
IBD025038,"Ritual Killing, Ondo",2022-09-04,2022-09-04,1,2024,1,Ondo,South West,0,0,Safe,75,Moderate,3,3,Low Risk
IBD025010,"Herdsmen Attack, Benue",2022-09-04,2022-09-04,3,2024,1,Benue,North Central,2,8,Avoid Route,14,Low,1,11,High Risk
IBD025028,"Auto Crash, Anambra",2022-09-04,2022-09-04,5,2024,1,Anambra,South East,0,3,Safe,64,Moderate,3,6,Moderate Risk
IBD025013,"Auto Crash, FCT (Abuja)",2022-09-04,2022-09-04,9,2024,1,FCT,North Central,0,3,Safe,11,Low,1,4,Moderate Risk
IBD025059,"Building Collapse, Jigawa",2022-09-04,2022-09-04,1,2024,1,Jigawa,North West,0,0,Safe,10,Low,1,1,Low Risk
IBD025009,"Building Collapse, Lagos",2022-09-04,2022-09-04,6,2024,1,Lagos,South West,0,3,Safe,90,High,5,8,High Risk
IBD025040,"Security Operatives vs Bandits, Niger",2022-09-04,2022-09-05,15,2024,1,Niger,North Central,1,10,Avoid Route,24,Low,1,12,Extreme Danger
IBD025020,"Bandits Kill 2, FCT (Abuja)",2022-09-03,2022-09-03,3,2024,1,FCT,North Central,1,8,Avoid Route,32,Low,1,10,High Risk
IBD025014,"Gunmen vs NSCDC Officer, Ekiti",2022-09-03,2022-09-03,1,2024,1,Ekiti,South West,1,5,Caution,25,Low,1,7,Moderate Risk
IBD025006,"Auto Crash, Delta",2022-09-03,2022-09-03,1,2024,1,Delta,South South,0,0,Safe,96,High,5,5,Moderate Risk
IBD025072,"Army vs Boko Haram, Zamfara",2022-09-03,2022-09-03,3,2024,1,Zamfara,North West,0,3,Safe,47,Low,1,4,Moderate Risk
IBD025066,"Boy Drowns, Jigawa",2022-09-03,2022-09-03,1,2024,1,Jigawa,North West,0,0,Safe,18,Low,1,1,Low Risk
IBD025000,"Gunmen vs NSCDC Officer, Ekiti",2022-09-03,2022-09-03,1,2024,1,Ekiti,South West,1,5,Caution,28,Low,1,7,Moderate Risk
IBD025065,"Man Drowns, Jigawa",2022-09-03,2022-09-03,1,2024,1,Jigawa,North West,0,0,Safe,26,Low,1,1,Low Risk
IBD025008,"Army vs Bandits, Kaduna",2022-09-03,2022-09-03,3,2024,1,Kaduna,North West,1,8,Avoid Route,24,Low,1,10,High Risk
IBD025054,"Doctor vs Driver, Edo",2022-09-03,2022-09-03,1,2024,1,Edo,South South,0,0,Safe,51,Moderate,3,3,Low Risk
IBD025030,"Cult Clash, Benue",2022-09-03,2022-09-04,3,2024,1,Benue,North Central,0,3,Safe,35,Low,1,4,Moderate Risk
IBD025012,"Gunmen vs Driver, Rivers",2022-09-03,2022-09-03,1,2024,1,Rivers,South South,1,5,Caution,84,High,5,11,High Risk
IBD025108,"Boat Mishap, Bayelsa",2022-09-03,2022-09-03,1,2024,1,Bayelsa,South South,0,0,Safe,91,High,5,5,Moderate Risk
IBD025197,"Gunmen vs Driver, Rivers",2022-09-03,2022-09-03,1,2024,1,Rivers,South South,1,5,Caution,97,High,5,11,High Risk
IBD025022,"Terrorists Attack, Kaduna",2022-09-03,2022-09-03,1,2024,1,Kaduna,North West,2,5,Caution,49,Low,1,8,High Risk
IBD025018,"Teenager Drowns, Jigawa",2022-09-03,2022-09-03,1,2024,1,Jigawa,North West,0,0,Safe,30,Low,1,1,Low Risk
IBD025694,"Flooding, Kwara",2022-09-03,2022-09-03,1,2024,1,Kwara,North Central,0,0,Safe,48,Low,1,1,Low Risk
IBD025419,"Army vs Boko Haram, Borno",2022-09-02,2022-09-02,4,2024,1,Borno,North East,0,3,Safe,34,Low,1,4,Moderate Risk
IBD025025,"Auto Crash, Bauchi",2022-09-02,2022-09-02,1,2024,1,Bauchi,North East,0,0,Safe,11,Low,1,1,Low Risk
IBD025049,"Flooding, Bauchi",2022-09-02,2022-09-06,5,2024,1,Bauchi,North East,0,3,Safe,23,Low,1,4,Moderate Risk
IBD025032,"Rainstorm, Katsina",2022-09-02,2022-09-02,2,2024,1,Katsina,North West,0,0,Safe,24,Low,1,1,Low Risk
IBD025026,"Auto Crash, Bauchi",2022-09-02,2022-09-02,2,2024,1,Bauchi,North East,0,0,Safe,39,Low,1,1,Low Risk
IBD025031,"Rainstorm, Katsina",2022-09-02,2022-09-02,3,2024,1,Katsina,North West,0,3,Safe,37,Low,1,4,Moderate Risk
IBD025003,"Auto Crash, Ebonyi",2022-09-02,2022-09-02,1,2024,1,Ebonyi,South East,0,0,Safe,47,Low,1,1,Low Risk
IBD024995,"Pirate vs Passenger, Rivers (Offshore)",2022-09-02,2022-09-02,1,2024,1,Rivers,South South,0,0,Safe,83,High,5,5,Moderate Risk
IBD025050,"Flooding, Bauchi",2022-09-02,2022-09-06,3,2024,1,Bauchi,North East,0,3,Safe,15,Low,1,4,Moderate Risk
IBD024997,"Medical Negligence, Kwara",2022-09-02,2022-09-02,2,2024,1,Kwara,North Central,0,0,Safe,29,Low,1,1,Low Risk
IBD025199,"Medical Negligence, Kano",2022-09-02,2022-09-02,2,2024,1,Kano,North West,0,0,Safe,10,Low,1,1,Low Risk
IBD024999,"Cult Killing, Ogun",2022-09-02,2022-09-02,1,2024,1,Ogun,South West,0,0,Safe,74,Moderate,3,3,Low Risk
IBD025017,"Boat Mishap, Jigawa",2022-09-02,2022-09-02,5,2024,1,Jigawa,North West,0,3,Safe,20,Low,1,4,Moderate Risk
IBD025058,"Girls vs Friend, Gombe",2022-09-02,2022-09-02,1,2024,1,Gombe,North East,0,0,Safe,24,Low,1,1,Low Risk
IBD025016,"Boko Haram vs Worshippers, Borno",2022-09-02,2022-09-02,4,2024,1,Borno,North East,0,3,Safe,49,Low,1,4,Moderate Risk
IBD025051,"Flooding, Bauchi",2022-09-02,2022-09-06,3,2024,1,Bauchi,North East,0,3,Safe,21,Low,1,4,Moderate Risk
IBD025063,"Ritual Killing, Plateau",2022-09-01,2022-09-01,1,2024,1,Plateau,North Central,0,0,Safe,45,Low,1,1,Low Risk
IBD025001,"Medical Negligence, Delta",2022-09-01,2022-09-02,4,2024,1,Delta,South South,0,3,Safe,85,High,5,8,High Risk
IBD024993,"Flooding, Niger",2022-09-01,2022-09-01,1,2024,1,Niger,North Central,0,0,Safe,38,Low,1,1,Low Risk
IBD024991,"Herdsmen Attack, Benue",2022-09-01,2022-09-01,6,2024,1,Benue,North Central,2,8,Avoid Route,18,Low,1,11,High Risk
IBD024984,"Kidnappers vs Vigilante, Bauchi",2022-09-01,2022-09-01,4,2024,1,Bauchi,North East,1,8,Avoid Route,30,Low,1,10,High Risk
IBD024996,"Kidnap Victim, Ondo",2022-09-01,2022-09-01,1,2024,1,Ondo,South West,1,5,Caution,58,Moderate,3,9,High Risk
IBD025147,"Bandits vs Farmers, Kaduna",2022-09-01,2022-09-01,1,2024,1,Kaduna,North West,1,5,Caution,36,Low,1,7,Moderate Risk
IBD025413,"Army vs Boko Haram, Borno",2022-09-01,2022-09-04,40,2024,1,Borno,North East,0,5,Caution,24,Low,1,6,Moderate Risk
IBD024985,"Gunmen vs Soldiers, Enugu",2022-09-01,2022-09-01,1,2024,1,Enugu,South East,1,5,Caution,60,Moderate,3,9,High Risk
IBD024998,"Army vs Boko Haram, Borno",2022-09-01,2022-09-02,70,2024,1,Borno,North East,0,5,Caution,36,Low,1,6,Moderate Risk
IBD025023,"Terrorists vs Driver, Kaduna",2022-09-01,2022-09-01,1,2024,1,Kaduna,North West,1,5,Caution,30,Low,1,7,Moderate Risk
IBD025011,"Ritual Killing, Ondo",2022-09-01,2022-09-01,1,2024,1,Ondo,South West,0,0,Safe,79,Moderate,3,3,Low Risk
IBD024986,"Terrorists vs Soldiers, Katsina",2022-08-31,2022-08-31,2,2024,1,Katsina,North West,1,5,Caution,31,Low,1,7,Moderate Risk
IBD024979,"Auto Crash, Ekiti",2022-08-31,2022-08-31,7,2024,1,Ekiti,South West,0,3,Safe,42,Low,1,4,Moderate Risk
IBD024989,"Army vs Bandits, Kaduna",2022-08-31,2022-08-31,2,2024,1,Kaduna,North West,1,5,Caution,41,Low,1,7,Moderate Risk
IBD025155,"Security Operatives vs Kidnappers, Cross River",2022-08-31,2022-08-31,2,2024,1,Cross River,South South,1,5,Caution,97,High,5,11,High Risk
IBD025004,"Flooding, Plateau",2022-08-31,2022-08-31,2,2024,1,Plateau,North Central,0,0,Safe,34,Low,1,1,Low Risk
IBD024992,"Flooding, Plateau",2022-08-31,2022-08-31,3,2024,1,Plateau,North Central,0,3,Safe,15,Low,1,4,Moderate Risk
IBD024990,"Domestic Violence, Jigawa",2022-08-31,2022-08-31,2,2024,1,Jigawa,North West,0,0,Safe,29,Low,1,1,Low Risk
IBD027848,"Flooding, Kebbi",2022-08-31,2022-08-31,2,2024,1,Kebbi,North West,0,0,Safe,44,Low,1,1,Low Risk
IBD024974,"Tricycle Rider Drown, Kano",2022-08-30,2022-08-30,1,2024,1,Kano,North West,0,0,Safe,49,Low,1,1,Low Risk
IBD024973,"Building Collapse, Kano",2022-08-30,2022-08-30,2,2024,1,Kano,North West,0,0,Safe,22,Low,1,1,Low Risk
IBD024988,"Army vs Boko Haram, Borno",2022-08-30,2022-08-31,49,2024,1,Borno,North East,0,5,Caution,34,Low,1,6,Moderate Risk
IBD024965,"Auto Crash, Kogi",2022-08-30,2022-08-30,7,2024,1,Kogi,North Central,0,3,Safe,43,Low,1,4,Moderate Risk
IBD025007,"Army vs Boko Haram, Borno",2022-08-30,2022-09-03,200,2024,1,Borno,North East,0,5,Caution,37,Low,1,6,Moderate Risk
IBD024982,"Army vs Terrorists, Kaduna",2022-08-30,2022-08-30,16,2024,1,Kaduna,North West,1,10,Avoid Route,39,Low,1,12,Extreme Danger
IBD024977,"Flooding, Borno",2022-08-30,2022-08-30,15,2024,1,Borno,North East,0,5,Caution,36,Low,1,6,Moderate Risk
IBD024966,"Auto Crash, Kogi",2022-08-30,2022-08-30,1,2024,1,Kogi,North Central,0,0,Safe,12,Low,1,1,Low Risk
IBD024980,"Man vs Brother, Anambra",2022-08-30,2022-08-30,1,2024,1,Anambra,South East,0,0,Safe,72,Moderate,3,3,Low Risk
IBD024975,"Army vs IPOB/ESN, Imo",2022-08-30,2022-08-30,2,2024,1,Imo,South East,0,0,Safe,73,Moderate,3,3,Low Risk
IBD024983,"NAF vs Terrorists, Kaduna",2022-08-30,2022-08-30,14,2024,1,Kaduna,North West,1,10,Avoid Route,22,Low,1,12,Extreme Danger
IBD024976,"Communal Clash, Kogi",2022-08-30,2022-08-30,1,2024,1,Kogi,North Central,0,0,Safe,19,Low,1,1,Low Risk
IBD024970,"Army vs Terrorists, Kaduna",2022-08-29,2022-08-29,1,2024,1,Kaduna,North West,1,5,Caution,46,Low,1,7,Moderate Risk
IBD025069,"Police vs IPOB/ESN, Imo",2022-08-29,2022-08-29,5,2024,1,Imo,South East,0,3,Safe,70,Moderate,3,6,Moderate Risk
IBD025068,"Army vs IPOB/ESN, Anambra",2022-08-29,2022-08-29,2,2024,1,Anambra,South East,0,0,Safe,59,Moderate,3,3,Low Risk
IBD024972,"Food Poison, Sokoto",2022-08-29,2022-08-29,7,2024,1,Sokoto,North West,0,3,Safe,47,Low,1,4,Moderate Risk
IBD024994,"Flooding, Niger",2022-08-29,2022-09-01,6,2024,1,Niger,North Central,0,3,Safe,12,Low,1,4,Moderate Risk
IBD024963,"Bandits Kill Man, Plateau",2022-08-28,2022-08-28,1,2024,1,Plateau,North Central,1,5,Caution,22,Low,1,7,Moderate Risk
IBD025131,"Assailants vs Man, Osun",2022-08-28,2022-08-28,1,2024,1,Osun,South West,0,0,Safe,46,Low,1,1,Low Risk
IBD024971,"Police vs Kidnapper, Edo",2022-08-28,2022-08-28,1,2024,1,Edo,South South,1,5,Caution,52,Moderate,3,9,High Risk
IBD024962,"Mysterious Death, Kwara",2022-08-28,2022-08-28,2,2024,1,Kwara,North Central,0,0,Safe,15,Low,1,1,Low Risk
IBD024958,"Gunmen vs PDP member, Plateau",2022-08-28,2022-08-28,1,2024,1,Plateau,North Central,1,5,Caution,29,Low,1,7,Moderate Risk
IBD025024,"Syndicate vs Woman, Akwa Ibom",2022-08-28,2022-08-28,1,2024,1,Akwa Ibom,South South,0,0,Safe,97,High,5,5,Moderate Risk
IBD024949,"Auto Crash, Ondo",2022-08-28,2022-08-28,1,2024,1,Ondo,South West,0,0,Safe,56,Moderate,3,3,Low Risk
IBD024943,"Cult Killing, Lagos",2022-08-28,2022-08-28,1,2024,1,Lagos,South West,0,0,Safe,83,High,5,5,Moderate Risk
IBD024956,"Flooding, Borno",2022-08-28,2022-08-28,1,2024,1,Borno,North East,0,0,Safe,33,Low,1,1,Low Risk
IBD025107,"Robber Dies, Lagos",2022-08-28,2022-08-28,1,2024,1,Lagos,South West,0,0,Safe,97,High,5,5,Moderate Risk
IBD024948,"Auto Crash, Ogun",2022-08-28,2022-08-28,3,2024,1,Ogun,South West,0,3,Safe,75,Moderate,3,6,Moderate Risk
IBD024960,"Inmate Dies, FCT (Abuja)",2022-08-28,2022-08-28,1,2024,1,FCT,North Central,0,0,Safe,45,Low,1,1,Low Risk
IBD027875,"Police vs Kidnapper,",2022-08-28,2022-08-28,1,2024,1,Unknown,,1,5,Caution,41,Low,1,7,Moderate Risk
IBD024955,"Auto Crash, Kano",2022-08-28,2022-08-28,3,2024,1,Kano,North West,0,3,Safe,19,Low,1,4,Moderate Risk
IBD030599,"Cult Clash, Plateau",2022-08-28,2022-08-28,1,2024,1,Plateau,North Central,0,0,Safe,35,Low,1,1,Low Risk
IBD024969,"Canoe Capsizes, Jigawa",2022-08-27,2022-08-27,2,2024,1,Jigawa,North West,0,0,Safe,23,Low,1,1,Low Risk
IBD024937,"Banditry, Kaduna",2022-08-27,2022-08-27,5,2024,1,Kaduna,North West,1,8,Avoid Route,11,Low,1,10,High Risk
IBD024957,"Mob vs Women, Cross River",2022-08-27,2022-08-27,2,2024,1,Cross River,South South,0,0,Safe,83,High,5,5,Moderate Risk
IBD024944,"Assailant vs Corps Member, Adamawa",2022-08-27,2022-08-27,1,2024,1,Adamawa,North East,0,0,Safe,34,Low,1,1,Low Risk
IBD024961,"Mine Collapse, Kogi",2022-08-27,2022-08-27,2,2024,1,Kogi,North Central,0,0,Safe,19,Low,1,1,Low Risk
IBD024951,"Gunmen vs Woman, Plateau",2022-08-27,2022-08-27,1,2024,1,Plateau,North Central,1,5,Caution,28,Low,1,7,Moderate Risk
IBD024953,"Banditry, Katsina",2022-08-26,2022-08-26,1,2024,1,Katsina,North West,1,5,Caution,31,Low,1,7,Moderate Risk
IBD024950,"Generator Fumes, Enugu",2022-08-26,2022-08-26,7,2024,1,Enugu,South East,0,3,Safe,70,Moderate,3,6,Moderate Risk
IBD024968,"Gas Explosion, Ogun",2022-08-26,2022-08-26,1,2024,1,Ogun,South West,0,0,Safe,65,Moderate,3,3,Low Risk
IBD024947,"Ritual Killing, Benue",2022-08-26,2022-08-26,1,2024,1,Benue,North Central,0,0,Safe,46,Low,1,1,Low Risk
IBD024936,"Man vs Lover, Delta",2022-08-26,2022-08-26,1,2024,1,Delta,South South,0,0,Safe,87,High,5,5,Moderate Risk
IBD023867,"Domestic Violence, Kebbi",2022-08-25,2022-08-25,1,2024,1,Kebbi,North West,0,0,Safe,48,Low,1,1,Low Risk
IBD025078,"Police vs Armed Robbers, Benue",2022-08-25,2022-08-25,3,2024,1,Benue,North Central,0,3,Safe,44,Low,1,4,Moderate Risk
IBD024952,"Banditry, Katsina",2022-08-25,2022-08-27,2,2024,1,Katsina,North West,1,5,Caution,25,Low,1,7,Moderate Risk
IBD024925,"Leadership Crisis, Lagos",2022-08-25,2022-08-25,2,2024,1,Lagos,South West,0,0,Safe,88,High,5,5,Moderate Risk
IBD024941,"Cult Killings, Edo",2022-08-25,2022-08-25,2,2024,1,Edo,South South,0,0,Safe,58,Moderate,3,3,Low Risk
IBD024934,"Building Collapse, FCT (Abuja)",2022-08-25,2022-08-25,2,2024,1,FCT,North Central,0,0,Safe,34,Low,1,1,Low Risk
IBD024945,"Police vs Terrorists, Imo",2022-08-25,2022-08-25,5,2024,1,Imo,South East,1,8,Avoid Route,53,Moderate,3,12,Extreme Danger
PAR012626,"Troops vs Bandits, Kaduna",2022-08-24,2022-08-24,40,2024,1,Kaduna,North West,1,10,Avoid Route,36,Low,1,12,Extreme Danger
IBD024923,"Gunmen Kill Police Inspector, Lagos",2022-08-24,2022-08-24,1,2024,1,Lagos,South West,1,5,Caution,97,High,5,11,High Risk
IBD024920,"Mob vs Robbers, Delta",2022-08-24,2022-08-24,3,2024,1,Delta,South South,0,3,Safe,90,High,5,8,High Risk
IBD024946,"Gunmen Attack, Ebonyi",2022-08-24,2022-08-24,3,2024,1,Ebonyi,South East,2,8,Avoid Route,37,Low,1,11,High Risk
IBD024954,"One Killed, Edo",2022-08-24,2022-08-24,1,2024,1,Edo,South South,0,0,Safe,61,Moderate,3,3,Low Risk
IBD024930,"Inferno, kano",2022-08-24,2022-08-24,1,2024,1,Kano,North West,0,0,Safe,46,Low,1,1,Low Risk
IBD024899,"Soldiers vs Boko Haram, Borno",2022-08-24,2022-08-24,6,2024,1,Borno,North East,0,3,Safe,45,Low,1,4,Moderate Risk
IBD024928,"Terrorist vs Driver, Katsina",2022-08-24,2022-08-24,1,2024,1,Katsina,North West,1,5,Caution,34,Low,1,7,Moderate Risk
IBD024929,"Bandits vs Soldiers, Zamfara",2022-08-24,2022-08-24,23,2024,1,Zamfara,North West,1,10,Avoid Route,45,Low,1,12,Extreme Danger
IBD024935,"Bandits vs Soldier, Kaduna",2022-08-24,2022-08-24,1,2024,1,Kaduna,North West,1,5,Caution,17,Low,1,7,Moderate Risk
IBD024918,"Gunmen vs Police, Lagos",2022-08-24,2022-08-24,1,2024,1,Lagos,South West,1,5,Caution,95,High,5,11,High Risk
IBD024927,"Auto Crash, Abia",2022-08-24,2022-08-24,5,2024,1,Abia,South East,0,3,Safe,62,Moderate,3,6,Moderate Risk
IBD024924,"Scavenger, Nasarawa",2022-08-23,2022-08-23,1,2024,1,Nasarawa,North Central,0,0,Safe,26,Low,1,1,Low Risk
IBD024921,"Student vs Stepmother, Katsina",2022-08-23,2022-08-23,1,2024,1,Katsina,North West,0,0,Safe,19,Low,1,1,Low Risk
IBD024940,"Police vs Robbers, Delta",2022-08-23,2022-08-23,2,2024,1,Delta,South South,0,0,Safe,83,High,5,5,Moderate Risk
IBD024917,"Oro Worshipper vs Church, Lagos",2022-08-23,2022-08-23,1,2024,1,Lagos,South West,0,0,Safe,84,High,5,5,Moderate Risk
IBD024911,"Auto Crash, Ondo",2022-08-23,2022-08-23,6,2024,1,Ondo,South West,0,3,Safe,63,Moderate,3,6,Moderate Risk
IBD025005,"Flooding, Plateau",2022-08-23,2022-08-23,1,2024,1,Plateau,North Central,0,0,Safe,49,Low,1,1,Low Risk
IBD027827,"Auto Crash, Plateau",2022-08-23,2022-08-23,1,2024,1,Plateau,North Central,0,0,Safe,46,Low,1,1,Low Risk
IBD024910,"Communal Clash, Gombe",2022-08-22,2022-08-22,3,2024,1,Gombe,North East,0,3,Safe,35,Low,1,4,Moderate Risk
IBD024981,"Man vs Boy, Delta",2022-08-22,2022-08-22,1,2024,1,Delta,South South,0,0,Safe,97,High,5,5,Moderate Risk
IBD024912,"Police Kill Kidnapper, Edo",2022-08-22,2022-08-22,1,2024,1,Edo,South South,1,5,Caution,64,Moderate,3,9,High Risk
IBD024919,"Bandits Kill 1, FCT (Abuja)",2022-08-22,2022-08-22,1,2024,1,FCT,North Central,1,5,Caution,16,Low,1,7,Moderate Risk
IBD024942,"Flooding, Plateau",2022-08-22,2022-08-24,4,2024,1,Plateau,North Central,0,3,Safe,13,Low,1,4,Moderate Risk
IBD025779,"Prophet vs Boy, Ondo",2022-08-22,2022-08-27,1,2024,1,Ondo,South West,0,0,Safe,74,Moderate,3,3,Low Risk
IBD024914,"Auto Crash, Lagos",2022-08-22,2022-08-22,1,2024,1,Lagos,South West,0,0,Safe,86,High,5,5,Moderate Risk
IBD024901,"Gas Explosion, Abia",2022-08-21,2022-08-21,6,2024,1,Abia,South East,0,3,Safe,51,Moderate,3,6,Moderate Risk
IBD024908,"Gunmen Kill Urhobo Chief, Delta",2022-08-21,2022-08-21,1,2024,1,Delta,South South,1,5,Caution,91,High,5,11,High Risk
IBD024891,"Man Drowns, Lagos",2022-08-21,2022-08-21,1,2024,1,Lagos,South West,0,0,Safe,81,High,5,5,Moderate Risk
IBD024905,"Gunmen vs Hotelier, Kwara",2022-08-21,2022-08-21,1,2024,1,Kwara,North Central,1,5,Caution,16,Low,1,7,Moderate Risk
IBD024906,"Water Tanker, Lagos",2022-08-21,2022-08-21,2,2024,1,Lagos,South West,0,0,Safe,96,High,5,5,Moderate Risk
IBD024894,"Gunmen Kill Political Appointee, Lagos",2022-08-21,2022-08-21,1,2024,1,Lagos,South West,1,5,Caution,97,High,5,11,High Risk
IBD024895,"Auto Crash, Nasarawa",2022-08-21,2022-08-21,5,2024,1,Nasarawa,North Central,0,3,Safe,46,Low,1,4,Moderate Risk
IBD024904,"Bandits vs Villagers, Kaduna",2022-08-21,2022-08-21,2,2024,1,Kaduna,North West,1,5,Caution,41,Low,1,7,Moderate Risk
IBD024902,"Army Major, Anambra",2022-08-21,2022-08-21,1,2024,1,Anambra,South East,0,0,Safe,61,Moderate,3,3,Low Risk
IBD025848,"Army vs Bandits, Zamfara",2022-08-21,2022-08-21,12,2024,1,Zamfara,North West,1,10,Avoid Route,27,Low,1,12,Extreme Danger
IBD024897,"Auto Crash, Ogun",2022-08-21,2022-08-21,2,2024,1,Ogun,South West,0,0,Safe,69,Moderate,3,3,Low Risk
IBD025278,"Flooding, Adamawa",2022-08-21,2022-08-27,27,2024,1,Adamawa,North East,0,5,Caution,39,Low,1,6,Moderate Risk
IBD024907,"Drown, Lagos",2022-08-20,2022-08-20,1,2024,1,Lagos,South West,0,0,Safe,87,High,5,5,Moderate Risk
IBD024541,"Police Kill Kidnapper, Edo",2022-08-20,2022-08-20,1,2024,1,Edo,South South,1,5,Caution,68,Moderate,3,9,High Risk
IBD024893,"Motorcycle Thief, Osun",2022-08-20,2022-08-20,1,2024,1,Osun,South West,0,0,Safe,10,Low,1,1,Low Risk
IBD024885,"Assailants vs Town Union President, Enugu",2022-08-20,2022-08-20,1,2024,1,Enugu,South East,0,0,Safe,56,Moderate,3,3,Low Risk
IBD024903,"NAF vs ISWAP, Borno",2022-08-20,2022-08-20,40,2024,1,Borno,North East,0,5,Caution,44,Low,1,6,Moderate Risk
IBD024892,"Petrol Explosion, Lagos",2022-08-20,2022-08-20,3,2024,1,Lagos,South West,0,3,Safe,98,High,5,8,High Risk
IBD024883,"Leadership Tussle, Delta",2022-08-20,2022-08-20,1,2024,1,Delta,South South,0,0,Safe,84,High,5,5,Moderate Risk
IBD024959,"Man vs Woman, Oyo",2022-08-20,2022-08-20,1,2024,1,Oyo,South West,0,0,Safe,14,Low,1,1,Low Risk
IBD025226,"Flooding Kill 2, Benue",2022-08-20,2022-08-27,2,2024,1,Benue,North Central,0,0,Safe,18,Low,1,1,Low Risk
IBD025227,"Flooding Kill 3, Benue",2022-08-20,2022-08-27,3,2024,1,Benue,North Central,0,3,Safe,48,Low,1,4,Moderate Risk
IBD025228,"Flooding Kill 4, Benue",2022-08-20,2022-08-27,4,2024,1,Benue,North Central,0,3,Safe,10,Low,1,4,Moderate Risk
IBD025224,"Flooding Kill 14, Benue",2022-08-20,2022-08-27,14,2024,1,Benue,North Central,0,5,Caution,36,Low,1,6,Moderate Risk
IBD025446,"Son vs Father, Yobe",2022-08-20,2022-08-20,1,2024,1,Yobe,North East,0,0,Safe,17,Low,1,1,Low Risk
IBD024890,"Bandit vs Police, Kebbi",2022-08-20,2022-08-20,1,2024,1,Kebbi,North West,1,5,Caution,36,Low,1,7,Moderate Risk
IBD025298,"Assailants vs APC Chieftain, Osun",2022-08-20,2022-08-20,1,2024,1,Osun,South West,0,0,Safe,33,Low,1,1,Low Risk
IBD024888,"Kidnapper, Edo",2022-08-20,2022-08-20,1,2024,1,Edo,South South,1,5,Caution,71,Moderate,3,9,High Risk
IBD025757,"Food Poisoning, Benue",2022-08-20,2022-08-20,1,2024,1,Benue,North Central,0,0,Safe,29,Low,1,1,Low Risk
IBD024926,"Army vs ISWAP, Borno",2022-08-20,2022-08-20,32,2024,1,Borno,North East,0,5,Caution,15,Low,1,6,Moderate Risk
IBD027847,"Flooding, Zamfara",2022-08-20,2022-08-20,2,2024,1,Zamfara,North West,0,0,Safe,16,Low,1,1,Low Risk
IBD024878,"Flooding, Adamawa",2022-08-20,2022-08-20,10,2024,1,Adamawa,North East,0,5,Caution,44,Low,1,6,Moderate Risk
IBD024889,"Police vs Terrorist, Katsina",2022-08-20,2022-08-20,1,2024,1,Katsina,North West,1,5,Caution,43,Low,1,7,Moderate Risk
IBD024909,"Gunmen vs Businessman, Imo",2022-08-19,2022-08-19,1,2024,1,Imo,South East,1,5,Caution,62,Moderate,3,9,High Risk
IBD024880,"Gunmen vs Mechanic, Imo",2022-08-19,2022-08-19,2,2024,1,Imo,South East,1,5,Caution,53,Moderate,3,9,High Risk
IBD024877,"Church Stampede, Lagos",2022-08-19,2022-08-19,5,2024,1,Lagos,South West,0,3,Safe,98,High,5,8,High Risk
IBD024876,"Domestic Violence, Adamawa",2022-08-19,2022-08-19,2,2024,1,Adamawa,North East,0,0,Safe,30,Low,1,1,Low Risk
IBD024896,"Soldier vs Cleric, Yobe",2022-08-19,2022-08-19,1,2024,1,Yobe,North East,0,0,Safe,10,Low,1,1,Low Risk
IBD024886,"Auto Crash, Ogun",2022-08-18,2022-08-18,3,2024,1,Ogun,South West,0,3,Safe,57,Moderate,3,6,Moderate Risk
IBD024875,"Gunmen vs Lawyer, Zamfara",2022-08-18,2022-08-18,1,2024,1,Zamfara,North West,1,5,Caution,31,Low,1,7,Moderate Risk
IBD024872,"Auto Crash, Kogi",2022-08-18,2022-08-18,3,2024,1,Kogi,North Central,0,3,Safe,17,Low,1,4,Moderate Risk
IBD025260,"One Killed, Rivers",2022-08-18,2022-08-18,1,2024,1,Rivers,South South,0,0,Safe,86,High,5,5,Moderate Risk
IBD025864,"Robbers Kill 2, Delta",2022-08-18,2022-08-22,2,2024,1,Delta,South South,0,0,Safe,81,High,5,5,Moderate Risk
IBD024870,"Auto Crash, Plateau",2022-08-18,2022-08-18,11,2024,1,Plateau,North Central,0,5,Caution,39,Low,1,6,Moderate Risk
IBD024882,"Auto Crash, FCT (Abuja)",2022-08-17,2022-08-17,5,2024,1,FCT,North Central,0,3,Safe,40,Low,1,4,Moderate Risk
IBD024869,"Gunmen vs Soldiers Clash, Abia",2022-08-17,2022-08-17,3,2024,1,Abia,South East,1,8,Avoid Route,77,Moderate,3,12,Extreme Danger
IBD024879,"Man Found Dead in Office, Katsina",2022-08-17,2022-08-17,1,2024,1,Katsina,North West,0,0,Safe,26,Low,1,1,Low Risk
IBD024860,"Mob vs Kidnapper, Kaduna",2022-08-17,2022-08-17,1,2024,1,Kaduna,North West,1,5,Caution,30,Low,1,7,Moderate Risk
IBD024861,"Gunmen Attack, Ebonyi",2022-08-17,2022-08-17,2,2024,1,Ebonyi,South East,2,5,Caution,47,Low,1,8,High Risk
IBD024939,"Flooding, Gombe",2022-08-17,2022-08-17,4,2024,1,Gombe,North East,0,3,Safe,45,Low,1,4,Moderate Risk
IBD024884,"Mob vs Phone Thief, Bayelsa",2022-08-17,2022-08-17,1,2024,1,Bayelsa,South South,0,0,Safe,89,High,5,5,Moderate Risk
IBD024865,"Cult Clash, Kogi",2022-08-16,2022-08-16,3,2024,1,Kogi,North Central,0,3,Safe,24,Low,1,4,Moderate Risk
IBD024871,"FRSC vs Motorist, Abia",2022-08-16,2022-08-16,1,2024,1,Abia,South East,0,0,Safe,50,Moderate,3,3,Low Risk
IBD024863,"Security Operatives vs Kidnappers, Kogi",2022-08-16,2022-08-16,2,2024,1,Kogi,North Central,1,5,Caution,39,Low,1,7,Moderate Risk
IBD024854,"Students Drowns, Lagos",2022-08-16,2022-08-16,4,2024,1,Lagos,South West,0,3,Safe,99,High,5,8,High Risk
IBD024855,"Police vs Motorcyclists, Lagos",2022-08-16,2022-08-16,2,2024,1,Lagos,South West,0,0,Safe,86,High,5,5,Moderate Risk
IBD024867,"Police vs Motorcyclists, Lagos",2022-08-16,2022-08-16,1,2024,1,Lagos,South West,0,0,Safe,80,High,5,5,Moderate Risk
IBD024864,"Food Poisoning, Zamfara",2022-08-16,2022-08-16,7,2024,1,Zamfara,North West,0,3,Safe,11,Low,1,4,Moderate Risk
IBD024835,"Windstorm, Jigawa",2022-08-15,2022-08-15,33,2024,1,Jigawa,North West,0,5,Caution,36,Low,1,6,Moderate Risk
IBD024847,"Auto Crash, Ogun",2022-08-15,2022-08-15,1,2024,1,Ogun,South West,0,0,Safe,66,Moderate,3,3,Low Risk
IBD024845,"Auto Crash, Ogun",2022-08-15,2022-08-15,3,2024,1,Ogun,South West,0,3,Safe,77,Moderate,3,6,Moderate Risk
IBD024850,"Police vs Terrorist, Katsina",2022-08-15,2022-08-15,40,2024,1,Katsina,North West,1,10,Avoid Route,35,Low,1,12,Extreme Danger
IBD024842,"Auto Crash, Gombe",2022-08-15,2022-08-15,1,2024,1,Gombe,North East,0,0,Safe,39,Low,1,1,Low Risk
IBD024931,"Troops vs Terrorists, Kaduna",2022-08-15,2022-08-15,2,2024,1,Kaduna,North West,1,5,Caution,45,Low,1,7,Moderate Risk
IBD024853,"Auto Crash, Bauchi",2022-08-15,2022-08-15,9,2024,1,Bauchi,North East,0,3,Safe,33,Low,1,4,Moderate Risk
IBD024852,"Police vs Armed Robbers, Edo",2022-08-15,2022-08-15,1,2024,1,Edo,South South,0,0,Safe,68,Moderate,3,3,Low Risk
IBD024932,"Troops vs Terrorists, Kaduna",2022-08-15,2022-08-15,2,2024,1,Kaduna,North West,1,5,Caution,37,Low,1,7,Moderate Risk
IBD024858,"Electrocution, Osun",2022-08-15,2022-08-15,1,2024,1,Osun,South West,0,0,Safe,46,Low,1,1,Low Risk
IBD024933,"Troops vs Terrorist, Plateau",2022-08-15,2022-08-15,3,2024,1,Plateau,North Central,1,8,Avoid Route,31,Low,1,10,High Risk
IBD024835,"Windstorm, Jigawa",2022-08-15,2022-08-15,33,2024,1,Jigawa,North West,0,5,Caution,47,Low,1,6,Moderate Risk
IBD025933,"Medical Negligence, Ogun",2022-08-15,2022-08-15,1,2024,1,Ogun,South West,0,0,Safe,51,Moderate,3,3,Low Risk
IBD024833,"Auto Crash, Ogun",2022-08-14,2022-08-14,3,2024,1,Ogun,South West,0,3,Safe,54,Moderate,3,6,Moderate Risk
IBD024841,"Hoodlums Attack, Kogi",2022-08-14,2022-08-14,1,2024,1,Kogi,North Central,1,5,Caution,42,Low,1,7,Moderate Risk
IBD024849,"Mysterious Death, Lagos",2022-08-14,2022-08-14,1,2024,1,Lagos,South West,0,0,Safe,99,High,5,5,Moderate Risk
IBD024848,"Land Tussle, Edo",2022-08-14,2022-08-14,5,2024,1,Edo,South South,0,3,Safe,72,Moderate,3,6,Moderate Risk
IBD024843,"Man vs Woman, Nasarawa",2022-08-14,2022-08-14,1,2024,1,Nasarawa,North Central,0,0,Safe,42,Low,1,1,Low Risk
IBD024838,"Sex Romp, Lagos",2022-08-14,2022-08-14,1,2024,1,Lagos,South West,0,0,Safe,80,High,5,5,Moderate Risk
IBD024844,"Police vs Kidnappers, Edo",2022-08-14,2022-08-14,5,2024,1,Edo,South South,1,8,Avoid Route,50,Moderate,3,12,Extreme Danger
IBD024916,"Police vs Kidnappers, Bauchi",2022-08-14,2022-08-14,2,2024,1,Bauchi,North East,1,5,Caution,26,Low,1,7,Moderate Risk
IBD024840,"Auto Crash, Akwa Ibom",2022-08-14,2022-08-14,2,2024,1,Akwa Ibom,South South,0,0,Safe,86,High,5,5,Moderate Risk
IBD024846,"Auto Crash, Anambra",2022-08-14,2022-08-14,2,2024,1,Anambra,South East,0,0,Safe,71,Moderate,3,3,Low Risk
IBD024839,"Army vs ISWAP, Borno",2022-08-14,2022-08-14,4,2024,1,Borno,North East,0,3,Safe,34,Low,1,4,Moderate Risk
IBD026019,"Police vs Graduate, Edo",2022-08-13,2022-08-13,1,2024,1,Edo,South South,0,0,Safe,66,Moderate,3,3,Low Risk
IBD024811,"Inferno, Rivers",2022-08-13,2022-08-14,6,2024,1,Rivers,South South,0,3,Safe,100,High,5,8,High Risk
IBD024832,"Gunmen vs Teacher, Nasarawa",2022-08-13,2022-08-13,1,2024,1,Nasarawa,North Central,1,5,Caution,40,Low,1,7,Moderate Risk
IBD024866,"Gunmen vs Driver, Kogi",2022-08-13,2022-08-13,1,2024,1,Kogi,North Central,1,5,Caution,21,Low,1,7,Moderate Risk
IBD024831,"Army vs Terrorists, Niger",2022-08-13,2022-08-13,40,2024,1,Niger,North Central,1,10,Avoid Route,45,Low,1,12,Extreme Danger
IBD024827,"Banditry, Taraba",2022-08-13,2022-08-13,14,2024,1,Taraba,North East,1,10,Avoid Route,23,Low,1,12,Extreme Danger
PAR012625,"Gunmen Attack, Port Harcourt",2022-08-12,2022-08-12,1,2024,1,Unknown,,2,5,Caution,28,Low,1,8,High Risk
IBD024825,"Army vs Terrorists, Kaduna",2022-08-12,2022-08-12,40,2024,1,Kaduna,North West,1,10,Avoid Route,31,Low,1,12,Extreme Danger
IBD024822,"Fulani Group vs OPC, Kwara",2022-08-12,2022-08-12,6,2024,1,Kwara,North Central,0,3,Safe,32,Low,1,4,Moderate Risk
IBD024830,"POS Operator vs Armed Robbers, Oyo",2022-08-12,2022-08-12,1,2024,1,Oyo,South West,0,0,Safe,42,Low,1,1,Low Risk
IBD024828,"Building Collapse, Kano",2022-08-12,2022-08-12,3,2024,1,Kano,North West,0,3,Safe,17,Low,1,4,Moderate Risk
PAR012624,"Man vs Teenager, Bauchi",2022-08-12,2022-08-12,1,2024,1,Bauchi,North East,0,0,Safe,23,Low,1,1,Low Risk
IBD024856,"Gunmen vs Motorcyclist, Imo",2022-08-11,2022-08-11,1,2024,1,Imo,South East,1,5,Caution,77,Moderate,3,9,High Risk
IBD024823,"Bandits vs Vigilantes, FCT (Abuja)",2022-08-11,2022-08-11,2,2024,1,FCT,North Central,1,5,Caution,29,Low,1,7,Moderate Risk
IBD024857,"Police vs IPOB/ESN, Enugu",2022-08-11,2022-08-12,1,2024,1,Enugu,South East,0,0,Safe,63,Moderate,3,3,Low Risk
IBD025074,"Man Killed 1, Ekiti",2022-08-11,2022-08-11,1,2024,1,Ekiti,South West,0,0,Safe,24,Low,1,1,Low Risk
IBD024807,"Police vs Ex-convicts, Lagos",2022-08-11,2022-08-11,2,2024,1,Lagos,South West,0,0,Safe,94,High,5,5,Moderate Risk
IBD024824,"Vigilantes vs Teenager, Niger",2022-08-11,2022-08-11,1,2024,1,Niger,North Central,0,0,Safe,42,Low,1,1,Low Risk
IBD024817,"Police vs Colleagues, Imo",2022-08-10,2022-08-10,1,2024,1,Imo,South East,0,0,Safe,50,Moderate,3,3,Low Risk
IBD024814,"Auto Crash, Ogun",2022-08-10,2022-08-10,1,2024,1,Ogun,South West,0,0,Safe,51,Moderate,3,3,Low Risk
IBD024809,"Herdsmen Attack, Benue",2022-08-10,2022-08-10,6,2024,1,Benue,North Central,2,8,Avoid Route,29,Low,1,11,High Risk
IBD024837,"Gunmen vs Policemen, Delta",2022-08-10,2022-08-10,1,2024,1,Delta,South South,1,5,Caution,90,High,5,11,High Risk
IBD024802,"Lesbian vs Man, Anambra",2022-08-10,2022-08-10,1,2024,1,Anambra,South East,0,0,Safe,63,Moderate,3,3,Low Risk
IBD024820,"Assailants vs Sex Worker, Delta",2022-08-10,2022-08-10,1,2024,1,Delta,South South,0,0,Safe,95,High,5,5,Moderate Risk
IBD024800,"Kidnappers Kill Man, Plateau",2022-08-10,2022-08-10,2,2024,1,Plateau,North Central,1,5,Caution,43,Low,1,7,Moderate Risk
IBD024810,"Ritual Killing, Bayelsa",2022-08-10,2022-08-10,1,2024,1,Bayelsa,South South,0,0,Safe,80,High,5,5,Moderate Risk
IBD024812,"Gunmen vs Motorcyclist, Ekiti",2022-08-10,2022-08-10,1,2024,1,Ekiti,South West,1,5,Caution,20,Low,1,7,Moderate Risk
IBD024795,"2 Found Dead, Niger",2022-08-09,2022-08-09,2,2024,1,Niger,North Central,0,0,Safe,17,Low,1,1,Low Risk
IBD024798,"Man vs Lottery Operator, Lagos",2022-08-09,2022-08-09,1,2024,1,Lagos,South West,0,0,Safe,90,High,5,5,Moderate Risk
IBD024775,"Drillers Drown, Kano",2022-08-09,2022-08-09,2,2024,1,Kano,North West,0,0,Safe,17,Low,1,1,Low Risk
IBD024829,"Assailants vs Girl, Ogun",2022-08-09,2022-08-09,1,2024,1,Ogun,South West,0,0,Safe,67,Moderate,3,3,Low Risk
IBD024813,"Banditry, Sokoto",2022-08-09,2022-08-09,11,2024,1,Sokoto,North West,1,10,Avoid Route,27,Low,1,12,Extreme Danger
IBD024806,"Robbers vs Woman, Nasarawa",2022-08-09,2022-08-09,1,2024,1,Nasarawa,North Central,0,0,Safe,12,Low,1,1,Low Risk
IBD024803,"Banditry, Kaduna",2022-08-09,2022-08-09,18,2024,1,Kaduna,North West,1,10,Avoid Route,43,Low,1,12,Extreme Danger
IBD024816,"Auto Crash, Edo",2022-08-09,2022-08-09,1,2024,1,Edo,South South,0,0,Safe,55,Moderate,3,3,Low Risk
IBD024804,"Bandits vs Immigration Officials, Jigawa",2022-08-09,2022-08-09,1,2024,1,Jigawa,North West,1,5,Caution,23,Low,1,7,Moderate Risk
IBD024815,"Man vs Wife, Niger",2022-08-09,2022-08-09,2,2024,1,Niger,North Central,0,0,Safe,30,Low,1,1,Low Risk
IBD024787,"Fire Disaster, Delta",2022-08-08,2022-08-08,1,2024,1,Delta,South South,0,0,Safe,88,High,5,5,Moderate Risk
IBD024794,"Cult Killing, Kwara",2022-08-08,2022-08-08,3,2024,1,Kwara,North Central,0,3,Safe,30,Low,1,4,Moderate Risk
IBD024799,"Road Accident, Delta",2022-08-08,2022-08-08,4,2024,1,Delta,South South,0,3,Safe,93,High,5,8,High Risk
IBD024834,"Windstorm, Jigawa",2022-08-08,2022-08-08,17,2024,1,Jigawa,North West,0,5,Caution,12,Low,1,6,Moderate Risk
IBD024524,"ISWAP vs Policemen, Borno",2022-08-08,2022-08-08,1,2024,1,Borno,North East,0,0,Safe,16,Low,1,1,Low Risk
IBD024783,"Auto Crash, Ogun",2022-08-08,2022-08-08,7,2024,1,Ogun,South West,0,3,Safe,77,Moderate,3,6,Moderate Risk
IBD024782,"Kidnappers Kill 3, Taraba",2022-08-08,2022-08-08,3,2024,1,Taraba,North East,1,8,Avoid Route,28,Low,1,10,High Risk
IBD025057,"Yahoo Boys vs Colleague, Osun",2022-08-08,2022-08-08,1,2024,1,Osun,South West,0,0,Safe,47,Low,1,1,Low Risk
IBD024785,"Operatives vs Shi'ites, Kaduna",2022-08-08,2022-08-08,6,2024,1,Kaduna,North West,0,3,Safe,24,Low,1,4,Moderate Risk
IBD026954,"Man vs Neighbour, Lagos",2022-08-07,2022-08-07,1,2024,1,Lagos,South West,0,0,Safe,91,High,5,5,Moderate Risk
IBD024789,"Kidnappers Kill 1, Niger",2022-08-07,2022-08-07,1,2024,1,Niger,North Central,1,5,Caution,17,Low,1,7,Moderate Risk
IBD024773,"Banditry, Katsina",2022-08-07,2022-08-07,2,2024,1,Katsina,North West,1,5,Caution,34,Low,1,7,Moderate Risk
IBD024796,"Ritual Killing, Kogi",2022-08-07,2022-08-07,1,2024,1,Kogi,North Central,0,0,Safe,22,Low,1,1,Low Risk
IBD024790,"NAF vs Boko Haram, Borno",2022-08-07,2022-08-07,40,2024,1,Borno,North East,0,5,Caution,13,Low,1,6,Moderate Risk
IBD024779,"Army vs Man, Enugu",2022-08-07,2022-08-07,1,2024,1,Enugu,South East,0,0,Safe,73,Moderate,3,3,Low Risk
IBD024781,"Kidnappers Kill Officer, Ogun",2022-08-07,2022-08-07,1,2024,1,Ogun,South West,1,5,Caution,56,Moderate,3,9,High Risk
IBD024819,"Man vs Woman, Anambra",2022-08-07,2022-08-07,1,2024,1,Anambra,South East,0,0,Safe,63,Moderate,3,3,Low Risk
IBD024776,"Auto Crash, Lagos",2022-08-06,2022-08-06,1,2024,1,Lagos,South West,0,0,Safe,89,High,5,5,Moderate Risk
IBD024769,"Banditry, Katsina",2022-08-06,2022-08-06,13,2024,1,Katsina,North West,1,10,Avoid Route,46,Low,1,12,Extreme Danger
IBD024821,"Man vs Grandmother, Ondo",2022-08-06,2022-08-06,1,2024,1,Ondo,South West,0,0,Safe,59,Moderate,3,3,Low Risk
IBD024780,"Banditry, FCT (Abuja)",2022-08-06,2022-08-06,1,2024,1,FCT,North Central,1,5,Caution,34,Low,1,7,Moderate Risk
IBD024774,"Hit-And-Run Driver, Ogun",2022-08-06,2022-08-06,1,2024,1,Ogun,South West,0,0,Safe,53,Moderate,3,3,Low Risk
IBD024792,"Political Violence, Osun",2022-08-06,2022-08-06,2,2024,1,Osun,South West,0,0,Safe,11,Low,1,1,Low Risk
IBD024791,"Auto Crash, Bauchi",2022-08-06,2022-08-06,3,2024,1,Bauchi,North East,0,3,Safe,48,Low,1,4,Moderate Risk
IBD025393,"Cultists Kill Woman, Edo",2022-08-06,2022-08-06,1,2024,1,Edo,South South,0,0,Safe,57,Moderate,3,3,Low Risk
IBD024768,"Gunmen Attack Police Station, Imo",2022-08-05,2022-08-05,4,2024,1,Imo,South East,2,8,Avoid Route,75,Moderate,3,13,Extreme Danger
IBD024777,"Auto Crash, Lagos",2022-08-05,2022-08-05,1,2024,1,Lagos,South West,0,0,Safe,86,High,5,5,Moderate Risk
IBD024766,"Police vs Armed Robbers, Delta",2022-08-05,2022-08-05,1,2024,1,Delta,South South,0,0,Safe,98,High,5,5,Moderate Risk
IBD024786,"Building Collapse, Kano",2022-08-05,2022-08-05,1,2024,1,Kano,North West,0,0,Safe,14,Low,1,1,Low Risk
IBD024767,"Cult Killing, Osun",2022-08-05,2022-08-05,1,2024,1,Osun,South West,0,0,Safe,22,Low,1,1,Low Risk
IBD025062,"Boy vs Father, Kwara",2022-08-05,2022-08-05,1,2024,1,Kwara,North Central,0,0,Safe,21,Low,1,1,Low Risk
IBD024793,"Bandits vs Farmer, Taraba",2022-08-05,2022-08-06,3,2024,1,Taraba,North East,1,8,Avoid Route,48,Low,1,10,High Risk
IBD024771,"Bandits Kill Expatriates, Kogi",2022-08-05,2022-08-05,5,2024,1,Kogi,North Central,1,8,Avoid Route,47,Low,1,10,High Risk
IBD024764,"Auto Crash, Ogun",2022-08-05,2022-08-05,4,2024,1,Ogun,South West,0,3,Safe,62,Moderate,3,6,Moderate Risk
IBD024836,"Kidnappers vs Man, Ondo",2022-08-04,2022-08-04,1,2024,1,Ondo,South West,1,5,Caution,63,Moderate,3,9,High Risk
IBD024778,"Police vs Armed Robbers, Lagos",2022-08-04,2022-08-04,2,2024,1,Lagos,South West,0,0,Safe,96,High,5,5,Moderate Risk
IBD024762,"Army vs Police, Lagos",2022-08-04,2022-08-04,1,2024,1,Lagos,South West,0,0,Safe,87,High,5,5,Moderate Risk
IBD024757,"Police vs Gunmen, Imo",2022-08-04,2022-08-04,2,2024,1,Imo,South East,1,5,Caution,73,Moderate,3,9,High Risk
IBD024874,"Herders Kill Man, Oyo",2022-08-04,2022-08-04,1,2024,1,Oyo,South West,0,0,Safe,34,Low,1,1,Low Risk
IBD024826,"Ritual Killing, Kogi",2022-08-04,2022-08-04,1,2024,1,Kogi,North Central,0,0,Safe,18,Low,1,1,Low Risk
IBD024759,"Boko Haram vs Farmers, Borno",2022-08-03,2022-08-03,3,2024,1,Borno,North East,0,3,Safe,25,Low,1,4,Moderate Risk
IBD024761,"Boko Haram vs Army, Borno",2022-08-03,2022-08-03,34,2024,1,Borno,North East,0,5,Caution,24,Low,1,6,Moderate Risk
IBD024742,"Flooding, Jigawa",2022-08-03,2022-08-03,2,2024,1,Jigawa,North West,0,0,Safe,14,Low,1,1,Low Risk
IBD024770,"Banditry, Katsina",2022-08-03,2022-08-03,4,2024,1,Katsina,North West,1,8,Avoid Route,25,Low,1,10,High Risk
IBD024755,"Gunmen vs Police Officer, Delta",2022-08-03,2022-08-03,1,2024,1,Delta,South South,1,5,Caution,89,High,5,11,High Risk
IBD024784,"Flood Disaster, Kano",2022-08-03,2022-08-04,3,2024,1,Kano,North West,0,3,Safe,41,Low,1,4,Moderate Risk
IBD024818,"Assailants vs Monarch, Cross River",2022-08-03,2022-08-03,1,2024,1,Cross River,South South,0,0,Safe,81,High,5,5,Moderate Risk
IBD024754,"Son vs Father, Niger",2022-08-03,2022-08-03,1,2024,1,Niger,North Central,0,0,Safe,20,Low,1,1,Low Risk
IBD024741,"Flooding, Jigawa",2022-08-03,2022-08-03,5,2024,1,Jigawa,North West,0,3,Safe,35,Low,1,4,Moderate Risk
IBD024748,"Banditry, Katsina",2022-08-03,2022-08-03,3,2024,1,Katsina,North West,1,8,Avoid Route,45,Low,1,10,High Risk
IBD024740,"Kidnappers vs Victims, Oyo",2022-08-03,2022-08-03,3,2024,1,Oyo,South West,1,8,Avoid Route,48,Low,1,10,High Risk
IBD024750,"Man vs Cousin, Nasarawa",2022-08-02,2022-08-02,1,2024,1,Nasarawa,North Central,0,0,Safe,11,Low,1,1,Low Risk
IBD024868,"Medical Negligence, FCT (Abuja)",2022-08-02,2022-08-02,1,2024,1,FCT,North Central,0,0,Safe,29,Low,1,1,Low Risk
IBD024747,"Terrorists Kill 3, Katsina",2022-08-02,2022-08-02,3,2024,1,Katsina,North West,1,8,Avoid Route,15,Low,1,10,High Risk
IBD024744,"Auto Crash, Bauchi",2022-08-02,2022-08-02,1,2024,1,Bauchi,North East,0,0,Safe,32,Low,1,1,Low Risk
IBD024730,"Auto Crash, Cross River",2022-08-02,2022-08-02,5,2024,1,Cross River,South South,0,3,Safe,91,High,5,8,High Risk
IBD024745,"Police vs Robbers, Delta",2022-08-02,2022-08-02,1,2024,1,Delta,South South,0,0,Safe,82,High,5,5,Moderate Risk
IBD024753,"Banditry, Plateau",2022-08-02,2022-08-02,5,2024,1,Plateau,North Central,1,8,Avoid Route,30,Low,1,10,High Risk
IBD024746,"Auto Crash, Lagos",2022-08-02,2022-08-02,1,2024,1,Lagos,South West,0,0,Safe,80,High,5,5,Moderate Risk
IBD024765,"Armed Robbers vs Security Guard, Delta",2022-08-02,2022-08-02,1,2024,1,Delta,South South,0,0,Safe,83,High,5,5,Moderate Risk
IBD024736,"Auto Crash, Lagos",2022-08-02,2022-08-02,1,2024,1,Lagos,South West,0,0,Safe,89,High,5,5,Moderate Risk
IBD024763,"Man vs Master's Son, Niger",2022-08-02,2022-08-02,1,2024,1,Niger,North Central,0,0,Safe,31,Low,1,1,Low Risk
IBD024729,"Auto Crash, Lagos",2022-08-02,2022-08-02,16,2024,1,Lagos,South West,0,5,Caution,90,High,5,10,High Risk
IBD024743,"Gunmen vs AIG, Kaduna",2022-08-02,2022-08-02,1,2024,1,Kaduna,North West,1,5,Caution,10,Low,1,7,Moderate Risk
IBD024749,"NAN Correspondent's Father, Kaduna",2022-08-02,2022-08-02,1,2024,1,Kaduna,North West,0,0,Safe,39,Low,1,1,Low Risk
IBD025395,"Cult Killing, Edo",2022-08-02,2022-08-02,3,2024,1,Edo,South South,0,3,Safe,60,Moderate,3,6,Moderate Risk
IBD027613,"Market Demolition, Enugu",2022-08-01,2022-08-01,6,2024,1,Enugu,South East,0,3,Safe,67,Moderate,3,6,Moderate Risk
IBD024788,"Kidnappers vs Graduate, Adamawa",2022-08-01,2022-08-01,1,2024,1,Adamawa,North East,1,5,Caution,46,Low,1,7,Moderate Risk
IBD024735,"Ritual Killing, Osun",2022-08-01,2022-08-01,1,2024,1,Osun,South West,0,0,Safe,26,Low,1,1,Low Risk
IBD024728,"Gunmen vs Guards, Imo",2022-08-01,2022-08-01,7,2024,1,Imo,South East,1,8,Avoid Route,64,Moderate,3,12,Extreme Danger
IBD024716,"Police vs Terrorists, Delta",2022-08-01,2022-08-01,1,2024,1,Delta,South South,1,5,Caution,97,High,5,11,High Risk
IBD024751,"IPOB/ESN vs Nigeriens, Imo",2022-08-01,2022-08-01,7,2024,1,Imo,South East,0,3,Safe,51,Moderate,3,6,Moderate Risk
IBD024719,"Auto Crash, Kogi",2022-08-01,2022-08-01,2,2024,1,Kogi,North Central,0,0,Safe,25,Low,1,1,Low Risk
IBD024715,"Auto Crash, Delta",2022-08-01,2022-08-01,4,2024,1,Delta,South South,0,3,Safe,88,High,5,8,High Risk
IBD024724,"Auto Crash, FCT (Abuja)",2022-08-01,2022-08-01,3,2024,1,FCT,North Central,0,3,Safe,15,Low,1,4,Moderate Risk
IBD025146,"Police vs Kidnappers, Cross River",2022-08-01,2022-08-01,2,2024,1,Cross River,South South,1,5,Caution,97,High,5,11,High Risk
IBD024705,"Herdsmen Attack, Benue",2022-07-31,2022-07-31,1,2024,1,Benue,North Central,2,5,Caution,40,Low,1,8,High Risk
IBD024734,"Domestic Violence, Ondo",2022-07-31,2022-07-31,1,2024,1,Ondo,South West,0,0,Safe,65,Moderate,3,3,Low Risk
IBD024711,"Boko Haram Attack, Taraba",2022-07-31,2022-07-31,3,2024,1,Taraba,North East,1,8,Avoid Route,10,Low,1,10,High Risk
IBD024732,"Inferno, Delta",2022-07-31,2022-07-31,1,2024,1,Delta,South South,0,0,Safe,80,High,5,5,Moderate Risk
IBD024717,"Police vs Robbers, Delta",2022-07-31,2022-07-31,5,2024,1,Delta,South South,0,3,Safe,97,High,5,8,High Risk
IBD024737,"Banditry, Katsina",2022-07-31,2022-07-31,2,2024,1,Katsina,North West,1,5,Caution,39,Low,1,7,Moderate Risk
IBD024725,"Boat Mishap, Delta",2022-07-31,2022-07-31,4,2024,1,Delta,South South,0,3,Safe,90,High,5,8,High Risk
IBD024731,"Mob vs Man, Lagos",2022-07-31,2022-07-31,1,2024,1,Lagos,South West,0,0,Safe,84,High,5,5,Moderate Risk
IBD024714,"Banditry, Kaduna",2022-07-31,2022-07-31,2,2024,1,Kaduna,North West,1,5,Caution,30,Low,1,7,Moderate Risk
IBD024721,"Kidnappers vs Man, Anambra",2022-07-31,2022-07-31,1,2024,1,Anambra,South East,1,5,Caution,58,Moderate,3,9,High Risk
IBD024718,"Auto Crash, Anambra",2022-07-31,2022-07-31,1,2024,1,Anambra,South East,0,0,Safe,55,Moderate,3,3,Low Risk
IBD024738,"Baby, Niger",2022-07-31,2022-07-31,1,2024,1,Niger,North Central,0,0,Safe,26,Low,1,1,Low Risk
IBD024739,"Vigilantes vs Qur'anic Teacher, Kano",2022-07-31,2022-07-31,1,2024,1,Kano,North West,0,0,Safe,49,Low,1,1,Low Risk
IBD024720,"Kidnappers vs Boy, Niger",2022-07-31,2022-07-31,1,2024,1,Niger,North Central,1,5,Caution,26,Low,1,7,Moderate Risk
IBD024712,"Bandits Attack, Plateau",2022-07-31,2022-07-31,7,2024,1,Plateau,North Central,2,8,Avoid Route,18,Low,1,11,High Risk
IBD024710,"Bunkers vs Policeman, Bayelsa",2022-07-30,2022-07-30,1,2024,1,Bayelsa,South South,0,0,Safe,87,High,5,5,Moderate Risk
IBD024756,"Woman Killed, Edo",2022-07-30,2022-07-30,1,2024,1,Edo,South South,0,0,Safe,56,Moderate,3,3,Low Risk
IBD024699,"Gunmen vs Police/Vigilante, Kogi",2022-07-30,2022-07-30,8,2024,1,Kogi,North Central,1,8,Avoid Route,11,Low,1,10,High Risk
IBD024726,"Flooding, Yobe",2022-07-30,2022-07-31,3,2024,1,Yobe,North East,0,3,Safe,39,Low,1,4,Moderate Risk
IBD024704,"Flood Disaster, Gombe",2022-07-30,2022-07-30,1,2024,1,Gombe,North East,0,0,Safe,37,Low,1,1,Low Risk
IBD024709,"Police vs Criminal, Adamawa",2022-07-30,2022-07-30,3,2024,1,Adamawa,North East,0,3,Safe,43,Low,1,4,Moderate Risk
IBD024859,"IPOB/ESN vs Police, Enugu",2022-07-30,2022-07-30,1,2024,1,Enugu,South East,0,0,Safe,60,Moderate,3,3,Low Risk
IBD025270,"Extra Judicial Killing, Anambra",2022-07-30,2022-07-30,5,2024,1,Anambra,South East,0,3,Safe,78,Moderate,3,6,Moderate Risk
IBD024697,"Auto Crash, Lagos",2022-07-29,2022-07-29,1,2024,1,Lagos,South West,0,0,Safe,89,High,5,5,Moderate Risk
PAR012622,"Assailants vs Man, Imo",2022-07-29,2022-07-29,1,2024,1,Imo,South East,0,0,Safe,54,Moderate,3,3,Low Risk
IBD027643,"Gunmen vs Woman, Imo",2022-07-29,2022-07-29,1,2024,1,Imo,South East,1,5,Caution,66,Moderate,3,9,High Risk
IBD024693,"Lady vs Boyfriend, Bayelsa",2022-07-29,2022-07-29,1,2024,1,Bayelsa,South South,0,0,Safe,82,High,5,5,Moderate Risk
IBD024708,"Bandits vs Man, Bauchi",2022-07-29,2022-07-29,1,2024,1,Bauchi,North East,1,5,Caution,46,Low,1,7,Moderate Risk
IBD024700,"Electrocution, Lagos",2022-07-29,2022-07-29,1,2024,1,Lagos,South West,0,0,Safe,90,High,5,5,Moderate Risk
IBD024702,"Bandits vs Vigilante, Plateau",2022-07-29,2022-07-29,18,2024,1,Plateau,North Central,1,10,Avoid Route,17,Low,1,12,Extreme Danger
IBD024701,"Kidnappers Kill 1, Bauchi",2022-07-29,2022-07-29,1,2024,1,Bauchi,North East,1,5,Caution,18,Low,1,7,Moderate Risk
IBD025033,"Airport Security vs Girl, Ebonyi",2022-07-29,2022-07-29,1,2024,1,Ebonyi,South East,0,0,Safe,31,Low,1,1,Low Risk
IBD024760,"Cult Killing, Lagos",2022-07-29,2022-08-02,3,2024,1,Lagos,South West,0,3,Safe,89,High,5,8,High Risk
IBD024713,"Food Poison, Kogi",2022-07-29,2022-07-31,5,2024,1,Kogi,North Central,0,3,Safe,40,Low,1,4,Moderate Risk
IBD024695,"Auto Crash, Lagos",2022-07-29,2022-07-29,3,2024,1,Lagos,South West,0,3,Safe,100,High,5,8,High Risk
IBD024706,"Transport Union Crisis, Lagos",2022-07-29,2022-07-29,1,2024,1,Lagos,South West,0,0,Safe,99,High,5,5,Moderate Risk
IBD024692,"Solider vs Terrorists, FCT, (Abuja)",2022-07-28,2022-07-28,2,2024,1,FCT,North Central,1,5,Caution,37,Low,1,7,Moderate Risk
IBD026429,"Auto Crash, FCT (Abuja)",2022-07-27,2022-07-27,1,2024,1,FCT,North Central,0,0,Safe,35,Low,1,1,Low Risk
IBD024686,"Army vs Bandits, FCT (Abuja)",2022-07-27,2022-07-27,30,2024,1,FCT,North Central,1,10,Avoid Route,46,Low,1,12,Extreme Danger
IBD024707,"Bus Driver vs Despatch Rider, Lagos",2022-07-27,2022-07-27,1,2024,1,Lagos,South West,0,0,Safe,88,High,5,5,Moderate Risk
IBD024758,"Policemen vs Gunmen, Cross River",2022-07-27,2022-07-27,1,2024,1,Cross River,South South,1,5,Caution,97,High,5,11,High Risk
IBD024694,"Banditry, Sokoto",2022-07-27,2022-07-27,23,2024,1,Sokoto,North West,1,10,Avoid Route,26,Low,1,12,Extreme Danger
IBD024727,"Mob vs Motorcycle Thief, Bauchi",2022-07-27,2022-07-27,1,2024,1,Bauchi,North East,0,0,Safe,28,Low,1,1,Low Risk
IBD024687,"Banditry, Zamfara",2022-07-27,2022-07-27,23,2024,1,Zamfara,North West,1,10,Avoid Route,24,Low,1,12,Extreme Danger
IBD024683,"Explosion, Kwara",2022-07-27,2022-07-27,1,2024,1,Kwara,North Central,0,0,Safe,20,Low,1,1,Low Risk
IBD024685,"Police vs Kidnappers, Edo",2022-07-27,2022-07-27,2,2024,1,Edo,South South,1,5,Caution,50,Moderate,3,9,High Risk
IBD024690,"Police vs Boko Haram, Borno",2022-07-27,2022-07-27,1,2024,1,Borno,North East,0,0,Safe,24,Low,1,1,Low Risk
IBD024689,"Auto Crash, FCT (Abuja)",2022-07-27,2022-07-27,3,2024,1,FCT,North Central,0,3,Safe,29,Low,1,4,Moderate Risk
IBD024674,"Auto Crash, Ogun",2022-07-27,2022-07-27,3,2024,1,Ogun,South West,0,3,Safe,68,Moderate,3,6,Moderate Risk
IBD024698,"Gunmen Kill Monarch, Taraba",2022-07-27,2022-07-27,2,2024,1,Taraba,North East,1,5,Caution,48,Low,1,7,Moderate Risk
IBD024682,"Banditry vs Army, Plateau",2022-07-27,2022-07-27,20,2024,1,Plateau,North Central,1,10,Avoid Route,15,Low,1,12,Extreme Danger
IBD024681,"Banditry, Plateau",2022-07-27,2022-07-27,6,2024,1,Plateau,North Central,1,8,Avoid Route,40,Low,1,10,High Risk
IBD024670,"Cult Clash, Bayelsa",2022-07-26,2022-07-26,1,2024,1,Bayelsa,South South,0,0,Safe,82,High,5,5,Moderate Risk
IBD024675,"Auto Crash, Ogun",2022-07-26,2022-07-26,2,2024,1,Ogun,South West,0,0,Safe,75,Moderate,3,3,Low Risk
IBD024679,"Banditry, Kaduna",2022-07-26,2022-07-26,3,2024,1,Kaduna,North West,1,8,Avoid Route,30,Low,1,10,High Risk
IBD024677,"Boat Mishap, Bayelsa",2022-07-26,2022-07-26,4,2024,1,Bayelsa,South South,0,3,Safe,85,High,5,8,High Risk
IBD024668,"Auto Crash, Niger",2022-07-26,2022-07-26,1,2024,1,Niger,North Central,0,0,Safe,14,Low,1,1,Low Risk
IBD024676,"Auto Crash, Kwara",2022-07-26,2022-07-26,1,2024,1,Kwara,North Central,0,0,Safe,28,Low,1,1,Low Risk
IBD024673,"Bullion Van Attack, Abia",2022-07-26,2022-07-26,2,2024,1,Abia,South East,1,5,Caution,62,Moderate,3,9,High Risk
IBD024666,"Auto Crash, Ogun",2022-07-26,2022-07-26,4,2024,1,Ogun,South West,0,3,Safe,64,Moderate,3,6,Moderate Risk
IBD024684,"Found Dead, Ebonyi",2022-07-25,2022-07-25,1,2024,1,Ebonyi,South East,0,0,Safe,36,Low,1,1,Low Risk
IBD024733,"Medical Negligence, Ondo",2022-07-25,2022-07-25,1,2024,1,Ondo,South West,0,0,Safe,75,Moderate,3,3,Low Risk
IBD024649,"Gunmen vs Police, Ondo",2022-07-25,2022-07-25,1,2024,1,Ondo,South West,1,5,Caution,69,Moderate,3,9,High Risk
IBD024651,"Police vs Kidnappers, Osun",2022-07-25,2022-07-25,2,2024,1,Osun,South West,1,5,Caution,12,Low,1,7,Moderate Risk
IBD024671,"Man vs Father, Nasarawa",2022-07-25,2022-07-25,1,2024,1,Nasarawa,North Central,0,0,Safe,45,Low,1,1,Low Risk
IBD024662,"Husband vs Wife, Nasarawa",2022-07-25,2022-07-25,1,2024,1,Nasarawa,North Central,0,0,Safe,23,Low,1,1,Low Risk
IBD024669,"Terrorists Attack, Katsina",2022-07-25,2022-07-26,3,2024,1,Katsina,North West,2,8,Avoid Route,25,Low,1,11,High Risk
IBD024659,"Stray Bullets, Lagos",2022-07-25,2022-07-25,1,2024,1,Lagos,South West,0,0,Safe,97,High,5,5,Moderate Risk
IBD024653,"Bomb Explosion, Borno",2022-07-25,2022-07-25,10,2024,1,Borno,North East,0,5,Caution,23,Low,1,6,Moderate Risk
IBD027634,"Yahoo Boys vs Man, Delta",2022-07-24,2022-07-24,1,2024,1,Delta,South South,0,0,Safe,99,High,5,5,Moderate Risk
IBD024643,"Gunmen vs Policemen, Delta",2022-07-24,2022-07-24,3,2024,1,Delta,South South,1,8,Avoid Route,82,High,5,14,Extreme Danger
IBD024661,"Bandits vs Army, FCT (Abuja)",2022-07-24,2022-07-24,6,2024,1,FCT,North Central,1,8,Avoid Route,12,Low,1,10,High Risk
IBD024641,"Driver vs Bandits, Katsina",2022-07-24,2022-07-24,2,2024,1,Katsina,North West,1,5,Caution,20,Low,1,7,Moderate Risk
IBD024652,"Teenager Drowns, Lagos",2022-07-24,2022-07-24,1,2024,1,Lagos,South West,0,0,Safe,100,High,5,5,Moderate Risk
IBD024665,"Police vs Bandits, Kaduna",2022-07-24,2022-07-24,2,2024,1,Kaduna,North West,1,5,Caution,48,Low,1,7,Moderate Risk
IBD024663,"Herders vs Farmers, Benue",2022-07-24,2022-07-24,9,2024,1,Benue,North Central,0,3,Safe,30,Low,1,4,Moderate Risk
IBD024599,"Communal Clash, Oyo",2022-07-24,2022-07-24,1,2024,1,Oyo,South West,0,0,Safe,24,Low,1,1,Low Risk
IBD024654,"Pastor vs Gunmen, Taraba",2022-07-24,2022-07-24,1,2024,1,Taraba,North East,1,5,Caution,38,Low,1,7,Moderate Risk
IBD024660,"Windstorm, Kano",2022-07-24,2022-07-24,1,2024,1,Kano,North West,0,0,Safe,44,Low,1,1,Low Risk
IBD024967,"Man vs Friend, Kogi",2022-07-24,2022-07-24,1,2024,1,Kogi,North Central,0,0,Safe,42,Low,1,1,Low Risk
IBD024664,"Domestic Violence, Adamawa",2022-07-23,2022-07-23,1,2024,1,Adamawa,North East,0,0,Safe,48,Low,1,1,Low Risk
IBD024644,"Ebubeagu vs Youth, Imo",2022-07-23,2022-07-23,1,2024,1,Imo,South East,0,0,Safe,69,Moderate,3,3,Low Risk
IBD024667,"Lady vs Boyfriend, Edo",2022-07-23,2022-07-23,1,2024,1,Edo,South South,0,0,Safe,64,Moderate,3,3,Low Risk
IBD024647,"Auto Crash, Niger",2022-07-23,2022-07-23,4,2024,1,Niger,North Central,0,3,Safe,44,Low,1,4,Moderate Risk
IBD024629,"Gunmen vs Politician, Bayelsa",2022-07-23,2022-07-23,1,2024,1,Bayelsa,South South,1,5,Caution,90,High,5,11,High Risk
IBD024645,"Extra Judicial Killing, Lagos",2022-07-23,2022-07-23,1,2024,1,Lagos,South West,0,0,Safe,84,High,5,5,Moderate Risk
IBD024637,"Police vs Gunmen, Anambra",2022-07-23,2022-07-23,1,2024,1,Anambra,South East,1,5,Caution,55,Moderate,3,9,High Risk
IBD024646,"Gunmen Attack, Delta",2022-07-23,2022-07-23,1,2024,1,Delta,South South,2,5,Caution,90,High,5,12,Extreme Danger
IBD024642,"Banditry, Plateau",2022-07-23,2022-07-23,3,2024,1,Plateau,North Central,1,8,Avoid Route,29,Low,1,10,High Risk
IBD024626,"Boat Mishap, Niger",2022-07-23,2022-07-23,30,2024,1,Niger,North Central,0,5,Caution,32,Low,1,6,Moderate Risk
IBD024630,"Cultism, Osun",2022-07-23,2022-07-23,1,2024,1,Osun,South West,0,0,Safe,40,Low,1,1,Low Risk
IBD024672,"Gunmen Attack, Taraba",2022-07-23,2022-07-26,3,2024,1,Taraba,North East,2,8,Avoid Route,28,Low,1,11,High Risk
IBD024678,"Electrocution, Kwara",2022-07-23,2022-07-23,1,2024,1,Kwara,North Central,0,0,Safe,17,Low,1,1,Low Risk
IBD024633,"Gunmen Attack, Adamawa",2022-07-23,2022-07-23,1,2024,1,Adamawa,North East,2,5,Caution,39,Low,1,8,High Risk
IBD024640,"Robbers vs Man, Delta",2022-07-23,2022-07-23,1,2024,1,Delta,South South,0,0,Safe,84,High,5,5,Moderate Risk
IBD024638,"Police vs Gunmen, Anambra",2022-07-23,2022-07-23,1,2024,1,Anambra,South East,1,5,Caution,64,Moderate,3,9,High Risk
IBD024648,"Gunmen vs Businessman, Kwara",2022-07-23,2022-07-23,1,2024,1,Kwara,North Central,1,5,Caution,23,Low,1,7,Moderate Risk
IBD025807,"Political Issue, Delta",2022-07-23,2022-07-23,1,2024,1,Delta,South South,0,0,Safe,90,High,5,5,Moderate Risk
IBD027577,"Cult Killing, Anambra",2022-07-22,2022-07-22,2,2024,1,Anambra,South East,0,0,Safe,64,Moderate,3,3,Low Risk
IBD024723,"Herdsmen vs Yan Babeli, Plateau",2022-07-22,2022-07-31,6,2024,1,Plateau,North Central,1,8,Avoid Route,12,Low,1,10,High Risk
IBD024632,"Bandits vs Villagers, Kaduna",2022-07-22,2022-07-22,15,2024,1,Kaduna,North West,1,10,Avoid Route,10,Low,1,12,Extreme Danger
IBD024628,"Banditry, Niger",2022-07-22,2022-07-22,30,2024,1,Niger,North Central,1,10,Avoid Route,39,Low,1,12,Extreme Danger
IBD024624,"Auto Crash, Ondo",2022-07-22,2022-07-22,9,2024,1,Ondo,South West,0,3,Safe,76,Moderate,3,6,Moderate Risk
IBD025002,"Auto Crash, Kaduna",2022-07-22,2022-07-22,1,2024,1,Kaduna,North West,0,0,Safe,29,Low,1,1,Low Risk
IBD024691,"Herdsmen Attack, Taraba",2022-07-22,2022-07-22,9,2024,1,Taraba,North East,2,8,Avoid Route,15,Low,1,11,High Risk
IBD024623,"Auto Crash, Kaduna",2022-07-21,2022-07-21,24,2024,1,Kaduna,North West,0,5,Caution,46,Low,1,6,Moderate Risk
IBD031516,"Assailants vs APC Women, Imo",2022-07-21,2022-07-21,5,2024,1,Imo,South East,0,3,Safe,60,Moderate,3,6,Moderate Risk
IBD024627,"Assailants Kill 5, Plateau",2022-07-21,2022-07-21,5,2024,1,Plateau,North Central,0,3,Safe,30,Low,1,4,Moderate Risk
IBD024625,"Mother Dies From Shock, Imo",2022-07-21,2022-07-21,1,2024,1,Imo,South East,0,0,Safe,74,Moderate,3,3,Low Risk
IBD024620,"Security Operatives vs Student, Ogun",2022-07-21,2022-07-21,1,2024,1,Ogun,South West,0,0,Safe,60,Moderate,3,3,Low Risk
IBD025806,"Political Crisis, Taraba",2022-07-21,2022-07-21,2,2024,1,Taraba,North East,0,0,Safe,19,Low,1,1,Low Risk
IBD024752,"Robbers vs Motorcyclist, Ondo",2022-07-20,2022-07-20,1,2024,1,Ondo,South West,0,0,Safe,78,Moderate,3,3,Low Risk
IBD024617,"Man Dies, Kano",2022-07-20,2022-07-20,1,2024,1,Kano,North West,0,0,Safe,45,Low,1,1,Low Risk
IBD024616,"Bandits vs Policemen, Katsina",2022-07-20,2022-07-20,8,2024,1,Katsina,North West,1,8,Avoid Route,25,Low,1,10,High Risk
IBD024619,"Auto Crash, Lagos",2022-07-20,2022-07-20,1,2024,1,Lagos,South West,0,0,Safe,80,High,5,5,Moderate Risk
IBD024608,"Tanker Explosion, Lagos",2022-07-20,2022-07-20,2,2024,1,Lagos,South West,0,0,Safe,99,High,5,5,Moderate Risk
IBD024696,"NYSC Corps Member, Ogun",2022-07-20,2022-07-20,1,2024,1,Ogun,South West,0,0,Safe,68,Moderate,3,3,Low Risk
IBD024772,"Vigilante vs Man, Edo",2022-07-20,2022-07-20,1,2024,1,Edo,South South,0,0,Safe,68,Moderate,3,3,Low Risk
IBD026387,"Auto Crash, Lagos",2022-07-19,2022-07-19,1,2024,1,Lagos,South West,0,0,Safe,96,High,5,5,Moderate Risk
IBD024887,"Land Dispute, Anambra",2022-07-19,2022-07-19,1,2024,1,Anambra,South East,0,0,Safe,69,Moderate,3,3,Low Risk
IBD024703,"Woman vs Inlaw, Anambra",2022-07-19,2022-07-19,1,2024,1,Anambra,South East,0,0,Safe,78,Moderate,3,3,Low Risk
IBD024602,"Bandits Attack, Katsina",2022-07-19,2022-07-19,8,2024,1,Katsina,North West,2,8,Avoid Route,28,Low,1,11,High Risk
IBD024535,"Domestic Violence, Osun",2022-07-19,2022-07-19,1,2024,1,Osun,South West,0,0,Safe,20,Low,1,1,Low Risk
IBD024614,"Auto Crash, Ogun",2022-07-19,2022-07-19,1,2024,1,Ogun,South West,0,0,Safe,65,Moderate,3,3,Low Risk
IBD024680,"Auto Crash, Ondo",2022-07-18,2022-07-18,1,2024,1,Ondo,South West,0,0,Safe,62,Moderate,3,3,Low Risk
IBD024688,"Herdsmen Attack, Taraba",2022-07-18,2022-07-18,2,2024,1,Taraba,North East,2,5,Caution,34,Low,1,8,High Risk
IBD024598,"Man Dies, Kwara",2022-07-18,2022-07-18,1,2024,1,Kwara,North Central,0,0,Safe,27,Low,1,1,Low Risk
IBD024611,"Auto Crash, Niger",2022-07-18,2022-07-18,4,2024,1,Niger,North Central,0,3,Safe,15,Low,1,4,Moderate Risk
IBD024606,"Troops vs Bandit, Kaduna",2022-07-18,2022-07-18,1,2024,1,Kaduna,North West,1,5,Caution,35,Low,1,7,Moderate Risk
IBD024621,"Tenant vs Landlord, FCT (Abuja)",2022-07-18,2022-07-18,1,2024,1,FCT,North Central,0,0,Safe,40,Low,1,1,Low Risk
IBD024612,"Rape Victim, Edo",2022-07-17,2022-07-17,1,2024,1,Edo,South South,0,0,Safe,69,Moderate,3,3,Low Risk
IBD024595,"Domestic Violence, Edo",2022-07-17,2022-07-17,1,2024,1,Edo,South South,0,0,Safe,77,Moderate,3,3,Low Risk
IBD024603,"Banditry, Katsina",2022-07-17,2022-07-17,3,2024,1,Katsina,North West,1,8,Avoid Route,47,Low,1,10,High Risk
IBD024610,"Gunmen Kill 2, Kogi",2022-07-17,2022-07-17,2,2024,1,Kogi,North Central,1,5,Caution,40,Low,1,7,Moderate Risk
IBD024592,"Soldiers vs Terrorists, Niger",2022-07-17,2022-07-17,27,2024,1,Niger,North Central,1,10,Avoid Route,18,Low,1,12,Extreme Danger
IBD024613,"Bandits Kill Farmers, Sokoto",2022-07-17,2022-07-18,4,2024,1,Sokoto,North West,1,8,Avoid Route,26,Low,1,10,High Risk
IBD024581,"Bandits Attack, Kaduna",2022-07-17,2022-07-17,3,2024,1,Kaduna,North West,2,8,Avoid Route,30,Low,1,11,High Risk
IBD024601,"ISWAP vs Vigilante, Borno",2022-07-17,2022-07-17,6,2024,1,Borno,North East,0,3,Safe,16,Low,1,4,Moderate Risk
IBD024590,"Kidnappers vs Man, Oyo",2022-07-17,2022-07-17,1,2024,1,Oyo,South West,1,5,Caution,25,Low,1,7,Moderate Risk
IBD024589,"Workers vs Couple, Delta",2022-07-17,2022-07-17,2,2024,1,Delta,South South,0,0,Safe,87,High,5,5,Moderate Risk
IBD024588,"Troops vs Terrorists, Katsina",2022-07-17,2022-07-17,2,2024,1,Katsina,North West,1,5,Caution,21,Low,1,7,Moderate Risk
IBD024578,"Banditry, Plateau",2022-07-17,2022-07-17,2,2024,1,Plateau,North Central,1,5,Caution,36,Low,1,7,Moderate Risk
IBD024593,"Gunmen vs Wedding Guest, Imo",2022-07-17,2022-07-17,11,2024,1,Imo,South East,1,10,Avoid Route,55,Moderate,3,14,Extreme Danger
IBD024609,"Flooding, Yobe",2022-07-17,2022-07-17,2,2024,1,Yobe,North East,0,0,Safe,36,Low,1,1,Low Risk
IBD024607,"Flooding, Yobe",2022-07-17,2022-07-17,2,2024,1,Yobe,North East,0,0,Safe,16,Low,1,1,Low Risk
IBD024569,"Ritual Killing, Edo",2022-07-16,2022-07-16,1,2024,1,Edo,South South,0,0,Safe,70,Moderate,3,3,Low Risk
IBD024597,"Auto Crash, Delta",2022-07-16,2022-07-16,3,2024,1,Delta,South South,0,3,Safe,91,High,5,8,High Risk
IBD024574,"Auto Crash, Ondo",2022-07-16,2022-07-16,8,2024,1,Ondo,South West,0,3,Safe,68,Moderate,3,6,Moderate Risk
IBD024596,"Auto Crash, Ogun",2022-07-16,2022-07-16,1,2024,1,Ogun,South West,0,0,Safe,69,Moderate,3,3,Low Risk
IBD024594,"Domestic Violence, Delta",2022-07-16,2022-07-16,1,2024,1,Delta,South South,0,0,Safe,93,High,5,5,Moderate Risk
IBD024591,"Auto Crash, Delta",2022-07-15,2022-07-15,3,2024,1,Delta,South South,0,3,Safe,86,High,5,8,High Risk
IBD024556,"Bandits vs Terrorists, Kaduna",2022-07-15,2022-07-15,2,2024,1,Kaduna,North West,2,5,Caution,37,Low,1,8,High Risk
IBD024586,"Terrorists vs Health Workers, Kaduna",2022-07-15,2022-07-15,2,2024,1,Kaduna,North West,1,5,Caution,11,Low,1,7,Moderate Risk
IBD024605,"Banditry, FCT ( Abuja)",2022-07-15,2022-07-15,1,2024,1,FCT,North Central,1,5,Caution,48,Low,1,7,Moderate Risk
IBD024584,"Gunmen vs Man, Imo",2022-07-15,2022-07-15,1,2024,1,Imo,South East,1,5,Caution,76,Moderate,3,9,High Risk
IBD024587,"Troops vs Terrorists, Benue",2022-07-15,2022-07-15,3,2024,1,Benue,North Central,1,8,Avoid Route,48,Low,1,10,High Risk
IBD024579,"Auto Crash, FCT(Abuja)",2022-07-15,2022-07-15,1,2024,1,FCT,North Central,0,0,Safe,33,Low,1,1,Low Risk
IBD024873,"Cult Killing, Lagos",2022-07-15,2022-07-15,1,2024,1,Lagos,South West,0,0,Safe,97,High,5,5,Moderate Risk
IBD024622,"Male Corpse Found In Hotel, Niger",2022-07-15,2022-07-15,1,2024,1,Niger,North Central,0,0,Safe,26,Low,1,1,Low Risk
IBD025027,"Boat Mishap, Niger",2022-07-15,2022-07-15,1,2024,1,Niger,North Central,0,0,Safe,24,Low,1,1,Low Risk
IBD024600,"Catholic Priest, Kaduna",2022-07-15,2022-07-15,1,2024,1,Kaduna,North West,0,0,Safe,36,Low,1,1,Low Risk
IBD025732,"Herdsmen Attack, Nasarawa",2022-07-15,2022-07-15,1,2024,1,Nasarawa,North Central,2,5,Caution,41,Low,1,8,High Risk
IBD024570,"Police vs Robbers, Abia",2022-07-14,2022-07-14,3,2024,1,Abia,South East,0,3,Safe,75,Moderate,3,6,Moderate Risk
IBD024571,"Suspected Cultists Kill Man, Abia",2022-07-14,2022-07-14,1,2024,1,Abia,South East,0,0,Safe,66,Moderate,3,3,Low Risk
IBD024567,"Poly Lecturer, Adamawa",2022-07-14,2022-07-14,1,2024,1,Adamawa,North East,0,0,Safe,11,Low,1,1,Low Risk
IBD024573,"Domestic Violence, FCT, Abuja",2022-07-13,2022-07-13,1,2024,1,FCT,North Central,0,0,Safe,49,Low,1,1,Low Risk
IBD024564,"Security Operatives vs Tricycle Passengers, Delta",2022-07-13,2022-07-13,2,2024,1,Delta,South South,0,0,Safe,84,High,5,5,Moderate Risk
IBD024558,"Auto Crash, Ondo",2022-07-13,2022-07-13,1,2024,1,Ondo,South West,0,0,Safe,79,Moderate,3,3,Low Risk
IBD024568,"Quack Nurse, Delta",2022-07-13,2022-07-13,1,2024,1,Delta,South South,0,0,Safe,89,High,5,5,Moderate Risk
IBD024566,"Banditry, Bauchi",2022-07-13,2022-07-13,1,2024,1,Bauchi,North East,1,5,Caution,43,Low,1,7,Moderate Risk
IBD024575,"Electrocution, FCT (Abuja)",2022-07-13,2022-07-13,1,2024,1,FCT,North Central,0,0,Safe,16,Low,1,1,Low Risk
IBD024572,"Corpse Found, FCT (Abuja)",2022-07-12,2022-07-12,1,2024,1,FCT,North Central,0,0,Safe,37,Low,1,1,Low Risk
IBD024551,"Police vs Robbers, Edo",2022-07-12,2022-07-12,1,2024,1,Edo,South South,0,0,Safe,57,Moderate,3,3,Low Risk
IBD024553,"Windstorm Attack, Jigawa",2022-07-12,2022-07-12,6,2024,1,Jigawa,North West,1,8,Avoid Route,41,Low,1,10,High Risk
IBD024547,"Bandits Kill 3, Taraba",2022-07-11,2022-07-11,4,2024,1,Taraba,North East,1,8,Avoid Route,18,Low,1,10,High Risk
IBD024552,"Herdsmen Attack, Benue",2022-07-11,2022-07-11,4,2024,1,Benue,North Central,2,8,Avoid Route,20,Low,1,11,High Risk
IBD024538,"Auto Crash, Ogun",2022-07-11,2022-07-11,4,2024,1,Ogun,South West,0,3,Safe,79,Moderate,3,6,Moderate Risk
IBD024582,"Found Dead, Edo",2022-07-11,2022-07-11,1,2024,1,Edo,South South,0,0,Safe,78,Moderate,3,3,Low Risk
IBD024576,"Land Dispute, Kwara",2022-07-11,2022-07-11,1,2024,1,Kwara,North Central,0,0,Safe,17,Low,1,1,Low Risk
IBD024559,"Cultist vs Student, Kwara",2022-07-11,2022-07-11,1,2024,1,Kwara,North Central,0,0,Safe,30,Low,1,1,Low Risk
IBD024631,"Policewoman vs Hoodlums, Edo",2022-07-11,2022-07-11,1,2024,1,Edo,South South,0,0,Safe,60,Moderate,3,3,Low Risk
IBD026073,"Cultism, Abia",2022-07-10,2022-07-10,5,2024,1,Abia,South East,0,3,Safe,52,Moderate,3,6,Moderate Risk
IBD024542,"Pipeline Worker, Bayelsa",2022-07-10,2022-07-10,1,2024,1,Bayelsa,South South,0,0,Safe,97,High,5,5,Moderate Risk
IBD024561,"Banditry, Katsina",2022-07-10,2022-07-10,1,2024,1,Katsina,North West,1,5,Caution,25,Low,1,7,Moderate Risk
IBD024557,"Mudslide, Cross River",2022-07-10,2022-07-10,4,2024,1,Cross River,South South,0,3,Safe,90,High,5,8,High Risk
IBD024577,"Sallah Auto Crash, Niger",2022-07-10,2022-07-10,1,2024,1,Niger,North Central,0,0,Safe,11,Low,1,1,Low Risk
IBD024543,"Drinking Spree, FCT (Abuja)",2022-07-10,2022-07-10,1,2024,1,FCT,North Central,0,0,Safe,39,Low,1,1,Low Risk
IBD024544,"Banditry, Zamfara",2022-07-10,2022-07-10,12,2024,1,Zamfara,North West,1,10,Avoid Route,25,Low,1,12,Extreme Danger
IBD024549,"Gunmen vs Man, Plateau",2022-07-10,2022-07-10,1,2024,1,Plateau,North Central,1,5,Caution,20,Low,1,7,Moderate Risk
IBD024526,"Flood Disaster, Lagos",2022-07-09,2022-07-09,4,2024,1,Lagos,South West,0,3,Safe,83,High,5,8,High Risk
IBD024533,"Auto Crash, Osun",2022-07-09,2022-07-09,1,2024,1,Osun,South West,0,0,Safe,24,Low,1,1,Low Risk
IBD024555,"Flooding, Ogun",2022-07-09,2022-07-09,4,2024,1,Ogun,South West,0,3,Safe,53,Moderate,3,6,Moderate Risk
IBD024550,"Communal Clash, Niger",2022-07-09,2022-07-10,4,2024,1,Niger,North Central,0,3,Safe,48,Low,1,4,Moderate Risk
IBD024580,"Police vs Gunmen, Anambra",2022-07-09,2022-07-15,13,2024,1,Anambra,South East,1,10,Avoid Route,64,Moderate,3,14,Extreme Danger
IBD024528,"Gunmen Kill 4, Kaduna",2022-07-09,2022-07-09,4,2024,1,Kaduna,North West,1,8,Avoid Route,49,Low,1,10,High Risk
IBD024539,"Armed Robbers Kill 1, Oyo",2022-07-09,2022-07-09,1,2024,1,Oyo,South West,0,0,Safe,47,Low,1,1,Low Risk
IBD024540,"Tank Farm Explosion, Delta",2022-07-08,2022-07-08,5,2024,1,Delta,South South,0,3,Safe,94,High,5,8,High Risk
IBD024527,"Pupils Die Inside Bus, Lagos",2022-07-08,2022-07-08,2,2024,1,Lagos,South West,0,0,Safe,82,High,5,5,Moderate Risk
IBD024546,"Communal Clash, Cross River",2022-07-08,2022-07-11,2,2024,1,Cross River,South South,0,0,Safe,92,High,5,5,Moderate Risk
IBD024634,"Flooding, Lagos",2022-07-08,2022-07-08,1,2024,1,Lagos,South West,0,0,Safe,84,High,5,5,Moderate Risk
IBD024585,"Flooding, Lagos",2022-07-08,2022-07-08,1,2024,1,Lagos,South West,0,0,Safe,97,High,5,5,Moderate Risk
IBD024639,"Mysterious, Akwa Ibom",2022-07-08,2022-07-08,1,2024,1,Akwa Ibom,South South,0,0,Safe,94,High,5,5,Moderate Risk
IBD024532,"Boat Mishap, Lagos",2022-07-08,2022-07-08,17,2024,1,Lagos,South West,0,5,Caution,98,High,5,10,High Risk
IBD024545,"Banditry, Zamfara",2022-07-08,2022-07-08,6,2024,1,Zamfara,North West,1,8,Avoid Route,22,Low,1,10,High Risk
IBD024529,"Gunmen Kill 10, Plateau",2022-07-08,2022-07-08,1,2024,1,Plateau,North Central,1,5,Caution,33,Low,1,7,Moderate Risk
IBD024565,"Assailant vs Nollywood Actor, Delta",2022-07-08,2022-07-08,1,2024,1,Delta,South South,0,0,Safe,97,High,5,5,Moderate Risk
IBD025908,"Murder, Sokoto",2022-07-07,2022-07-07,1,2024,1,Sokoto,North West,0,0,Safe,46,Low,1,1,Low Risk
IBD027064,"Extortion, Lagos",2022-07-07,2022-07-15,22,2024,1,Lagos,South West,0,5,Caution,89,High,5,10,High Risk
IBD024516,"Auto Crash, Kaduna",2022-07-07,2022-07-07,9,2024,1,Kaduna,North West,0,3,Safe,39,Low,1,4,Moderate Risk
IBD024537,"Ritual Killing, Kwara",2022-07-07,2022-07-07,1,2024,1,Kwara,North Central,0,0,Safe,22,Low,1,1,Low Risk
IBD024913,"Cult Killing, Lagos",2022-07-07,2022-07-01,2,2024,1,Lagos,South West,0,0,Safe,83,High,5,5,Moderate Risk
IBD024530,"Auto Crash, Kwara",2022-07-07,2022-07-07,8,2024,1,Kwara,North Central,0,3,Safe,27,Low,1,4,Moderate Risk
IBD024522,"Auto Crash, Kano",2022-07-06,2022-07-06,2,2024,1,Kano,North West,0,0,Safe,46,Low,1,1,Low Risk
IBD024604,"Auto Crash, Lagos",2022-07-06,2022-07-06,1,2024,1,Lagos,South West,0,0,Safe,83,High,5,5,Moderate Risk
IBD024510,"Boat Mishap, Lagos",2022-07-06,2022-07-06,2,2024,1,Lagos,South West,0,0,Safe,89,High,5,5,Moderate Risk
IBD024515,"Kidnappers Kill 2, Adamawa",2022-07-06,2022-07-06,2,2024,1,Adamawa,North East,1,5,Caution,30,Low,1,7,Moderate Risk
IBD024514,"Man Stabs Another, Lagos",2022-07-05,2022-07-05,1,2024,1,Lagos,South West,0,0,Safe,84,High,5,5,Moderate Risk
IBD024511,"Army vs Bandits, Katsina",2022-07-05,2022-07-05,40,2024,1,Katsina,North West,1,10,Avoid Route,33,Low,1,12,Extreme Danger
IBD024938,"Assailants vs Mother of Twins, Enugu",2022-07-05,2022-07-05,1,2024,1,Enugu,South East,0,0,Safe,51,Moderate,3,3,Low Risk
IBD024520,"ISWAP Prison Break, FCT (Abuja)",2022-07-05,2022-07-05,4,2024,1,FCT,North Central,0,3,Safe,28,Low,1,4,Moderate Risk
IBD024618,"Bandits Kill 30, Taraba",2022-07-05,2022-07-12,40,2024,1,Taraba,North East,1,10,Avoid Route,27,Low,1,12,Extreme Danger
IBD024525,"Co-Worker vs Teenager, Kano",2022-07-05,2022-07-05,1,2024,1,Kano,North West,0,0,Safe,23,Low,1,1,Low Risk
IBD024521,"Bandits vs Presidential Convoy, Katsina",2022-07-05,2022-07-05,2,2024,1,Katsina,North West,1,5,Caution,27,Low,1,7,Moderate Risk
IBD024512,"Gunmen vs Policeman, Rivers",2022-07-05,2022-07-05,1,2024,1,Rivers,South South,1,5,Caution,82,High,5,11,High Risk
IBD024805,"Farmers vs Man, Benue",2022-07-05,2022-07-05,1,2024,1,Benue,North Central,0,0,Safe,27,Low,1,1,Low Risk
IBD024517,"Fighter Jet Kill 2, Katsina",2022-07-05,2022-07-05,2,2024,1,Katsina,North West,0,0,Safe,23,Low,1,1,Low Risk
IBD024506,"Ritual Killing, Oyo",2022-07-04,2022-07-04,1,2024,1,Oyo,South West,0,0,Safe,20,Low,1,1,Low Risk
IBD024504,"Drug Overdose, Gombe",2022-07-04,2022-07-04,1,2024,1,Gombe,North East,0,0,Safe,34,Low,1,1,Low Risk
IBD024657,"Mob vs Robbers, Abia",2022-07-04,2022-07-04,3,2024,1,Abia,South East,0,3,Safe,62,Moderate,3,6,Moderate Risk
IBD024499,"Auto Crash, Akwa Ibom",2022-07-04,2022-07-04,1,2024,1,Akwa Ibom,South South,0,0,Safe,95,High,5,5,Moderate Risk
IBD024507,"Army vs Bandits, Plateau",2022-07-04,2022-07-04,8,2024,1,Plateau,North Central,1,8,Avoid Route,26,Low,1,10,High Risk
IBD024495,"Arsonists vs Guard, Ondo",2022-07-04,2022-07-04,1,2024,1,Ondo,South West,0,0,Safe,66,Moderate,3,3,Low Risk
IBD024501,"Terrorists Attack, Kaduna",2022-07-04,2022-07-05,5,2024,1,Kaduna,North West,2,8,Avoid Route,26,Low,1,11,High Risk
IBD024503,"Kidnappers vs Police, Kwara",2022-07-03,2022-07-03,1,2024,1,Kwara,North Central,1,5,Caution,15,Low,1,7,Moderate Risk
IBD024492,"Police vs Kidnappers, Edo",2022-07-03,2022-07-03,3,2024,1,Edo,South South,1,8,Avoid Route,66,Moderate,3,12,Extreme Danger
PAR012621,"Inferno, Borno",2022-07-03,2022-07-03,2,2024,1,Borno,North East,0,0,Safe,23,Low,1,1,Low Risk
IBD024488,"Gunmen Attack, Abia",2022-07-03,2022-07-03,2,2024,1,Abia,South East,2,5,Caution,60,Moderate,3,10,High Risk
IBD024486,"Bandits vs Village Head, Plateau",2022-07-03,2022-07-03,2,2024,1,Plateau,North Central,1,5,Caution,12,Low,1,7,Moderate Risk
IBD024496,"Sorcery/Rape, Enugu",2022-07-03,2022-07-03,3,2024,1,Enugu,South East,0,3,Safe,67,Moderate,3,6,Moderate Risk
IBD024497,"Bandits vs Vigilante, Plateau",2022-07-03,2022-07-03,13,2024,1,Plateau,North Central,1,10,Avoid Route,48,Low,1,12,Extreme Danger
IBD024493,"Banditry, Zamfara",2022-07-03,2022-07-03,5,2024,1,Zamfara,North West,1,8,Avoid Route,48,Low,1,10,High Risk
IBD024519,"Soldiers vs Boko Haram, Borno",2022-07-03,2022-07-03,5,2024,1,Borno,North East,0,3,Safe,27,Low,1,4,Moderate Risk
IBD024656,"Mob vs Robbers, Abia",2022-07-03,2022-07-03,3,2024,1,Abia,South East,0,3,Safe,65,Moderate,3,6,Moderate Risk
IBD024485,"Auto Crash, Yobe",2022-07-02,2022-07-02,10,2024,1,Yobe,North East,0,5,Caution,28,Low,1,6,Moderate Risk
IBD024394,"Bandits vs Farmers, Sokoto",2022-07-02,2022-07-02,4,2024,1,Sokoto,North West,1,8,Avoid Route,45,Low,1,10,High Risk
IBD024484,"Auto Crash, Ogun",2022-07-02,2022-07-02,16,2024,1,Ogun,South West,0,5,Caution,64,Moderate,3,8,High Risk
IBD024502,"Communal Clash, Ebonyi",2022-07-02,2022-07-02,16,2024,1,Ebonyi,South East,0,5,Caution,30,Low,1,6,Moderate Risk
IBD024487,"Man vs Wife, Ogun",2022-07-02,2022-07-02,2,2024,1,Ogun,South West,0,0,Safe,51,Moderate,3,3,Low Risk
IBD024523,"Kidnappers, Kwara",2022-07-02,2022-07-02,1,2024,1,Kwara,North Central,1,5,Caution,10,Low,1,7,Moderate Risk
IBD024494,"Police vs Robbers, Delta",2022-07-02,2022-07-02,1,2024,1,Delta,South South,0,0,Safe,92,High,5,5,Moderate Risk
IBD024415,"Auto Crash, Kogi",2022-07-01,2022-07-01,2,2024,1,Kogi,North Central,0,0,Safe,33,Low,1,1,Low Risk
IBD024500,"Police vs Gunmen, Ebonyi",2022-07-01,2022-07-01,1,2024,1,Ebonyi,South East,1,5,Caution,45,Low,1,7,Moderate Risk
IBD024508,"Bandits vs Police, Katsina",2022-07-01,2022-07-05,2,2024,1,Katsina,North West,1,5,Caution,46,Low,1,7,Moderate Risk
IBD024475,"Electrocution, Abia",2022-07-01,2022-07-01,1,2024,1,Abia,South East,0,0,Safe,70,Moderate,3,3,Low Risk
IBD024471,"Herdsmen vs Tax Collector, Benue",2022-07-01,2022-07-01,1,2024,1,Benue,North Central,1,5,Caution,32,Low,1,7,Moderate Risk
IBD024513,"Drivers vs Police, Oyo",2022-07-01,2022-07-01,1,2024,1,Oyo,South West,0,0,Safe,45,Low,1,1,Low Risk
IBD025458,"Mob vs Men, Cross River",2022-07-01,2022-07-01,21,2024,1,Cross River,South South,0,5,Caution,100,High,5,10,High Risk
IBD024490,"Police vs Robbers, Delta",2022-07-01,2022-07-01,5,2024,1,Delta,South South,0,3,Safe,90,High,5,8,High Risk
IBD022752,"Banditry, Taraba",2022-06-30,2022-06-30,7,2024,1,Taraba,North East,1,8,Avoid Route,40,Low,1,10,High Risk
IBD024451,"Vigilante vs Man, Enugu",2022-06-30,2022-06-30,1,2024,1,Enugu,South East,0,0,Safe,68,Moderate,3,3,Low Risk
IBD024462,"Banditry, Niger",2022-06-30,2022-06-30,40,2024,1,Niger,North Central,1,10,Avoid Route,12,Low,1,12,Extreme Danger
IBD024465,"Gunmen vs Policemen, Enugu",2022-06-30,2022-06-30,3,2024,1,Enugu,South East,1,8,Avoid Route,74,Moderate,3,12,Extreme Danger
IBD024482,"Herdsmen Attack, Enugu",2022-06-30,2022-06-30,2,2024,1,Enugu,South East,2,5,Caution,53,Moderate,3,10,High Risk
IBD024474,"Police vs IPOB, Ebonyi",2022-06-30,2022-06-30,1,2024,1,Ebonyi,South East,0,0,Safe,41,Low,1,1,Low Risk
IBD024808,"Workers vs Boss, Kwara",2022-06-29,2022-06-29,1,2024,1,Kwara,North Central,0,0,Safe,27,Low,1,1,Low Risk
IBD024468,"Cult Clash, Edo",2022-06-29,2022-06-29,8,2024,1,Edo,South South,0,3,Safe,57,Moderate,3,6,Moderate Risk
IBD024449,"Auto Crash, Ogun",2022-06-29,2022-06-29,5,2024,1,Ogun,South West,0,3,Safe,54,Moderate,3,6,Moderate Risk
IBD024467,"Auto Crash, Delta",2022-06-29,2022-06-29,3,2024,1,Delta,South South,0,3,Safe,94,High,5,8,High Risk
IBD024452,"Auto Crash, Ogun",2022-06-29,2022-06-29,3,2024,1,Ogun,South West,0,3,Safe,65,Moderate,3,6,Moderate Risk
IBD024472,"Flooding Kills Boy, Anambra",2022-06-29,2022-06-29,1,2024,1,Anambra,South East,0,0,Safe,65,Moderate,3,3,Low Risk
IBD024450,"Police vs Kidnappers, Anambra",2022-06-28,2022-06-28,2,2024,1,Anambra,South East,1,5,Caution,77,Moderate,3,9,High Risk
IBD027851,"Flooding, Kano",2022-06-28,2022-06-28,2,2024,1,Kano,North West,0,0,Safe,46,Low,1,1,Low Risk
IBD027853,"Flooding, Kano",2022-06-28,2022-06-28,1,2024,1,Kano,North West,0,0,Safe,30,Low,1,1,Low Risk
IBD027852,"Flooding, Kano",2022-06-28,2022-06-28,2,2024,1,Kano,North West,0,0,Safe,16,Low,1,1,Low Risk
IBD024458,"Auto Crash, Kwara",2022-06-28,2022-06-28,1,2024,1,Kwara,North Central,0,0,Safe,17,Low,1,1,Low Risk
IBD024466,"Unstable Man vs Youth, Delta",2022-06-28,2022-06-28,1,2024,1,Delta,South South,0,0,Safe,100,High,5,5,Moderate Risk
IBD024453,"Cultist, Anambra",2022-06-28,2022-06-28,1,2024,1,Anambra,South East,0,0,Safe,63,Moderate,3,3,Low Risk
IBD024459,"Army vs Kidnapper, Plateau",2022-06-28,2022-06-28,1,2024,1,Plateau,North Central,1,5,Caution,37,Low,1,7,Moderate Risk
IBD024469,"Policeman, Rivers",2022-06-28,2022-06-28,1,2024,1,Rivers,South South,0,0,Safe,85,High,5,5,Moderate Risk
IBD024448,"Police Kill Driver, Ogun",2022-06-28,2022-06-28,2,2024,1,Ogun,South West,0,0,Safe,63,Moderate,3,3,Low Risk
IBD024440,"Army vs Youths, Delta",2022-06-28,2022-06-28,1,2024,1,Delta,South South,0,0,Safe,84,High,5,5,Moderate Risk
IBD024489,"Soldiers vs Youths, Anambra",2022-06-28,2022-06-29,40,2024,1,Anambra,South East,0,5,Caution,65,Moderate,3,8,High Risk
IBD024898,"Communal Clash, Cross River",2022-06-27,2022-06-27,4,2024,1,Cross River,South South,0,3,Safe,91,High,5,8,High Risk
IBD024536,"Security Operatives vs Man, Anambra",2022-06-27,2022-06-27,1,2024,1,Anambra,South East,0,0,Safe,52,Moderate,3,3,Low Risk
IBD024455,"Auto Crash, Delta",2022-06-27,2022-06-27,2,2024,1,Delta,South South,0,0,Safe,97,High,5,5,Moderate Risk
IBD024436,"Auto Crash/ Inferno, Kogi",2022-06-27,2022-06-27,3,2024,1,Kogi,North Central,0,3,Safe,14,Low,1,4,Moderate Risk
IBD024460,"Fulani Militias vs Church Members, Taraba",2022-06-27,2022-06-27,30,2024,1,Taraba,North East,0,5,Caution,14,Low,1,6,Moderate Risk
IBD024416,"Auto Crash, Jigawa",2022-06-27,2022-06-27,6,2024,1,Jigawa,North West,0,3,Safe,18,Low,1,4,Moderate Risk
IBD024446,"Medical Negligence, Akwa Ibom",2022-06-27,2022-06-27,1,2024,1,Akwa Ibom,South South,0,0,Safe,88,High,5,5,Moderate Risk
IBD024431,"Herdsmen vs Conductor, Lagos",2022-06-27,2022-06-27,1,2024,1,Lagos,South West,1,5,Caution,93,High,5,11,High Risk
IBD024438,"Auto Crash, Jigawa",2022-06-27,2022-06-27,6,2024,1,Jigawa,North West,0,3,Safe,18,Low,1,4,Moderate Risk
IBD024435,"Gunmen Attack, Ebonyi",2022-06-27,2022-06-27,8,2024,1,Ebonyi,South East,2,8,Avoid Route,10,Low,1,11,High Risk
IBD024531,"Amotekun vs Student, Ondo",2022-06-27,2022-06-27,1,2024,1,Ondo,South West,0,0,Safe,57,Moderate,3,3,Low Risk
IBD024457,"Vigilantes vs Bandits, Niger",2022-06-27,2022-06-27,5,2024,1,Niger,North Central,1,8,Avoid Route,49,Low,1,10,High Risk
IBD024437,"Police vs Kidnappers, Edo",2022-06-27,2022-06-27,1,2024,1,Edo,South South,1,5,Caution,65,Moderate,3,9,High Risk
IBD024421,"Banditry, Kaduna",2022-06-27,2022-06-28,2,2024,1,Kaduna,North West,1,5,Caution,44,Low,1,7,Moderate Risk
IBD024443,"Man Dies, Lagos",2022-06-27,2022-06-27,1,2024,1,Lagos,South West,0,0,Safe,89,High,5,5,Moderate Risk
IBD024441,"Gunmen vs Woman, Enugu",2022-06-27,2022-06-27,2,2024,1,Enugu,South East,1,5,Caution,67,Moderate,3,9,High Risk
IBD024420,"Kidnappers vs Catholic Priest, Edo",2022-06-26,2022-06-26,3,2024,1,Edo,South South,1,8,Avoid Route,77,Moderate,3,12,Extreme Danger
IBD024509,"Inferno, Lagos",2022-06-26,2022-06-26,4,2024,1,Lagos,South West,0,3,Safe,98,High,5,8,High Risk
IBD024417,"Hunters vs Kidnappers, Kogi",2022-06-26,2022-06-26,2,2024,1,Kogi,North Central,1,5,Caution,38,Low,1,7,Moderate Risk
IBD024422,"Police vs Armed Robbers, Delta",2022-06-26,2022-06-26,3,2024,1,Delta,South South,0,3,Safe,86,High,5,8,High Risk
IBD024423,"Police vs Armed Robbers, Edo",2022-06-26,2022-06-26,2,2024,1,Edo,South South,0,0,Safe,66,Moderate,3,3,Low Risk
IBD024433,"Police vs Man, Benue",2022-06-26,2022-06-26,1,2024,1,Benue,North Central,0,0,Safe,12,Low,1,1,Low Risk
IBD024426,"Police vs Robber, Plateau",2022-06-25,2022-06-25,1,2024,1,Plateau,North Central,0,0,Safe,15,Low,1,1,Low Risk
IBD024429,"Gang Clash, Lagos",2022-06-25,2022-06-25,1,2024,1,Lagos,South West,0,0,Safe,91,High,5,5,Moderate Risk
IBD024428,"Banditry, Zamfara",2022-06-25,2022-06-25,1,2024,1,Zamfara,North West,1,5,Caution,13,Low,1,7,Moderate Risk
IBD024411,"Terrorists vs Catholic Priest, Kaduna",2022-06-25,2022-06-25,1,2024,1,Kaduna,North West,1,5,Caution,42,Low,1,7,Moderate Risk
IBD024464,"Banditry, Plateau",2022-06-25,2022-06-26,8,2024,1,Plateau,North Central,1,8,Avoid Route,15,Low,1,10,High Risk
IBD024414,"Man vs Neighbour, Anambra",2022-06-25,2022-06-25,1,2024,1,Anambra,South East,0,0,Safe,57,Moderate,3,3,Low Risk
IBD024409,"Banditry, Niger",2022-06-25,2022-06-25,3,2024,1,Niger,North Central,1,8,Avoid Route,26,Low,1,10,High Risk
IBD024650,"Flooding, Yobe",2022-06-25,2022-07-01,17,2024,1,Yobe,North East,0,5,Caution,28,Low,1,6,Moderate Risk
IBD024406,"Bandits vs Farmers, Sokoto",2022-06-25,2022-06-25,11,2024,1,Sokoto,North West,1,10,Avoid Route,44,Low,1,12,Extreme Danger
IBD024413,"Auto Crash, Ogun",2022-06-25,2022-06-25,5,2024,1,Ogun,South West,0,3,Safe,50,Moderate,3,6,Moderate Risk
IBD024425,"Auto Crash, Lagos",2022-06-25,2022-06-25,1,2024,1,Lagos,South West,0,0,Safe,92,High,5,5,Moderate Risk
IBD027403,"Assailants vs Naval Rating, Lagos",2022-06-24,2022-06-24,1,2024,1,Lagos,South West,0,0,Safe,99,High,5,5,Moderate Risk
IBD024405,"Bandits vs Vigilantes, Niger",2022-06-24,2022-06-24,4,2024,1,Niger,North Central,1,8,Avoid Route,16,Low,1,10,High Risk
IBD024401,"Gunmen vs Police, Kogi",2022-06-24,2022-06-24,1,2024,1,Kogi,North Central,1,5,Caution,18,Low,1,7,Moderate Risk
IBD024427,"Auto Crashes, FCT (Abuja)",2022-06-24,2022-06-24,1,2024,1,FCT,North Central,0,0,Safe,44,Low,1,1,Low Risk
IBD024412,"Domestic Violence, Edo",2022-06-24,2022-06-24,1,2024,1,Edo,South South,0,0,Safe,78,Moderate,3,3,Low Risk
IBD024419,"Army vs Bandits, Benue",2022-06-24,2022-06-24,3,2024,1,Benue,North Central,1,8,Avoid Route,21,Low,1,10,High Risk
IBD024636,"Man vs Friend, Nasarawa",2022-06-24,2022-06-24,1,2024,1,Nasarawa,North Central,0,0,Safe,47,Low,1,1,Low Risk
IBD024390,"Mob vs Motorcycle Thieves, Oyo",2022-06-23,2022-06-23,3,2024,1,Oyo,South West,0,3,Safe,19,Low,1,4,Moderate Risk
IBD024470,"Police vs Kidnapper, Gombe",2022-06-23,2022-06-23,1,2024,1,Gombe,North East,1,5,Caution,28,Low,1,7,Moderate Risk
IBD024404,"Mob vs Kidnappers, Anambra",2022-06-23,2022-06-23,1,2024,1,Anambra,South East,1,5,Caution,57,Moderate,3,9,High Risk
IBD024396,"Banditry, FCT (Abuja)",2022-06-23,2022-06-23,1,2024,1,FCT,North Central,1,5,Caution,43,Low,1,7,Moderate Risk
IBD024391,"Kidnappers vs Lawyer, Imo",2022-06-23,2022-06-23,1,2024,1,Imo,South East,1,5,Caution,57,Moderate,3,9,High Risk
IBD024403,"Gunmen vs 3 Friends, Benue",2022-06-23,2022-06-23,3,2024,1,Benue,North Central,1,8,Avoid Route,38,Low,1,10,High Risk
IBD024491,"Boko Haram Attack, Borno",2022-06-23,2022-06-23,9,2024,1,Borno,North East,1,8,Avoid Route,46,Low,1,10,High Risk
IBD024389,"Auto Crash, Lagos",2022-06-23,2022-06-23,1,2024,1,Lagos,South West,0,0,Safe,100,High,5,5,Moderate Risk
IBD024393,"Police vs Terrorist, Kaduna",2022-06-23,2022-06-23,1,2024,1,Kaduna,North West,1,5,Caution,38,Low,1,7,Moderate Risk
IBD024388,"Gunmen vs Monarch, Bayelsa",2022-06-23,2022-06-23,2,2024,1,Bayelsa,South South,1,5,Caution,98,High,5,11,High Risk
IBD024402,"Herdsmen vs Policemen, Benue",2022-06-23,2022-06-23,2,2024,1,Benue,North Central,1,5,Caution,14,Low,1,7,Moderate Risk
IBD024386,"Police vs Robbers, Delta",2022-06-22,2022-06-22,1,2024,1,Delta,South South,0,0,Safe,81,High,5,5,Moderate Risk
IBD024380,"Boat Mishap, Bayelsa",2022-06-22,2022-06-22,8,2024,1,Bayelsa,South South,0,3,Safe,99,High,5,8,High Risk
IBD024408,"Herdsmen Attack, FCT (Abuja)",2022-06-22,2022-06-22,2,2024,1,FCT,North Central,2,5,Caution,21,Low,1,8,High Risk
IBD024392,"Gunmen vs Polytechnic Officer, Zamfara",2022-06-22,2022-06-22,1,2024,1,Zamfara,North West,1,5,Caution,13,Low,1,7,Moderate Risk
IBD024399,"One Dead, Kano",2022-06-22,2022-06-22,1,2024,1,Kano,North West,0,0,Safe,29,Low,1,1,Low Risk
IBD024548,"Man vs Sex Worker, Ondo",2022-06-22,2022-06-22,1,2024,1,Ondo,South West,0,0,Safe,58,Moderate,3,3,Low Risk
IBD024447,"Auto Crash, Abia",2022-06-22,2022-06-22,3,2024,1,Abia,South East,0,3,Safe,59,Moderate,3,6,Moderate Risk
IBD024505,"Army vs Indigenes, Bayelsa",2022-06-22,2022-06-29,3,2024,1,Bayelsa,South South,0,3,Safe,92,High,5,8,High Risk
IBD024400,"Peacemakers, Kwara",2022-06-22,2022-06-22,1,2024,1,Kwara,North Central,0,0,Safe,37,Low,1,1,Low Risk
IBD029293,"Man vs Wife's Lover, Ekiti",2022-06-21,2022-06-21,1,2024,1,Ekiti,South West,0,0,Safe,14,Low,1,1,Low Risk
IBD024397,"Troops vs Terrorist, Zamfara",2022-06-21,2022-06-21,42,2024,1,Zamfara,North West,1,10,Avoid Route,31,Low,1,12,Extreme Danger
IBD024398,"Troops vs Terrorist, Katsina",2022-06-21,2022-06-21,2,2024,1,Katsina,North West,1,5,Caution,49,Low,1,7,Moderate Risk
IBD024381,"Ex-lawmaker, Anambra",2022-06-21,2022-06-21,1,2024,1,Anambra,South East,0,0,Safe,74,Moderate,3,3,Low Risk
IBD024382,"Man vs Friend, Adamawa",2022-06-21,2022-06-21,1,2024,1,Adamawa,North East,0,0,Safe,48,Low,1,1,Low Risk
IBD024418,"Banditry, Bauchi",2022-06-21,2022-06-21,1,2024,1,Bauchi,North East,1,5,Caution,24,Low,1,7,Moderate Risk
IBD024378,"Auto Crash, Ogun",2022-06-21,2022-06-21,1,2024,1,Ogun,South West,0,0,Safe,78,Moderate,3,3,Low Risk
IBD024376,"Herdsmen Attack, Benue",2022-06-21,2022-06-21,10,2024,1,Benue,North Central,2,10,Avoid Route,21,Low,1,13,Extreme Danger
IBD024371,"Flooding, Ondo",2022-06-21,2022-06-21,1,2024,1,Ondo,South West,0,0,Safe,79,Moderate,3,3,Low Risk
IBD024383,"Police vs Bandits, Katsina",2022-06-21,2022-06-21,2,2024,1,Katsina,North West,1,5,Caution,48,Low,1,7,Moderate Risk
IBD024384,"Gunmen Attack, Delta",2022-06-21,2022-06-21,3,2024,1,Delta,South South,2,8,Avoid Route,86,High,5,15,Extreme Danger
IBD024375,"Inferno, Rivers",2022-06-20,2022-06-20,7,2024,1,Rivers,South South,0,3,Safe,91,High,5,8,High Risk
IBD024373,"Auto Crash, Bayelsa",2022-06-20,2022-06-20,3,2024,1,Bayelsa,South South,0,3,Safe,94,High,5,8,High Risk
IBD024476,"3 Die In Church, Osun",2022-06-20,2022-06-20,3,2024,1,Osun,South West,0,3,Safe,22,Low,1,4,Moderate Risk
IBD024364,"Ritual Killing, FCT (Abuja)",2022-06-20,2022-06-20,1,2024,1,FCT,North Central,0,0,Safe,19,Low,1,1,Low Risk
IBD024326,"Kidnap Suspect, Edo",2022-06-20,2022-06-20,1,2024,1,Edo,South South,1,5,Caution,75,Moderate,3,9,High Risk
IBD024498,"Ritual Killing, Ebonyi",2022-06-20,2022-06-20,1,2024,1,Ebonyi,South East,0,0,Safe,20,Low,1,1,Low Risk
IBD024358,"Gunmen Attack, Kaduna",2022-06-19,2022-06-19,3,2024,1,Kaduna,North West,2,8,Avoid Route,14,Low,1,11,High Risk
IBD024356,"Ex-Prison Inmate vs Pregnant Woman, Imo",2022-06-19,2022-06-19,1,2024,1,Imo,South East,0,0,Safe,79,Moderate,3,3,Low Risk
IBD024368,"Gunmen vs Herder, FCT, (Abuja)",2022-06-19,2022-06-19,1,2024,1,FCT,North Central,1,5,Caution,27,Low,1,7,Moderate Risk
IBD024361,"Army vs Fuel Attendant, Niger",2022-06-19,2022-06-19,1,2024,1,Niger,North Central,0,0,Safe,46,Low,1,1,Low Risk
IBD024374,"Banditry, Sokoto",2022-06-19,2022-06-19,5,2024,1,Sokoto,North West,1,8,Avoid Route,23,Low,1,10,High Risk
IBD024367,"Herdsmen Attack, Delta",2022-06-19,2022-06-19,3,2024,1,Delta,South South,2,8,Avoid Route,85,High,5,15,Extreme Danger
IBD024372,"Man vs Bus Driver, Lagos",2022-06-19,2022-06-19,1,2024,1,Lagos,South West,0,0,Safe,100,High,5,5,Moderate Risk
IBD024797,"Man vs Creditor, Oyo",2022-06-19,2022-06-19,1,2024,1,Oyo,South West,0,0,Safe,24,Low,1,1,Low Risk
IBD024370,"Police vs Bandits, Zamfara",2022-06-19,2022-06-19,1,2024,1,Zamfara,North West,1,5,Caution,38,Low,1,7,Moderate Risk
IBD024360,"Auto Crash, Oyo",2022-06-19,2022-06-19,1,2024,1,Oyo,South West,0,0,Safe,39,Low,1,1,Low Risk
IBD024354,"Auto Crash, Niger",2022-06-18,2022-06-18,18,2024,1,Niger,North Central,0,5,Caution,15,Low,1,6,Moderate Risk
IBD024357,"Boat Mishap, Bayelsa",2022-06-18,2022-06-18,7,2024,1,Bayelsa,South South,0,3,Safe,100,High,5,8,High Risk
IBD024385,"Fulani Herdsmen and Youths, Abia",2022-06-18,2022-06-18,3,2024,1,Abia,South East,1,8,Avoid Route,69,Moderate,3,12,Extreme Danger
IBD024352,"Mob vs Phone Thief, Bayelsa",2022-06-18,2022-06-18,1,2024,1,Bayelsa,South South,0,0,Safe,97,High,5,5,Moderate Risk
IBD024344,"Herdsmen Attack, Benue",2022-06-17,2022-06-17,2,2024,1,Benue,North Central,2,5,Caution,24,Low,1,8,High Risk
